CASE_ID,ACCIDENT_YEAR,PROC_DATE,JURIS,COLLISION_DATE,COLLISION_TIME,OFFICER_ID,REPORTING_DISTRICT,DAY_OF_WEEK,CHP_SHIFT,POPULATION,CNTY_CITY_LOC,SPECIAL_COND,BEAT_TYPE,CHP_BEAT_TYPE,CITY_DIVISION_LAPD,CHP_BEAT_CLASS,BEAT_NUMBER,PRIMARY_RD,SECONDARY_RD,DISTANCE,DIRECTION,INTERSECTION,WEATHER_1,WEATHER_2,STATE_HWY_IND,CALTRANS_COUNTY,CALTRANS_DISTRICT,STATE_ROUTE,ROUTE_SUFFIX,POSTMILE_PREFIX,POSTMILE,LOCATION_TYPE,RAMP_INTERSECTION,SIDE_OF_HWY,TOW_AWAY,COLLISION_SEVERITY,NUMBER_KILLED,NUMBER_INJURED,PARTY_COUNT,PRIMARY_COLL_FACTOR,PCF_CODE_OF_VIOL,PCF_VIOL_CATEGORY,PCF_VIOLATION,PCF_VIOL_SUBSECTION,HIT_AND_RUN,TYPE_OF_COLLISION,MVIW,PED_ACTION,ROAD_SURFACE,ROAD_COND_1,ROAD_COND_2,LIGHTING,CONTROL_DEVICE,CHP_ROAD_TYPE,PEDESTRIAN_ACCIDENT,BICYCLE_ACCIDENT,MOTORCYCLE_ACCIDENT,TRUCK_ACCIDENT,NOT_PRIVATE_PROPERTY,ALCOHOL_INVOLVED,STWD_VEHTYPE_AT_FAULT,CHP_VEHTYPE_AT_FAULT,COUNT_SEVERE_INJ,COUNT_VISIBLE_INJ,COUNT_COMPLAINT_PAIN,COUNT_PED_KILLED,COUNT_PED_INJURED,COUNT_BICYCLIST_KILLED,COUNT_BICYCLIST_INJURED,COUNT_MC_KILLED,COUNT_MC_INJURED,PRIMARY_RAMP,SECONDARY_RAMP,LATITUDE,LONGITUDE,COUNTY,CITY,POINT_X,POINT_Y
91518404,2021,2021-07-12,9340,2021-02-28,1603,022500,,7,2,9,4300,0,3,5,,2,010,"SAN ANTONIO VALLEY ROAD","SANTA CLARA COUNTY MILE MARKER 17",2191.00,E,N,A,-,Y,,,,,,,,,,Y,1,1,0,1,A,-,03,22350,,N,E,I,A,A,H,-,A,A,0,,,Y,,Y,,C,02,0,0,0,0,0,0,0,1,0,"- ","- ",37.368831634521484,-121.48496246337891,"SANTA CLARA",UNINCORPORATED,-121.87194061279297,37.340591430664062
91519367,2021,2021-07-13,9340,2021-07-03,0040,022601,,6,3,7,4313,0,1,1,,2,089,"I-880 S/B","OLD BAYSHORE HIGHWAY",960.00,S,N,A,-,Y,,,880,,,,,,S,Y,2,0,1,1,A,-,01,23152,A,N,E,8,A,A,H,-,C,D,0,,,,,Y,Y,A,01,1,0,0,0,0,0,0,0,0,"- ","- ",37.364448547363281,-121.90177154541016,"SANTA CLARA","SAN JOSE",-121.90177917480469,37.364456176757812
91526744,2021,2021-08-02,9725,2021-07-18,1325,020276,,7,1,9,4300,0,2,4,,1,018,"FERGUSON RD","CREWS RD",0.00,,Y,A,-,N,,,,,,,,,,N,2,0,1,2,A,-,09,21801,A,N,D,C,A,A,H,-,A,D,0,,,,,Y,,A,01,1,0,0,0,0,0,0,0,0,"- ","- ",37.018928527832031,-121.52143096923828,"SANTA CLARA",UNINCORPORATED,-121.52127075195312,37.018772125244141
91540000,2021,2021-08-09,9340,2021-07-25,0355,022398,,7,3,5,4308,0,1,1,,2,681,"I-680 S/B","MONTAGUE EXPY",400.00,N,N,A,-,Y,,,680,,,,,,S,Y,2,0,2,1,A,-,01,23152,A,N,E,I,A,A,H,-,D,D,0,,,,,Y,Y,A,01,2,0,0,0,0,0,0,0,0,"- ","- ",37.415538787841797,-121.88117980957031,"SANTA CLARA",MILPITAS,-121.88092041015625,37.415615081787109
91553207,2021,2021-08-24,9340,2021-08-13,2347,022684,,5,3,7,4313,0,1,1,,2,681,"680 N/B","JACKSON AVE",1024.00,S,N,A,-,Y,,,,,,,,,,Y,2,0,1,1,A,-,01,23152,A,N,E,I,A,A,H,-,D,D,0,,,,,Y,Y,A,07,1,0,0,0,0,0,0,0,0,"- ","- ",37.349468231201172,-121.83866882324219,"SANTA CLARA","SAN JOSE",,
91571311,2021,2021-09-15,9340,2021-07-22,1550,022332,,4,2,9,4300,0,1,3,,2,009,SR-9,"REDWOOD GULCH ROAD",1900.00,S,N,A,-,Y,,,,,,,,,,N,2,0,2,3,C,-,18,,,N,G,1,E,A,G,-,A,D,0,Y,,Y,,Y,,-,"- ",2,0,0,0,1,0,0,0,1,"- ","- ",37.259410858154297,-121.09976959228516,"SANTA CLARA",UNINCORPORATED,-122.09384918212891,37.257949829101562
91574909,2021,2021-09-20,9725,2021-09-08,1905,022112,,3,2,9,4300,0,1,2,,2,011,"US-101 N/B","6TH ST",800.00,N,N,A,-,Y,,,,,,,,,,Y,2,0,1,1,A,-,01,23152,A,N,E,I,A,A,H,-,A,D,0,,,,,Y,Y,A,07,1,0,0,0,0,0,0,0,0,"- ","- ",37.010871887207031,-121.56027221679688,"SANTA CLARA",UNINCORPORATED,-121.5601806640625,37.010810852050781
91586113,2021,2021-10-01,9340,2021-05-30,0540,022407,,7,3,7,4313,0,1,3,,2,087,"STATE ROUTE 87 NORTHBOUND","SKYPORT DRIVE",1160.00,N,N,B,-,Y,,,,,,,,,,Y,1,1,1,1,A,-,01,23152,A,N,E,8,A,A,H,-,B,D,0,,,,,Y,Y,A,01,1,0,0,0,0,0,0,0,0,"- ","- ",37.361759185791016,-121.90390014648438,"SANTA CLARA","SAN JOSE",-121.92162322998047,37.366847991943359
91599648,2021,2021-10-18,9340,2021-01-10,2200,022247,,7,3,5,4308,0,1,1,,2,681,"INTERSTATE 680 NORTHBOUND","CALAVERAS BLVD",413.00,N,N,A,-,Y,,,680,,,,,,N,Y,1,1,0,1,A,-,01,23152,A,N,E,I,A,A,H,-,C,D,0,,,,,Y,Y,A,01,0,0,0,0,0,0,0,0,0,"- ","- ",37.436298370361328,-121.88860321044922,"SANTA CLARA",MILPITAS,-121.88890838623047,37.436237335205078
9160677,2020,2021-01-06,4313,2020-10-21,1325,4641,LINCO,3,5,7,4313,0,0,0,,0,0L1,"KEYES ST","S 5TH ST",0.00,,Y,A,-,N,,,,,,,,,,N,2,0,2,2,A,-,09,21801,A,N,D,C,A,A,H,-,A,A,0,,,,,Y,,A,07,1,0,1,0,0,0,0,0,0,"- ","- ",37.191818237304688,-121.52263641357422,"SANTA CLARA","SAN JOSE",-121.87406158447266,37.321708679199219
91625963,2021,2021-11-16,9330,2021-11-04,1125,020379,,4,1,5,4311,0,1,2,,2,078,"US-101 N/B","RENGSTORFF AVENUE",20.00,S,N,A,-,Y,,,101,,,,,,N,Y,2,0,3,4,A,-,03,22350,,N,C,C,A,A,H,-,A,D,0,,,,,Y,,A,01,1,2,0,0,0,0,0,0,0,"- ","- ",37.420818328857422,-122.09207916259766,"SANTA CLARA","MOUNTAIN VIEW",-122.09205627441406,37.420852661132812
9164291,2020,2020-11-10,4313,2020-09-25,1806,4461,CENTR,5,5,7,4313,0,0,0,,0,0R1,"N 1ST ST","TRINITY PARKS DR",58.00,S,N,A,-,N,,,,,,,,,,Y,2,0,2,2,A,-,03,22350,,N,D,C,A,A,H,-,A,-,0,,,Y,,Y,,C,02,2,0,0,0,0,0,0,0,2,"- ","- ",,,"SANTA CLARA","SAN JOSE",-121.96958160400391,37.424381256103516
9164415,2020,2021-01-19,4313,2020-09-23,2024,4830,WESTE,3,5,7,4313,0,0,0,,0,0L5,"E CAPITOL EXPWY","SENTER RD",0.00,,Y,A,-,N,,,,,,,,,,Y,2,0,1,2,A,-,03,22350,,N,C,D,A,A,H,-,D,A,0,,,,,Y,,-,,1,0,0,0,0,0,0,0,0,"- ","- ",37.173629760742188,-121.49594116210938,"SANTA CLARA","SAN JOSE",-121.83335876464844,37.293460845947266
91651064,2021,2021-12-14,9340,2021-10-15,0017,022713,,5,3,7,4313,0,1,2,,2,110,"US101 N/B","TULLY RD",2700.00,S,N,A,-,Y,,,101,,,,,,N,N,2,0,5,2,A,-,01,23152,A,N,B,C,A,A,H,-,C,D,0,,,,,Y,Y,D,22,1,4,0,0,0,0,0,0,0,"- ","- ",37.312320709228516,-121.82552337646484,"SANTA CLARA","SAN JOSE",-121.82547760009766,37.312362670898438
91669178,2021,2022-01-04,9340,2021-12-28,0411,022598,,2,3,7,4313,0,1,1,,2,281,"I-280 N/B","MCLAUGHLIN AVE",1142.00,N,N,B,-,Y,,,280,,,,,,N,Y,2,0,1,2,A,-,08,22107,,N,B,C,A,A,H,-,D,D,0,,,,,Y,,A,01,1,0,0,0,0,0,0,0,0,"- ","- ",37.338359832763672,-121.85430145263672,"SANTA CLARA","SAN JOSE",-121.85431671142578,37.338394165039062
91671526,2021,2022-01-05,9340,2021-09-12,1648,022541,,7,2,7,4313,0,1,2,,2,110,"US-101 S/B","STORY RD",183.00,N,N,A,-,Y,,,,,,,,,,Y,1,1,0,1,A,-,08,22107,,N,E,I,A,A,H,-,A,D,0,,,,,Y,,A,01,0,0,0,0,0,0,0,0,0,"- ","- ",37.335651397705078,-121.84999084472656,"SANTA CLARA","SAN JOSE",-121.84891510009766,37.336235046386719
91685906,2021,2022-01-26,9340,2021-03-21,2000,022602,,7,2,7,4313,0,1,3,,2,083,"SR-85 S/B","BLOSSOM HILL RD",484.00,S,N,A,-,Y,,,85,,,,,,S,Y,1,1,2,2,A,-,01,23152,A,N,B,C,A,A,H,-,C,D,0,,,Y,,Y,Y,A,01,2,0,0,0,0,0,0,1,0,"- ","- ",37.254199981689453,-121.84449768066406,"SANTA CLARA","SAN JOSE",-121.844482421875,37.254245758056641
91686587,2021,2022-01-27,9725,2021-06-19,0740,021665,,6,1,9,4300,0,3,5,,2,003,"HALE AVENUE","BLOSSOM COURT",16.00,N,N,A,-,N,,,,,,,,,,Y,1,1,0,2,A,-,08,22107,,N,C,G,A,A,H,-,A,D,0,,Y,,,Y,,A,01,0,0,0,0,0,1,0,0,0,"- ","- ",37.158069610595703,-121.69361114501953,"SANTA CLARA",UNINCORPORATED,-121.69328308105469,37.157875061035156
91696132,2022,2022-02-08,9340,2022-01-31,0842,018680,,1,1,7,4313,0,1,1,,2,282,"I-280 N/B","WINCHESTER BLVD",500.00,N,N,B,-,Y,SCL,,280,,,4.687,H,,R,Y,2,0,4,2,A,-,07,21658,A,N,B,C,A,A,D,-,A,D,0,,,,,Y,,A,07,1,3,0,0,0,0,0,0,0,"- ","- ",37.316818237304688,-121.95240783691406,"SANTA CLARA","SAN JOSE",-121.95241546630859,37.316890716552734
9169743,2020,2021-02-25,4313,2020-10-09,1800,4681,FRANK,5,5,7,4313,0,0,0,,0,0F2,"SOUTH WINCHESTER BL","OLIN AV",0.00,,Y,A,-,N,,,,,,,,,,Y,2,0,1,5,A,-,03,22350,,F,B,B,F,A,H,-,A,A,0,Y,,,,Y,,-,,1,0,0,0,1,0,0,0,0,"- ","- ",37.191390991210938,-121.57041168212891,"SANTA CLARA","SAN JOSE",-121.95025634765625,37.320480346679688
9169746,2020,2020-11-30,4313,2020-10-17,2201,4528,,6,5,7,4313,0,0,0,,0,0C2,"TULLY RD","LANAI AV",150.00,W,N,A,-,N,,,,,,,,,,N,2,0,1,2,A,-,05,21650,,N,A,G,A,A,H,-,C,A,0,,Y,,,Y,Y,L,04,1,0,0,0,0,0,1,0,0,"- ","- ",37.191310882568359,-121.49439239501953,"SANTA CLARA","SAN JOSE",-121.82936096191406,37.320095062255859
91714119,2022,2022-03-03,9340,2022-02-19,1615,022681,,6,2,9,4300,0,1,3,,2,131,"SR-130 E/B","PEDRO VIEW RD",350.00,W,N,A,-,Y,SCL,,130,,,4.903,H,,R,Y,2,0,1,2,A,-,05,21460,A,N,A,C,A,A,H,-,A,D,0,,,Y,,Y,,C,02,1,0,0,0,0,0,0,0,1,"- ","- ",37.37432861328125,-121.79862213134766,"SANTA CLARA",UNINCORPORATED,-121.79861450195312,37.374332427978516
91714811,2022,2022-03-04,9330,2022-02-18,0905,021927,,5,1,5,4311,0,1,3,,2,076,"SR-85 N/B TO SR-237 E/B",SR-237,482.00,S,N,A,-,Y,SCL,,85,,R,22.065,H,,R,Y,2,0,1,1,A,-,03,22350,,N,E,I,A,A,H,-,A,D,0,,,,,Y,,A,01,1,0,0,0,0,0,0,0,0,"- ","- ",37.382831573486328,-122.06780242919922,"SANTA CLARA","MOUNTAIN VIEW",-122.06805419921875,37.3828125
91733923,2022,2022-03-25,9330,2022-02-27,1630,022306,,7,2,9,4300,0,1,3,,2,072,SR-35,"PAGE MILL ROAD",3168.00,S,N,A,-,Y,SM,,35,,,2.586,H,,R,N,2,0,1,1,A,-,03,22350,,N,F,A,A,A,H,-,A,D,0,,,Y,,Y,,C,02,1,0,0,0,0,0,0,0,1,"- ","- ",37.312999725341797,-122.17694854736328,"SANTA CLARA",UNINCORPORATED,-122.17695617675781,37.312946319580078
91734453,2021,2022-03-28,9330,2021-11-12,0048,021648,,5,3,5,4311,0,1,2,,2,078,"US-101 S/B","SHORELINE BOULEVARD",1108.00,N,N,A,-,Y,,,101,,,,,,S,Y,2,0,1,1,A,-,08,22107,,N,E,8,A,A,H,-,D,D,0,,,,,Y,Y,A,01,1,0,0,0,0,0,0,0,0,"- ","- ",37.413169860839844,-122.08164215087891,"SANTA CLARA","MOUNTAIN VIEW",-122.08157348632812,37.413307189941406
9174824,2020,2021-01-20,4313,2020-10-24,1054,4700,DISTR,6,5,7,4313,0,0,0,,0,0A5,"ECHO VALLEY DR","LIGHT POLE #22N37",119.00,W,N,A,-,N,,,,,,,,,,N,2,0,1,2,D,-,00,,,N,B,G,A,A,H,-,A,D,0,,Y,,,Y,,-,"- ",1,0,0,0,0,0,1,0,0,"- ","- ",,,"SANTA CLARA","SAN JOSE",,
91770119,2022,2022-05-11,9340,2022-05-10,1655,020324,,2,2,7,4313,0,1,1,,2,282,"I-280 S/B","WINCHESTER BLVD.",173.00,N,N,A,-,Y,SCL,,280,,,4.630,H,,L,Y,2,0,1,3,A,-,01,23153,A,N,C,C,A,A,H,-,A,D,0,,,Y,,Y,Y,D,22,1,0,0,0,0,0,0,0,1,"- ","- ",37.316810607910156,-121.95130157470703,"SANTA CLARA","SAN JOSE",-121.95130157470703,37.316719055175781
91798172,2022,2022-06-20,9330,2022-06-08,1829,022774,,3,2,5,4312,0,1,2,,2,078,"US-101 S/B","SAN ANTONIO ROAD",2112.00,N,N,A,-,Y,SCL,,101,,,50.745,H,,L,Y,2,0,1,2,A,-,07,21658,A,N,C,C,A,A,H,-,A,D,0,,,Y,,Y,,A,07,1,0,0,0,0,0,0,0,1,"- ","- ",37.433021545410156,-122.10642242431641,"SANTA CLARA","PALO ALTO",-122.10646820068359,37.432991027832031
91813726,2022,2022-07-11,9340,2022-06-25,2055,022758,,6,2,7,4313,0,1,1,,2,281,"I-280 S/B FROM BIRD AVENUE","BIRD AVE",1346.00,S,N,A,-,Y,SCL,,87,,,5.029,H,,R,N,2,0,1,2,A,-,11,21954,A,N,G,B,E,A,H,-,D,D,0,Y,,,,Y,,N,60,1,0,0,0,1,0,0,0,0,"- ","- ",37.322288513183594,-121.89086151123047,"SANTA CLARA","SAN JOSE",-121.89102172851562,37.322235107421875
91814984,2022,2022-07-12,9340,2022-06-26,1930,022681,,7,2,7,4313,0,1,2,,2,110,"US-101 N/B","ALUM ROCK AVE",1000.00,S,N,A,-,Y,SCL,,101,,R,35.587,H,,R,Y,2,0,1,2,A,-,08,22107,,N,B,C,A,A,H,-,A,D,0,,,,,Y,,A,01,1,0,0,0,0,0,0,0,0,"- ","- ",37.34796142578125,-121.85971069335938,"SANTA CLARA","SAN JOSE",-121.85977172851562,37.347923278808594
91816966,2022,2022-07-14,9340,2022-06-30,0136,022697,,4,3,7,4313,0,1,2,,2,110,"US-101 S/B","TULLY RD",1750.00,N,N,A,-,Y,SCL,,101,,,33.380,H,,L,Y,2,0,3,3,A,-,03,22350,,N,A,C,A,A,H,-,C,D,0,,,,,Y,,A,01,1,0,2,0,0,0,0,0,0,"- ","- ",37.322349548339844,-121.83548736572266,"SANTA CLARA","SAN JOSE",-121.83551025390625,37.322338104248047
91817419,2022,2022-07-18,9340,2022-07-03,1935,022666,,7,2,7,4313,0,1,3,,2,083,"SR-85 S/B","UNION AVE",899.00,S,N,A,-,Y,SCL,,85,,,9.096,H,,L,N,2,0,2,2,A,-,08,22107,,N,C,C,A,A,H,-,A,D,0,,,Y,,Y,,C,02,1,1,0,0,0,0,0,0,2,"- ","- ",37.250408172607422,-121.92810821533203,"SANTA CLARA","SAN JOSE",-121.92810821533203,37.25042724609375
91817878,2022,2022-07-15,9340,2022-07-02,2112,021885,,6,2,7,4313,0,1,1,,2,282,"I-280 N/B","SARATOGA AVE",470.40,S,N,A,-,Y,,,,,,,,,,N,2,0,1,2,A,-,11,21954,A,N,G,B,E,A,H,-,E,D,0,Y,,,,Y,Y,N,60,1,0,0,0,1,0,0,0,0,"- ","- ",37.317001342773438,-121.97296905517578,"SANTA CLARA","SAN JOSE",-121.97303009033203,37.316722869873047
91827081,2022,2022-07-28,9340,2022-07-17,0705,022967,,7,1,6,4316,0,1,3,,2,220,"SR-237 E/B TO LAWRENCE EXPY N/B","LAWRENCE EXPY",198.00,E,N,A,-,Y,,,,,,,,,,Y,2,0,1,1,A,-,01,23152,A,N,E,I,A,A,H,-,A,D,0,,,,,Y,Y,A,01,1,0,0,0,0,0,0,0,0,"- ","- ",37.408451080322266,-121.99739837646484,"SANTA CLARA",SUNNYVALE,-121.99739837646484,37.408451080322266
91832921,2022,2022-08-04,9725,2022-07-27,2255,022882,,3,3,9,4300,0,1,2,,2,012,"US-101 N/B","TENNANT AVENUE",1584.00,N,N,A,-,Y,SCL,,101,,R,15.389,H,,R,Y,2,0,1,1,A,-,08,22107,,N,F,A,A,A,H,-,C,D,0,,,Y,,Y,,C,02,1,0,0,0,0,0,0,0,1,"- ","- ",37.123569488525391,-121.62856292724609,"SANTA CLARA",UNINCORPORATED,-121.62863922119141,37.123538970947266
91847756,2022,2022-08-24,9725,2022-08-12,0151,022882,,5,3,9,4300,0,1,2,,2,011,"US-101 S/B","BUENA VISTA AVENUE",2640.00,N,N,A,-,Y,SCL,,101,,R,9.694,H,,L,Y,2,0,1,2,A,-,03,22350,,F,C,C,A,A,H,-,D,D,0,,,,,Y,,A,01,1,0,0,0,0,0,0,0,0,"- ","- ",37.051441192626953,-121.58130645751953,"SANTA CLARA",UNINCORPORATED,-121.58131408691406,37.051441192626953
91857189,2022,2022-09-05,9340,2022-08-28,1400,022963,,7,2,9,4300,0,1,3,,2,009,SR-9,"PIERCE RD",300.00,W,N,A,-,Y,SCL,,9,,,5.663,H,,R,Y,2,0,2,3,A,-,05,21460,A,N,B,C,A,A,H,-,A,A,0,,,Y,,Y,,-,"- ",2,0,0,0,0,0,0,0,2,"- ","- ",37.252101898193359,-122.05921173095703,"SANTA CLARA",UNINCORPORATED,-122.05921936035156,37.252120971679688
9186415,2020,2020-12-07,4314,2020-09-28,1001,O0211,,1,5,6,4314,0,0,0,,0,005,"COLEMAN AV","BROKAW RD",440.00,S,N,A,-,N,,,,,,,,,,,2,0,1,2,A,-,09,21804,A,N,D,G,A,A,H,-,A,D,0,,Y,,,Y,,L,04,1,0,0,0,0,0,1,0,0,"- ","- ",37.358600616455078,-121.93299865722656,"SANTA CLARA","SANTA CLARA",-121.93473052978516,37.356868743896484
91877019,2022,2022-09-29,9340,2022-09-17,2340,022685,,6,3,7,4313,0,1,1,,2,681,"I-680 S/B","MCKEE ROAD",240.00,N,N,B,-,Y,SCL,,680,,M,2.432,H,,L,N,2,0,3,3,A,-,01,23153,A,N,D,C,A,A,H,-,D,D,0,,,,,Y,Y,A,01,1,2,0,0,0,0,0,0,0,"- ","- ",37.36859130859375,-121.84687042236328,"SANTA CLARA","SAN JOSE",-121.84693145751953,37.368553161621094
91886136,2022,2022-10-10,9340,2022-09-29,1240,022968,,4,1,7,4313,0,1,1,,2,089,"I-880 N/B","W. CALAVERAS BLVD",2112.00,N,N,A,-,Y,SCL,,880,,,8.817,H,,R,Y,2,0,2,2,A,-,08,22107,,N,C,C,A,A,H,-,A,D,0,,,,,Y,,A,01,1,1,0,0,0,0,0,0,0,"- ","- ",37.431179046630859,-121.91847229003906,"SANTA CLARA","SAN JOSE",-121.91844940185547,37.431182861328125
91895582,2022,2022-10-20,9725,2022-10-11,1305,019331,,2,1,9,4300,0,2,4,,1,020,"UVAS RD","WATSONVILLE RD",4752.00,N,N,A,-,N,,,,,,,,,,Y,2,0,2,2,A,-,05,21460,A,N,A,C,A,A,H,-,A,D,0,,,,,Y,,A,01,1,0,1,0,0,0,0,0,0,"- ","- ",37.05950927734375,-121.67433166503906,"SANTA CLARA",UNINCORPORATED,-121.66287994384766,37.059478759765625
91906361,2022,2022-11-01,9340,2022-10-20,1825,022969,,4,2,7,4313,0,1,1,,2,281,"MOORPARK AVE","LELAND AVE",315.00,W,N,A,-,N,,,,,,,,,,N,2,0,1,1,B,-,22,,,N,F,A,A,A,A,-,C,D,0,,,Y,,Y,,C,02,1,0,0,0,0,0,0,0,1,"- ","- ",37.316360473632812,-121.92796325683594,"SANTA CLARA","SAN JOSE",-121.92786407470703,37.316356658935547
91915228,2022,2022-11-10,9340,2022-10-29,2110,022681,,6,2,7,4313,0,1,3,,2,083,"SR-85 N/B","CAMDEN AVE",1000.00,S,N,A,-,Y,SCL,,85,,,7.931,H,,R,Y,2,0,2,1,A,-,01,23152,A,N,E,I,A,A,H,-,C,D,0,,,,,Y,Y,A,07,1,0,1,0,0,0,0,0,0,"- ","- ",37.250919342041016,-121.90712738037109,"SANTA CLARA","SAN JOSE",-121.90713500976562,37.250762939453125
91925155,2021,2022-12-12,9725,2021-09-17,0116,021660,,5,3,9,4300,0,3,5,,2,003,"SANTA TERESA BOULEVARD","HIGHLAND AVENUE",528.00,S,N,A,-,N,,,,,,,,,,Y,2,0,2,1,A,-,08,22107,,N,E,I,A,A,H,-,C,D,0,,,,,Y,,A,01,1,1,0,0,0,0,0,0,0,"- ","- ",37.068061828613281,-121.61543273925781,"SANTA CLARA",UNINCORPORATED,-121.61576843261719,37.068592071533203
91929207,2022,2022-11-29,9330,2022-10-22,0245,019432,,6,3,9,4300,0,1,1,,2,074,"I-280 NORTHBOUND","ALPINE ROAD",1056.00,S,N,A,-,Y,SCL,,280,,,20.441,H,,R,N,2,0,2,2,A,-,01,23152,A,F,B,C,A,A,H,-,D,D,0,,,,,Y,Y,A,01,1,1,0,0,0,0,0,0,0,"- ","- ",37.407928466796875,-122.19107055664062,"SANTA CLARA",UNINCORPORATED,-122.19103240966797,37.407978057861328
91936361,2022,2022-12-07,9340,2022-02-25,0015,022666,,5,3,7,4313,0,1,1,,2,281,"I-280 S/B","MCLAUGHLIN AVE",1000.00,N,N,A,-,Y,SCL,,280,,R,0.571,H,,L,N,1,1,0,2,A,-,11,21954,A,F,G,B,E,A,H,-,D,D,0,Y,,,,Y,Y,N,60,0,0,0,1,0,0,0,0,0,"- ","- ",37.334438323974609,-121.86016082763672,"SANTA CLARA","SAN JOSE",-121.86019897460938,37.334480285644531
9194626,2020,2021-01-25,4316,2020-10-28,1621,12972,12,3,5,6,4316,0,0,0,,0,001,"MATHILDA AV","AHAWANEE AV",0.00,,Y,A,-,N,,,,,,,,,,Y,2,0,1,2,A,-,12,21453,A,N,D,C,A,A,H,-,A,A,0,,,Y,,Y,,C,02,1,0,0,0,0,0,0,0,1,"- ","- ",37.395740509033203,-122.02838897705078,"SANTA CLARA",SUNNYVALE,-122.02864074707031,37.395771026611328
91956688,2022,2022-12-30,9340,2022-12-18,1807,022921,,7,2,5,4308,0,1,1,,2,681,"I-680 S/B","YOSEMITE DR",618.00,N,N,A,-,Y,SCL,,680,,M,7.140,H,,L,Y,2,0,5,2,A,-,03,22350,,F,C,C,A,A,H,-,D,D,0,,,,,Y,,A,01,1,0,4,0,0,0,0,0,0,"- ","- ",37.427898406982422,-121.8851318359375,"SANTA CLARA",MILPITAS,-121.88512420654297,37.427902221679688
91971251,2022,2023-01-18,9340,2022-09-08,1610,022806,,4,2,7,4313,0,1,1,,2,089,"I-880 N/B TO BASCOM AVE S/B","BASCOM AVE",71.00,S,N,A,-,Y,,,,,,,,,,Y,1,1,0,2,A,-,03,22350,,N,F,0,A,A,H,-,A,A,0,,,Y,,Y,,C,02,0,0,0,0,0,0,0,1,0,"- ","- ",37.333808898925781,-121.93656921386719,"SANTA CLARA","SAN JOSE",-121.93656921386719,37.333808898925781
91976908,2023,2023-01-25,9725,2023-01-06,1740,022777,,5,2,9,4300,0,3,5,,2,001,"TENNANT AVE","HILL ROAD",1056.00,W,N,A,-,Y,,,,,,,,,,N,2,0,1,2,A,-,03,22350,,N,G,B,E,A,H,-,D,D,0,Y,,,,Y,,A,07,1,0,0,0,1,0,0,0,0,"- ","- ",37.124691009521484,-121.61232757568359,"SANTA CLARA",UNINCORPORATED,-121.61135864257812,37.124969482421875
91981725,2023,2023-01-30,9725,2023-01-25,"340 ",022882,,3,3,9,4300,0,2,4,,1,018,"FERGUSON RD S/B",SR-152,1584.00,N,N,A,-,N,,,,,,,,,,Y,2,0,1,1,A,-,08,22107,,N,E,I,A,A,H,-,D,D,0,,,,,Y,,D,22,1,0,0,0,0,0,0,0,0,"- ","- ",37.014389038085938,-121.51853942871094,"SANTA CLARA",UNINCORPORATED,-121.51809692382812,37.013820648193359
91986012,2023,2023-02-03,9330,2023-01-24,"839 ",021942,,2,1,9,4300,0,3,5,,2,071,"CAMPUS DR.","COWELL LN.",0.00,,Y,A,-,N,,,,,,,,,,N,2,0,1,2,A,-,09,21800,A,N,D,G,A,A,H,-,A,A,0,,Y,,,Y,,A,07,1,0,0,0,0,0,1,0,0,"- ","- ",37.422451019287109,-122.16378784179688,"SANTA CLARA",UNINCORPORATED,-122.16384887695312,37.422431945800781
91988501,2023,2023-02-07,9330,2023-01-25,1930,023158,,3,2,5,4311,0,1,2,,2,078,"US-101 S/B","ELLIS STREET",725.00,S,N,A,-,Y,SCL,,101," "," ",46.869,H,,L,Y,2,0,1,1,A,-,08,22107,,N,E,I,A,A,A,-,D,D,0,,,Y,,Y,,C,02,1,0,0,0,0,0,0,0,1,"- ","- ",37.403438568115234,-122.04847717285156,"SANTA CLARA","MOUNTAIN VIEW",-122.04850006103516,37.40338134765625
91991751,2023,2023-02-10,9340,2023-01-29,"235 ",022618,,7,3,6,4314,0,1,3,,2,230,"SR-237 E/B","GREAT AMERICA PARKWAY",943.00,W,N,B,-,Y,SCL,,237," ",R,5.657,H,,R,Y,2,0,1,1,A,-,01,23152,A,N,E,I,A,A,H,-,D,D,0,,,,,Y,Y,A,07,1,0,0,0,0,0,0,0,0,"- ","- ",37.414131164550781,-121.98069000244141,"SANTA CLARA","SANTA CLARA",-121.98076629638672,37.414241790771484