CASE_ID,ACCIDENT_YEAR,PROC_DATE,JURIS,COLLISION_DATE,COLLISION_TIME,OFFICER_ID,REPORTING_DISTRICT,DAY_OF_WEEK,CHP_SHIFT,POPULATION,CNTY_CITY_LOC,SPECIAL_COND,BEAT_TYPE,CHP_BEAT_TYPE,CITY_DIVISION_LAPD,CHP_BEAT_CLASS,BEAT_NUMBER,PRIMARY_RD,SECONDARY_RD,DISTANCE,DIRECTION,INTERSECTION,WEATHER_1,WEATHER_2,STATE_HWY_IND,CALTRANS_COUNTY,CALTRANS_DISTRICT,STATE_ROUTE,ROUTE_SUFFIX,POSTMILE_PREFIX,POSTMILE,LOCATION_TYPE,RAMP_INTERSECTION,SIDE_OF_HWY,TOW_AWAY,COLLISION_SEVERITY,NUMBER_KILLED,NUMBER_INJURED,PARTY_COUNT,PRIMARY_COLL_FACTOR,PCF_CODE_OF_VIOL,PCF_VIOL_CATEGORY,PCF_VIOLATION,PCF_VIOL_SUBSECTION,HIT_AND_RUN,TYPE_OF_COLLISION,MVIW,PED_ACTION,ROAD_SURFACE,ROAD_COND_1,ROAD_COND_2,LIGHTING,CONTROL_DEVICE,CHP_ROAD_TYPE,PEDESTRIAN_ACCIDENT,BICYCLE_ACCIDENT,MOTORCYCLE_ACCIDENT,TRUCK_ACCIDENT,NOT_PRIVATE_PROPERTY,ALCOHOL_INVOLVED,STWD_VEHTYPE_AT_FAULT,CHP_VEHTYPE_AT_FAULT,COUNT_SEVERE_INJ,COUNT_VISIBLE_INJ,COUNT_COMPLAINT_PAIN,COUNT_PED_KILLED,COUNT_PED_INJURED,COUNT_BICYCLIST_KILLED,COUNT_BICYCLIST_INJURED,COUNT_MC_KILLED,COUNT_MC_INJURED,PRIMARY_RAMP,SECONDARY_RAMP,LATITUDE,LONGITUDE,COUNTY,CITY,POINT_X,POINT_Y
9327495,2021,2021-09-29,4313,2021-09-05,2030,4575,,7,5,7,4313,0,0,0,,0,001,"PHELAN AV","S 7TH ST",0.00,,-,A,-,N,,,,,,,,,,N,2,0,1,2,A,-,00,20001,,F,G,B,D,A,H,-,C,A,0,Y,,,,Y,Y,-,,1,0,0,0,1,0,0,0,0,"- ","- ",,,"SANTA CLARA","SAN JOSE",-121.86524963378906,37.313758850097656
93453446,2024,2024-08-02,9340,2024-07-25,"735 ",022543,,4,1,5,4303,0,1,1,,2,282,"I-280 S/B","SR-85 S/B",950.00,N,N,A,-,Y,SCL,,280," "," ",10.940,H,,L,N,2,0,1,3,A,-,08,22107,,F,B,C,A,A,H,-,A,D,0,,,Y,,Y,,A,07,1,0,0,0,0,0,0,0,1,"- ","- ",37.332229614257812,-122.05924987792969,"SANTA CLARA",CUPERTINO,-122.05926513671875,37.332157135009766
9350830,2021,2021-11-20,4313,2021-10-14,1915,4965,SAM,4,5,7,4313,0,0,0,,0,005,"MONTEREY RD","SAN JOSE AV",0.00,,Y,A,-,N,,,,,,,,,,N,2,0,1,2,A,-,11,21955,,N,A,B,D,A,H,-,C,D,0,Y,,,,Y,,N,60,1,0,0,0,1,0,0,0,0,"- ","- ",,,"SANTA CLARA","SAN JOSE",-121.87015533447266,37.312488555908203
9355561,2021,2021-10-26,4308,2021-08-04,2044,268,31A03,3,5,5,4308,0,0,0,,0,001,"S MAIN ST","SERRA WY",248.00,S,N,A,-,N,,,,,,,,,,Y,2,0,1,2,A,-,03,22350,,N,G,B,D,A,H,-,C,D,0,Y,,,,Y,Y,A,01,1,0,0,0,1,0,0,0,0,"- ","- ",37.427188873291016,-121.90603637695312,"SANTA CLARA",MILPITAS,-121.90607452392578,37.427722930908203
9368481,2021,2021-12-15,4311,2021-11-17,1532,I9532,,3,5,5,4311,0,0,0,,0,001,"PHYLLIS AV","HANS AV",0.00,,Y,A,-,N,,,,,,,,,,N,2,0,1,2,A,-,12,22450,A,N,D,G,A,A,H,-,A,A,0,,Y,,,Y,,L,04,1,0,0,0,0,0,1,0,0,"- ","- ",,,"SANTA CLARA","MOUNTAIN VIEW",-122.07781219482422,37.379169464111328
93764008,2024,2024-08-06,9340,2024-07-26,2209,023882,,5,3,7,4313,0,1,2,,2,120,"US-101 N/B",I-880,918.00,S,N,A,-,Y,SCL,,101," "," ",38.090,H,,R,Y,2,0,1,1,A,-,03,22350,,N,F,A,A,A,H,-,C,D,0,,,Y,,Y,,C,02,1,0,0,0,0,0,0,0,1,"- ","- ",37.363788604736328,-121.89817810058594,"SANTA CLARA","SAN JOSE",-121.898193359375,37.36370849609375
9392235,2022,2022-02-11,4313,2022-01-09,1346,4971,WESTE,7,5,7,4313,0,0,0,,0,0S6,"ALMADEN EX","LA ROSSA CL",0.00,,Y,A,-,N,,,,,,,,,,Y,2,0,3,2,A,-,09,21801,A,N,D,-,A,A,H,-,A,-,0,,,,,Y,,-,,1,1,1,0,0,0,0,0,0,"- ","- ",37.183460235595703,-121.52429962158203,"SANTA CLARA","SAN JOSE",-121.87860870361328,37.309707641601562
9395749,2022,2022-02-08,4313,2022-01-18,1726,5017,DISTR,2,5,7,4313,0,0,0,,0,0P2,"QUIMBY RD","EASTRIDGE BL",0.00,,Y,A,-,N,,,,,,,,,,,2,0,1,2,A,-,12,21453,A,F,A,C,A,A,H,-,B,A,0,,,,,Y,,-,,1,0,0,0,0,0,0,0,0,"- ","- ",,,"SANTA CLARA","SAN JOSE",-121.81118011474609,37.323253631591797
9395750,2022,2022-02-08,4313,2022-01-16,1048,4261,DC,7,5,7,4313,0,0,0,,0,0C4,"JACKSON AV","STORY RD",0.00,,Y,A,-,N,,,,,,,,,,N,2,0,1,2,A,-,17,21200,,N,G,G,A,A,H,-,A,A,0,,Y,,,Y,,L,04,1,0,0,0,0,0,1,0,0,"- ","- ",,,"SANTA CLARA","SAN JOSE",-121.83271789550781,37.347049713134766
9417613,2022,2022-04-28,4311,2022-03-12,1220,56718,5326,6,5,5,4311,0,0,0,,0,MV2,"EL CAMINO REAL","ESCUELA AV",5.00,E,N,A,-,N,,,,,,,,,,N,2,0,1,2,A,-,10,21950,A,N,G,B,B,A,H,-,A,A,0,Y,,,,Y,,A,07,1,0,0,0,1,0,0,0,0,"- ","- ",,,"SANTA CLARA","MOUNTAIN VIEW",-122.09635162353516,37.393100738525391
9421936,2022,2022-06-01,4313,2022-04-17,1216,4412,DL,7,5,7,4313,0,0,0,,0,0L2,"LUCRETIA AV","LUCRETIA CT",0.00,,Y,A,-,N,,,,,,,,,,Y,2,0,1,1,A,-,03,22350,,N,A,I,A,A,H,-,A,A,0,,,,,Y,,-,"- ",1,0,0,0,0,0,0,0,0,"- ","- ",,,"SANTA CLARA","SAN JOSE",-121.85042572021484,37.323097229003906
9423621,2022,2022-04-08,4313,2022-03-13,2104,4964,LINCO,7,5,7,4313,0,0,0,,0,0L1,"KEYES ST","S 7TH ST",0.00,,Y,A,-,N,,,,,,,,,,N,2,0,1,2,A,-,11,21954,A,N,G,B,D,A,H,-,C,D,0,Y,,,,Y,,N,60,1,0,0,0,1,0,0,0,0,"- ","- ",,,"SANTA CLARA","SAN JOSE",-121.87193298339844,37.322731018066406
9423685,2022,2022-04-05,4300,2022-01-01,1145,2213,L3,6,5,2,4306,0,0,0,,0,74S2,"PAGE MILL RD","OLD PAGE MILL RD",0.00,,Y,A,-,N,,,,,,,,,,N,2,0,1,2,A,-,09,21802,A,N,H,G,A,A,H,-,A,A,0,,Y,,,Y,,A,07,1,0,0,0,0,0,1,0,0,"- ","- ",37.404659271240234,-122.15685272216797,"SANTA CLARA","LOS ALTOS HILLS",-122.16295623779297,37.392292022705078
9423689,2022,2022-04-05,4300,2022-01-02,1513,2318,C7,7,5,5,4303,0,0,0,,0,81C4,"STEVENS CREEK BL","PHAR LAP DR",362.00,W,N,A,-,N,,,,,,,,,,N,2,0,1,1,A,-,03,22350,,N,H,G,A,A,H,-,A,D,0,,Y,,,Y,,L,04,1,0,0,0,0,0,1,0,0,"- ","- ",37.323028564453125,-122.06005859375,"SANTA CLARA",CUPERTINO,-122.06143188476562,37.322902679443359
9423691,2022,2022-04-05,4300,2022-01-04,1746,2203,C5,2,5,5,4303,0,0,0,,0,74C9,"WOLFE RD","STEVENS CREEK BL",8.00,N,N,A,-,N,,,,,,,,,,N,2,0,1,2,A,-,10,21950,A,F,G,B,B,A,H,-,C,A,0,Y,,,,Y,,A,07,1,0,0,0,1,0,0,0,0,"- ","- ",37.322860717773438,-122.0142822265625,"SANTA CLARA",CUPERTINO,-122.01428985595703,37.323051452636719
9424666,2022,2022-03-29,4302,2022-02-11,2307,125,4302,5,5,4,4302,0,0,0,,0,001,"BASCOM AV","UNION AV",0.00,,Y,-,-,N,,,,,,,,,,,2,0,1,2,A,-,11,21950,B,N,G,B,B,A,H,-,C,A,0,Y,,,,Y,Y,N,60,1,0,0,0,1,0,0,0,0,"- ","- ",,,"SANTA CLARA",CAMPBELL,-121.93386840820312,37.274787902832031
9427901,2022,2022-04-07,4311,2022-03-11,1745,56463,5416,5,5,5,4311,0,0,0,,0,MV3,"REINERT RD","REINERT RD  2148",0.00,,Y,A,-,N,,,,,,,,,,N,2,0,1,3,A,-,03,22350,,N,A,E,A,A,H,-,A,D,0,,,,,Y,,M,96,1,0,0,0,0,0,0,0,0,"- ","- ",,,"SANTA CLARA","MOUNTAIN VIEW",-122.09539794921875,37.41571044921875
9431229,2022,2022-04-08,4304,2022-02-21,1731,230,4304,1,5,4,4304,0,0,0,,0,004,"MONTEREY HWY","PIERCE ST",301.00,S,N,A,-,N,,,,,,,,,,N,2,0,1,2,A,-,08,22107,,N,C,C,A,A,H,-,A,D,0,,,Y,,Y,Y,A,01,1,0,0,0,0,0,0,0,1,"- ","- ",,,"SANTA CLARA",GILROY,-121.57574462890625,37.021270751953125
94365655,2024,2024-08-22,9340,2024-08-11,1730,022819,,7,2,9,4300,0,3,5,,2,050,"STEVENS CANYON RD","REDWOOD GULCH RD",0.00,,Y,A,-,N,,,,,,,,,,N,2,0,1,1,A,-,03,22350,,N,F,A,A,A,H,-,A,D,0,,Y,,,Y,,L,04,1,0,0,0,0,0,1,0,0,"- ","- ",37.267719268798828,-122.09398651123047,"SANTA CLARA",UNINCORPORATED,-122.0938720703125,37.267795562744141
94422143,2023,2024-10-07,9330,2023-07-29,"112 ",023253,,6,3,2,4306,0,1,1,,2,054,"I-280 S/B","EL MONTE ROAD",528.00,N,N,A,-,Y,SCL,,280," "," ",15.183,H,,L,Y,1,2,2,2,A,-,01,23152,G,N,A,C,A,A,H,-,C,D,0,,,,,Y,Y,A,01,2,0,0,0,0,0,0,0,0,"- ","- ",37.36260986328125,-122.12155914306641,"SANTA CLARA","LOS ALTOS HILLS",-122.12156677246094,37.362606048583984
94424796,2024,2024-10-09,9340,2024-04-28,"618 ",022825,,7,1,7,4313,0,1,2,,2,120,"US-101 S/B","10TH STREET",310.00,S,N,A,-,Y,SCL,,101," "," ",38.006,H,,L,Y,1,1,0,1,A,-,08,22107,,N,F,0,A,A,H,-,B,D,0,,,,,Y,,A,07,0,0,0,0,0,0,0,0,0,"- ","- ",37.363269805908203,-121.89658355712891,"SANTA CLARA","SAN JOSE",-121.89656829833984,37.363368988037109
9442652,2022,2022-05-04,4313,2022-03-23,1608,4588,DA,3,5,7,4313,0,0,0,,0,0A4,"ALMADEN RD","VIA MONTE DR",0.00,,Y,A,-,N,,,,,,,,,,Y,2,0,2,2,A,-,12,21453,A,N,A,C,A,A,H,-,A,A,0,,,,,Y,,-,,1,0,1,0,0,0,0,0,0,"- ","- ",,,"SANTA CLARA","SAN JOSE",-121.87467956542969,37.245925903320312
94439829,2024,2024-10-22,9340,2024-05-24,1115,018333,,5,1,7,4313,0,1,2,,2,110,"US-101 S/B","BLOSSOM HILL RD.",1993.00,N,N,A,-,Y,SCL,,101," ",R,29.008,H,,L,Y,1,1,1,3,A,-,05,21651,B,N,A,C,A,A,H,-,A,D,0,,,,Y,Y,,A,01,0,0,1,0,0,0,0,0,0,"- ","- ",37.262008666992188,-121.80040740966797,"SANTA CLARA","SAN JOSE",-121.8004150390625,37.262008666992188
94447710,2024,2024-10-28,9340,2024-09-02,1225,022543,,1,1,9,4300,0,1,3,,2,035,"SR-35 (SKYLINE BLVD.)","WARD RD",850.00,N,N,A,-,Y,SCL,,35," "," ",16.056,H,,R,Y,1,1,0,1,A,-,03,22350,,N,E,8,A,A,H,-,A,A,0,,,Y,,Y,,C,02,0,0,0,0,0,0,0,1,0,"- ","- ",37.274848937988281,-122.14787292480469,"SANTA CLARA",UNINCORPORATED,-122.14790344238281,37.274814605712891
94498794,2024,2024-12-13,9340,2024-09-30,"445 ",023458,,1,3,7,4313,0,1,1,,2,088,"I-880 N/B","THE ALAMEDA",678.00,S,N,A,-,Y,SCL,,880," "," ",1.936,H,,R,Y,1,1,0,2,A,-,03,22350,,N,C,C,A,A,H,-,C,D,0,,,Y,,Y,,C,02,0,0,0,0,0,0,0,1,0,"- ","- ",37.341209411621094,-121.92768096923828,"SANTA CLARA","SAN JOSE",-121.92766571044922,37.341197967529297
9451130,2022,2022-06-16,4312,2022-05-22,1425,808069,81800,7,5,5,4312,0,0,0,,0,PA4,"PAGE MILL RD","MONTE BELLO RD",750.00,N,N,A,-,N,,,,,,,,,,N,2,0,1,1,A,-,08,22107,,N,F,A,A,A,H,-,A,D,0,,,Y,,Y,,C,02,1,0,0,0,0,0,0,0,1,"- ","- ",,,"SANTA CLARA","PALO ALTO",-122.17310333251953,37.330242156982422
94521176,2024,2024-12-31,9340,2024-12-20,1130,022758,,5,1,7,4313,0,1,3,,2,083,"SR-85 N/B","MERIDIAN AVE",1580.00,S,N,A,-,Y,SCL,,85," "," ",6.994,H,,R,Y,2,0,1,2,A,-,03,22350,,N,C,C,A,A,H,-,A,D,0,,,Y,,Y,,C,02,1,0,0,0,0,0,0,0,1,"- ","- ",37.251640319824219,-121.89008331298828,"SANTA CLARA","SAN JOSE",-121.89006805419922,37.251617431640625
94532738,2024,2025-01-10,9340,2024-11-10,"540 ",023767,,7,3,7,4313,0,1,2,,2,110,"US-101 S/B FROM STORY RD","STORY RD",1138.00,S,N,A,-,Y,SCL,,101," "," ",34.321,H,,L,Y,2,0,1,2,A,-,03,22350,,F,C,2,A,A,H,-,C,D,0,,,,,Y,,A,07,1,0,0,0,0,0,0,0,0,"- ","- ",37.333148956298828,-121.84607696533203,"SANTA CLARA","SAN JOSE",-121.84599304199219,37.333202362060547
9456084,2023,2023-08-18,4313,2023-07-17,1720,4703,DISTR,1,5,7,4313,0,0,0,,0,0C5,"MCGINNESS AV","SUSSEX DR",0.00,,Y,A,-,N,,,,,,,,,,N,2,0,1,2,A,-,11,21954,A,N,D,B,D,A,H,-,A,D,0,Y,,,,Y,,N,60,1,0,0,0,1,0,0,0,0,"- ","- ",37.214309692382812,-121.492431640625,"SANTA CLARA","SAN JOSE",-121.82329559326172,37.351108551025391
9456149,2023,2023-10-19,4313,2023-07-23,"143 ",5008,NORA,7,5,7,4313,0,0,0,,0,003,"SARATOGA AV","RT 280",0.00,,Y,A,-,Y,SCL,4,280,-,-,5.781,R,4,S,Y,2,0,1,2,A,-,03,22350,,N,D,C,A,A,H,-,C,A,0,,,,,Y,,-,,1,0,0,0,0,0,0,0,0,"- ",SO,37.190151214599609,-121.58313751220703,"SANTA CLARA","SAN JOSE",-121.97212219238281,37.316425323486328
94579044,2024,2025-04-29,9725,2024-12-23,1108,022827,,1,1,9,4300,0,1,3,,1,170,SR-152,"CASA DE FRUTA",8976.00,E,N,A,-,Y,SCL,,152," ",R,25.115,H,,R,Y,2,0,4,3,A,-,08,22107,,N,D,C,A,A,H,-,A,D,0,,,,,Y,,J,48,1,2,1,0,0,0,0,0,0,"- ","- ",37.006740570068359,-121.36475372314453,"SANTA CLARA",UNINCORPORATED,-121.36476135253906,37.006759643554688
94590326,2025,2025-02-26,9340,2025-02-12,2325,024188,,3,3,7,4313,0,1,1,,2,088,"I-880 N/B","PARK AVE",115.00,S,N,C,-,Y,SCL,,880," "," ",1.710,H,,R,Y,2,0,2,1,A,-,08,22107,,N,E,I,A,B,H,-,D,D,0,,,,,Y,,A,01,1,0,1,0,0,0,0,0,0,"- ","- ",37.338848114013672,-121.93058013916016,"SANTA CLARA","SAN JOSE",-121.93064880371094,37.338905334472656
94593101,2025,2025-02-28,9340,2025-02-16,1230,024089,,7,1,9,4300,0,3,5,,2,010,"MINES RD","TURNER GULCH RD",1478.00,N,N,A,-,Y,,,,,,,,,,Y,2,0,1,1,C,-,18,,,N,H,H,A,A,H,-,A,D,0,,,Y,,Y,,-,"- ",1,0,0,0,0,0,0,0,1,"- ","- ",37.471748352050781,-121.52404022216797,"SANTA CLARA",UNINCORPORATED,,
94594502,2025,2025-03-03,9340,2025-02-08,"300 ",023903,,6,3,4,4302,0,1,3,,2,083,"SR-85 N/B TO SR-17 N/B","LARK AVE",3527.00,N,N,A,-,Y,SCL,,17," "," ",9.551,H,,R,N,2,0,1,1,A,-,01,23152,A,N,F,A,A,A,H,-,D,D,0,,,,,Y,Y,A,01,1,0,0,0,0,0,0,0,0,"- ","- ",37.258148193359375,-121.95375061035156,"SANTA CLARA",CAMPBELL,-121.95392608642578,37.258232116699219
94604941,2025,2025-03-18,9340,2025-02-21,"730 ",024093,,5,1,4,4302,0,1,3,,2,172,"SR-17 S/B TO CAMDEN AVE.","CAMDEN AVE",1500.00,N,N,A,-,Y,SCL,,17," "," ",10.827,H,,L,Y,2,0,1,1,A,-,08,22107,,N,E,I,A,A,H,-,A,D,0,,,,,Y,,A,01,1,0,0,0,0,0,0,0,0,"- ","- ",37.275390625,-121.94651794433594,"SANTA CLARA",CAMPBELL,-121.94644165039062,37.275379180908203
9460779,2022,2022-06-21,4308,2022-05-27,1521,318,,5,5,5,4308,0,0,0,,0,002,"LANDESS AV","CLEAR LAKE AV",0.00,,Y,A,-,N,,,,,,,,,,Y,2,0,1,2,A,-,09,21804,A,N,D,C,A,A,H,-,A,A,0,,,,,Y,,A,01,1,0,0,0,0,0,0,0,0,"- ","- ",37.425331115722656,-121.91795349121094,"SANTA CLARA",MILPITAS,-121.87171173095703,37.417354583740234
94674373,2025,2025-05-05,9725,2025-04-17,2305,023192,,4,3,9,4300,0,1,2,,2,015,"US-101 SB",METCALF,3168.00,N,N,A,-,Y,SCL,,101," ",R,25.948,H,,L,Y,2,0,1,1,A,-,01,23152,A,N,E,I,A,A,H,-,D,D,0,,,,,Y,Y,D,22,1,0,0,0,0,0,0,0,0,"- ","- ",37.234901428222656,-121.75669097900391,"SANTA CLARA",UNINCORPORATED,-121.75679779052734,37.234783172607422
94683609,2025,2025-05-12,9725,2025-04-19,1635,024210,,6,2,9,4300,0,1,2,,2,012,"US-101 S/B FROM TENNANT AVE E/B","TENNANT AVE",0.13,S,N,A,-,Y,SCL,,101," ",R,14.918,H,,L,N,2,0,2,1,A,-,08,22107,,N,F,A,A,A,H,-,A,A,0,,,Y,,Y,,C,02,1,1,0,0,0,0,0,0,2,"- ","- ",37.117221832275391,-121.62538146972656,"SANTA CLARA",UNINCORPORATED,-121.62529754638672,37.117252349853516
94700447,2025,2025-05-26,9340,2025-05-14,2230,024444,,3,3,9,4300,0,3,5,,2,010,"MINES RD","47625 MINES ROAD",55.00,S,N,A,-,N,,,,,,,,,,N,2,0,1,1,A,-,08,22107,,N,F,A,A,A,H,-,A,D,0,,,Y,,Y,,C,02,1,0,0,0,0,0,0,0,1,"- ","- ",37.396968841552734,-121.49099731445312,"SANTA CLARA",UNINCORPORATED,,
9470313,2023,2023-09-21,4313,2023-08-18,2253,4903,SOUTH,5,5,7,4313,0,0,0,,0,0Y5,"MONTEREY RD","BAILEY AV",0.00,,Y,A,-,N,,,,,,,,,,Y,2,0,2,2,A,-,03,22350,,F,D,C,A,A,H,-,C,A,0,,,,,Y,,A,01,1,1,0,0,0,0,0,0,0,"- ","- ",,,"SANTA CLARA","SAN JOSE",-121.72923278808594,37.206703186035156
94707647,2025,2025-05-30,9340,2025-05-08,"220 ",024093,,4,3,7,4313,0,1,1,,2,281,"I-280 S/B","ALMADEN BLVD",110.00,S,N,A,-,Y,SCL,,280," ",R,2.230,H,,L,N,2,0,3,2,A,-,01,23152,A,N,C,C,A,A,H,-,C,D,0,,,,,Y,Y,A,01,1,2,0,0,0,0,0,0,0,"- ","- ",37.324699401855469,-121.88704681396484,"SANTA CLARA","SAN JOSE",-121.88707733154297,37.324779510498047
94727914,2024,2025-06-16,9340,2024-05-07,2030,023566,,2,2,7,4313,0,1,2,,2,120,"US-101 N/B","TRIMBLE ROAD",400.00,S,N,A,-,Y,,,,,,,,,,Y,1,1,0,1,A,-,08,22107,,N,E,I,A,A,D,-,D,D,0,,,,,Y,,A,01,0,0,0,0,0,0,0,0,0,"- ","- ",37.376941680908203,-121.94029998779297,"SANTA CLARA","SAN JOSE",,
9473662,2022,2022-08-19,4305,2022-07-05,1630,10364,1403,2,5,4,4305,0,0,0,,0,LA1,"STATE ST","2ND ST",0.00,,Y,A,-,N,,,,,,,,,,Y,2,0,1,2,A,-,03,22350,,N,G,B,B,A,H,-,A,A,0,Y,,,,Y,,A,01,1,0,0,0,1,0,0,0,0,"- ","- ",,,"SANTA CLARA","LOS ALTOS",-122.11737060546875,37.379169464111328
9475444,2022,2022-07-18,4308,2022-06-22,2006,323,,3,5,5,4308,0,0,0,,0,002,"CALAVERAS RD","DOWING RD",76.00,E,N,A,-,N,,,,,,,,,,Y,2,0,2,2,A,-,03,22350,,N,B,C,A,A,H,-,B,D,0,,,Y,,Y,,C,03,1,0,1,0,0,0,0,0,2,"- ","- ",37.445960998535156,-121.85738372802734,"SANTA CLARA",MILPITAS,-121.85736846923828,37.445941925048828
94756650,2025,2025-07-10,9340,2025-06-26,2025,024316,,4,2,5,4308,0,1,1,,2,089,"I-880 S/B","DIXON LANDING RD",3498.00,S,N,A,-,Y,SCL,,880," "," ",9.778,H,,L,Y,2,0,1,1,A,-,08,22107,,F,E,8,A,A,H,-,B,D,0,,,,,Y,,A,07,1,0,0,0,0,0,0,0,0,"- ","- ",37.444999694824219,-121.92115783691406,"SANTA CLARA",MILPITAS,-121.92132568359375,37.444976806640625
9477900,2022,2022-10-28,4313,2022-06-27,1159,4264,FOOTH,1,5,7,4313,0,0,0,,0,0W3,"EAST HILLS DR","E HILLS DR 3485",0.00,,Y,A,-,N,,,,,,,,,,N,2,0,2,2,A,-,21,22106,,N,G,B,E,A,H,-,A,D,0,Y,,,,Y,,-,,1,1,0,0,1,0,0,0,0,"- ","- ",,,"SANTA CLARA","SAN JOSE",-121.81175994873047,37.370609283447266
94785082,2024,2025-07-31,9340,2024-12-13,2253,023446,,5,3,7,4313,0,1,1,,2,281,"I-280 N/B","LELAND AVE",60.00,S,N,C,-,Y,SCL,,280," ",L,4.646,H,,R,N,1,1,0,2,A,-,11,21954,A,N,G,B,E,B,H,-,E,D,0,Y,,,,Y,,N,60,0,0,0,1,0,0,0,0,0,"- ","- ",37.316928863525391,-121.92648315429688,"SANTA CLARA","SAN JOSE",-121.92648315429688,37.316905975341797
9478986,2022,2022-09-08,4313,2022-07-29,2014,4628,ADAM,5,5,7,4313,0,0,0,,0,0A3,"BLOSSOM HILL RD","WINDFIELD BL",0.00,,N,A,-,N,,,,,,,,,,N,2,0,1,2,A,-,09,21804,,N,G,G,A,A,H,-,A,D,0,,Y,,,Y,,L,04,1,0,0,0,0,0,1,0,0,"- ","- ",,,"SANTA CLARA","SAN JOSE",-121.86653137207031,37.250316619873047
9479116,2022,2022-11-16,4313,2022-07-30,1619,4947,DE,6,5,7,4313,0,0,0,,0,0E1,"AUZERAIS AV","JOSEFA ST",0.00,,N,A,-,N,,,,,,,,,,Y,2,0,1,4,A,-,08,22107,,F,-,B,F,A,H,-,A,-,0,Y,,,,Y,,-,,1,0,0,0,1,0,0,0,0,"- ","- ",37.192939758300781,-121.53498077392578,"SANTA CLARA","SAN JOSE",-121.89729309082031,37.324432373046875
9496328,2022,2022-08-26,4313,2022-08-05,0508,4950,CENTR,5,5,7,4313,0,0,0,,0,0R3,"E BROKAW RD","ZANKER RD",0.00,,Y,A,-,N,,,,,,,,,,N,2,0,1,2,A,-,11,21955,,N,A,B,D,A,H,-,E,A,0,Y,,,,Y,,N,60,1,0,0,0,1,0,0,0,0,"- ","- ",37.223838806152344,-121.54474639892578,"SANTA CLARA","SAN JOSE",-121.91322326660156,37.377376556396484
9496330,2022,2022-08-30,4313,2022-08-07,1305,4880,FOOTH,7,5,7,4313,0,0,0,,0,0P3,"QUIMBY RD","E CAPITOL EX",0.00,,Y,A,-,N,,,,,,,,,,,2,0,1,2,A,-,03,22350,,N,C,C,A,A,H,-,A,A,0,,,,,Y,,-,,1,0,0,0,0,0,0,0,0,"- ","- ",37.192581176757812,-121.48304748535156,"SANTA CLARA","SAN JOSE",-121.80857849121094,37.323883056640625
9497907,2022,2022-09-22,4313,2022-09-01,1538,4995,MARY,4,5,7,4313,0,0,0,,0,0M5,"N WHITE RD","ALUM ROCK AV",0.00,,Y,A,-,N,,,,,,,,,,N,2,0,1,2,A,-,09,21801,,N,D,C,A,A,H,-,A,D,0,,,,,Y,,-,,1,0,0,0,0,0,0,0,0,"- ","- ",,,"SANTA CLARA","SAN JOSE",-121.82808685302734,37.365875244140625
9502617,2022,2022-09-28,4308,2022-08-13,1952,326,33B01,6,5,5,4308,0,0,0,,0,003,"DIXON LANDING RD","RT 880",0.00,,Y,A,-,Y,SCL,4,880,-,-,10.458,R,4,S,N,2,0,1,2,A,-,03,22350,,N,C,C,A,A,H,-,A,A,0,,,Y,,Y,,A,01,1,0,0,0,0,0,0,0,1,"- ",SF,37.454509735107422,-121.92453002929688,"SANTA CLARA",MILPITAS,-121.92319488525391,37.454574584960938
9504763,2022,2022-11-01,4313,2022-10-13,1514,4544,SAM,4,5,7,4313,0,0,0,,0,0L4,"MONTEREY RD","MONTECITO VISTA DR",60.00,N,N,A,-,N,,,,,,,,,,N,2,0,1,2,A,-,17,21208,,N,C,G,A,A,H,-,A,A,0,,Y,,,Y,,L,04,1,0,0,0,0,0,1,0,0,"- ","- ",,,"SANTA CLARA","SAN JOSE",-121.85073852539062,37.292789459228516
9504771,2022,2022-11-04,4313,2022-10-07,2340,4954,PAUL,5,5,7,4313,0,0,0,,0,006,"SILVER CREEK VALLEY RD","FARNSWORTH DR",0.00,,N,A,-,N,,,,,,,,,,Y,2,0,1,1,A,-,08,22107,,N,A,-,A,A,H,-,D,A,0,,,,,Y,Y,-,,1,0,0,0,0,0,0,0,0,"- ","- ",,,"SANTA CLARA","SAN JOSE",-121.77377319335938,37.2840576171875
9510804,2022,2022-12-23,4305,2022-11-22,1456,10394,,2,5,4,4305,0,0,0,,0,LA2,"ARBORETUM DR","FOOTHILL EXPWY",0.00,,Y,A,-,N,,,,,,,,,,Y,2,0,1,2,A,-,10,21950,A,N,G,B,B,A,H,-,A,A,0,Y,,,,Y,,A,01,1,0,0,0,1,0,0,0,0,"- ","- ",37.341339111328125,-122.07241821289062,"SANTA CLARA","LOS ALTOS",-122.07238006591797,37.341297149658203