CASE_ID,ACCIDENT_YEAR,PROC_DATE,JURIS,COLLISION_DATE,COLLISION_TIME,OFFICER_ID,REPORTING_DISTRICT,DAY_OF_WEEK,CHP_SHIFT,POPULATION,CNTY_CITY_LOC,SPECIAL_COND,BEAT_TYPE,CHP_BEAT_TYPE,CITY_DIVISION_LAPD,CHP_BEAT_CLASS,BEAT_NUMBER,PRIMARY_RD,SECONDARY_RD,DISTANCE,DIRECTION,INTERSECTION,WEATHER_1,WEATHER_2,STATE_HWY_IND,CALTRANS_COUNTY,CALTRANS_DISTRICT,STATE_ROUTE,ROUTE_SUFFIX,POSTMILE_PREFIX,POSTMILE,LOCATION_TYPE,RAMP_INTERSECTION,SIDE_OF_HWY,TOW_AWAY,COLLISION_SEVERITY,NUMBER_KILLED,NUMBER_INJURED,PARTY_COUNT,PRIMARY_COLL_FACTOR,PCF_CODE_OF_VIOL,PCF_VIOL_CATEGORY,PCF_VIOLATION,PCF_VIOL_SUBSECTION,HIT_AND_RUN,TYPE_OF_COLLISION,MVIW,PED_ACTION,ROAD_SURFACE,ROAD_COND_1,ROAD_COND_2,LIGHTING,CONTROL_DEVICE,CHP_ROAD_TYPE,PEDESTRIAN_ACCIDENT,BICYCLE_ACCIDENT,MOTORCYCLE_ACCIDENT,TRUCK_ACCIDENT,NOT_PRIVATE_PROPERTY,ALCOHOL_INVOLVED,STWD_VEHTYPE_AT_FAULT,CHP_VEHTYPE_AT_FAULT,COUNT_SEVERE_INJ,COUNT_VISIBLE_INJ,COUNT_COMPLAINT_PAIN,COUNT_PED_KILLED,COUNT_PED_INJURED,COUNT_BICYCLIST_KILLED,COUNT_BICYCLIST_INJURED,COUNT_MC_KILLED,COUNT_MC_INJURED,PRIMARY_RAMP,SECONDARY_RAMP,LATITUDE,LONGITUDE,COUNTY,CITY,POINT_X,POINT_Y
8741964,2018,2018-11-29,4313,2018-11-16,0813,4644,WILLI,5,5,7,4313,0,0,0,,0,0W4,"WOODHAVEN DR","S WHITE RD",0.00,,Y,A,-,N,,,,,,,,,,Y,2,0,3,2,A,-,08,22107,,N,D,C,A,A,H,-,A,D,0,,,,,Y,,-,,2,0,1,0,0,0,0,0,0,"- ","- ",,,"SANTA CLARA","SAN JOSE",-121.82203674316406,37.359268188476562
8744171,2018,2018-11-27,4300,2018-09-02,0442,2203,C5,7,5,5,4303,0,0,0,,0,81S3,"WOLFE RD","STEVENS CREEK BL",0.00,,Y,A,-,N,,,,,,,,,,N,2,0,4,2,A,-,12,21453,A,N,D,C,A,A,H,-,C,A,0,,,,,Y,,A,08,2,1,1,0,0,0,0,0,0,"- ","- ",37.322860717773438,-122.0142822265625,"SANTA CLARA",CUPERTINO,-122.01421356201172,37.323028564453125
8744642,2018,2018-12-11,4313,2018-10-25,0641,3493,CENTR,4,5,7,4313,0,0,0,,0,"V 2","N 13TH ST","E TAYLOR ST",384.00,N,N,A,-,N,,,,,,,,,,N,2,0,1,2,A,-,21,22106,,N,H,G,A,A,H,-,C,D,0,,Y,,,Y,,-,,1,0,0,0,0,0,1,0,0,"- ","- ",37.212581634521484,-121.53215026855469,"SANTA CLARA","SAN JOSE",-121.88843536376953,37.355915069580078
8746787,2018,2019-01-26,4313,2018-11-19,0524,4443,YELLO,1,5,7,4313,0,0,0,,0,0Y2,"SNELL AV","AVENIDA DEL ROBLE",0.00,,Y,E,-,N,,,,,,,,,,Y,2,0,3,2,A,-,12,21453,A,F,D,C,A,A,H,-,C,A,0,,,,,Y,,-,,1,2,0,0,0,0,0,0,0,"- ","- ",37.151718139648438,-121.49507904052734,"SANTA CLARA","SAN JOSE",-121.83091735839844,37.254779815673828
8747490,2018,2018-12-03,4316,2018-10-10,0705,10452,52,3,5,6,4316,0,0,0,,0,005,"SUNNYVALE SARATOGA RD","MATHILDA AV",23.00,N,N,A,-,N,,,,,,,,,,Y,2,0,1,3,A,-,21,22106,,N,G,B,D,A,D,-,A,A,0,Y,,,,Y,,A,01,1,0,0,0,1,0,0,0,0,"- ","- ",37.364578247070312,-122.03273773193359,"SANTA CLARA",SUNNYVALE,-122.03266143798828,37.364410400390625
8749930,2018,2019-01-11,4313,2018-11-24,1549,4522,FOOTH,6,5,7,4313,0,0,0,,0,0M4,"SOUTH JACKSON AV","KAMMERER AV",0.00,,Y,A,-,N,,,,,,,,,,,2,0,1,2,A,-,03,22350,,N,D,C,A,A,H,-,A,A,0,,,Y,,Y,,C,02,1,0,0,0,0,0,0,0,1,"- ","- ",34.211929321289062,-119.17233276367188,"SANTA CLARA","SAN JOSE",-121.83934020996094,37.354118347167969
8760506,2018,2019-01-02,4300,2018-10-07,1009,2227,S4,7,5,4,4315,0,0,0,,0,71S3,"PIERCE RD","PIKE RD",460.00,N,N,A,-,N,,,,,,,,,,N,2,0,1,2,A,-,09,21801,A,N,F,A,A,A,H,-,A,D,0,,Y,,,Y,,A,01,1,0,0,0,0,0,1,0,0,"- ","- ",37.268028259277344,-122.0489501953125,"SANTA CLARA",SARATOGA,-122.04776763916016,37.268795013427734
8765433,2018,2019-04-26,4316,2018-10-24,1002,10087,62,3,5,6,4316,0,0,0,,0,006,"FREMONT AV","BOBWHITE AV",0.00,,Y,A,-,N,,,,,,,,,,Y,1,1,1,3,A,-,10,21950,A,N,G,B,B,A,H,-,A,A,0,Y,,,,Y,,A,01,1,0,0,1,1,0,0,0,0,"- ","- ",37.352340698242188,-122.02784729003906,"SANTA CLARA",SUNNYVALE,-122.02760314941406,37.352081298828125
8772894,2018,2019-01-12,4313,2018-12-19,0631,3419,FOOTH,3,5,7,4313,0,0,0,,0,M-1,"N 33RD ST","BERRYWOOD DR",0.00,,Y,A,-,N,,,,,,,,,,N,2,0,2,3,A,-,10,21950,,F,G,B,B,A,-,-,B,A,0,Y,,,,Y,,-,,2,0,0,0,2,0,0,0,0,"- ","- ",37.212490081787109,-121.51526641845703,"SANTA CLARA","SAN JOSE",-121.86467742919922,37.356899261474609
8773570,2018,2019-01-31,4300,2018-11-25,0836,2325,S9,7,5,4,4315,0,0,0,,0,71C5,"SARATOGA LOS GATOS RD","THREE OAKS WY",0.00,,Y,A,-,Y,SCL,4,9,-,-,8.350,I,5,N,N,2,0,2,2,A,-,08,22107,,N,-,G,A,A,H,-,A,D,0,,Y,,,Y,,L,04,1,1,0,0,0,0,2,0,0,"- ","- ",37.250350952148438,-122.01999664306641,"SANTA CLARA",SARATOGA,-122.02020263671875,37.250377655029297
8774630,2018,2019-01-28,4313,2018-01-01,1821,4674,DN,1,5,7,4313,0,0,0,,0,0N3,"LAWRENCE EXPY","MITTY AV",0.00,,Y,A,-,N,,,,,,,,,,Y,2,0,2,2,A,-,01,23152,,N,B,C,A,A,H,-,C,A,0,,,,,Y,Y,-,,2,0,0,0,0,0,0,0,0,"- ","- ",,,"SANTA CLARA","SAN JOSE",-121.99569702148438,37.315799713134766
8776485,2019,2019-02-02,4313,2019-01-09,2130,3723,CHARL,3,5,7,4313,0,0,0,,0,0C5,"STORY RD","CAPITOL EXPWY",0.00,,-,A,F,N,,,,,,,,,,Y,2,0,1,2,A,-,11,21955,,N,G,B,D,B,H,-,C,D,0,Y,,,,Y,,N,60,1,0,0,0,1,0,0,0,0,"- ","- ",37.213031768798828,-121.49371337890625,"SANTA CLARA","SAN JOSE",-121.82711029052734,37.350860595703125
8776538,2019,2019-02-02,4313,2019-01-08,1827,3506,SOUTH,2,5,7,4313,0,0,0,,0,0Y4,"GREAT OAKS BL","RALEIGH RD",600.00,N,N,B,-,N,,,,,,,,,,Y,2,0,1,4,A,-,03,22350,,N,G,B,E,A,H,-,C,D,0,Y,,,,Y,,A,01,1,0,0,0,1,0,0,0,0,"- ","- ",,,"SANTA CLARA","SAN JOSE",-121.78541564941406,37.244747161865234
8776646,2018,2019-01-22,4316,2018-11-13,1716,15094,41,2,5,6,4316,0,0,0,,0,004,"OLD SAN FRANCISCO RD","GRAND FIR AV",190.00,E,N,A,-,N,,,,,,,,,,N,2,0,2,3,A,-,08,22107,,F,G,B,D,A,H,-,C,D,0,Y,,,,Y,,A,01,1,0,1,0,2,0,0,0,0,"- ","- ",37.367000579833984,-122.02100372314453,"SANTA CLARA",SUNNYVALE,-122.02051544189453,37.366928100585938
8788838,2019,2019-02-11,4313,2019-01-13,0018,4559,,7,5,7,4313,0,0,0,,0,0K4,"N 24TH ST","E SANTA CLARA ST",0.00,,-,A,-,N,,,,,,,,,,Y,2,0,1,4,A,-,03,22350,A,N,B,C,A,A,H,-,C,A,0,,,,,Y,Y,-,,1,0,0,0,0,0,0,0,0,"- ","- ",37.204921722412109,-121.52371978759766,"SANTA CLARA","SAN JOSE",-121.86775970458984,37.347000122070312
8789606,2018,2019-02-20,4316,2018-11-29,1954,10452,51,4,5,6,4316,0,0,0,,0,005,"EL CAMINO REAL","MARY AV",298.00,E,N,B,-,Y,SCL,4,82,-,-,17.750,H,-,S,Y,2,0,1,2,A,-,11,21954,A,N,G,B,D,B,H,-,C,D,0,Y,,,,Y,Y,N,60,1,0,0,0,1,0,0,0,0,"- ","- ",37.371780395507812,-122.04846954345703,"SANTA CLARA",SUNNYVALE,-122.04948425292969,37.371978759765625
8789835,2019,2019-03-29,4313,2019-01-17,1812,3773,SOUTH,4,5,7,4313,0,0,0,,0,0T2,"UNION AV","ASSUNTA WY",0.00,,Y,A,-,N,,,,,,,,,,N,2,0,1,2,A,-,11,21954,A,N,G,B,E,B,H,-,C,A,0,Y,,,,Y,,N,60,1,0,0,0,1,0,0,0,0,"- ","- ",37.161281585693359,-121.55547332763672,"SANTA CLARA","SAN JOSE",-121.93195343017578,37.270198822021484
8790767,2019,2019-02-04,4313,2019-01-17,1010,4647,LINCO,4,5,7,4313,0,0,0,,0,002,"STORY RD","FELIPE AV",0.00,,Y,B,-,N,,,,,,,,,,Y,2,0,1,2,A,-,11,21456,B,F,G,B,A,B,H,-,A,A,0,,Y,,,Y,,L,04,1,0,0,0,0,0,1,0,0,"- ","- ",37.203128814697266,-121.51512145996094,"SANTA CLARA","SAN JOSE",-121.85150146484375,37.334259033203125
8795800,2019,2019-03-07,4304,2019-01-29,1748,07187,4304,2,5,4,4304,0,0,0,,0,003,"MONTEREY RD","HOWSON ST",200.00,S,N,A,-,N,,,,,,,,,,N,2,0,1,2,A,-,11,21954,A,N,A,B,D,A,H,-,C,D,0,Y,,,,Y,Y,N,60,1,0,0,0,1,0,0,0,0,"- ","- ",,,"SANTA CLARA",GILROY,-121.57357025146484,37.016891479492188
8803064,2019,2019-03-20,4304,2019-02-02,2042,Y05611,4304,6,5,4,4304,0,0,0,,0,001,"THOMAS RD","LUCHESSA AV",109.00,S,N,C,-,N,,,,,,,,,,Y,2,0,4,2,A,-,01,23152,A,N,A,C,A,B,H,-,C,D,0,,,,,Y,Y,A,01,1,0,3,0,0,0,0,0,0,"- ","- ",,,"SANTA CLARA",GILROY,-121.56177520751953,36.991241455078125
8808019,2018,2019-03-22,4313,2018-08-19,1403,3446,SOUTH,7,5,7,4313,0,0,0,,0,0A5,"MCKEAN RD","BAILEY RD",978.00,S,N,A,-,N,,,,,,,,,,Y,1,1,1,2,A,-,08,22107,,N,B,C,A,A,H,-,A,A,0,,,,,Y,,-,,1,0,0,0,0,0,0,0,0,"- ","- ",,,"SANTA CLARA","SAN JOSE",-121.76009368896484,37.179943084716797
8808106,2019,2019-04-19,4313,2019-04-11,0539,4691,PAUL,4,5,7,4313,0,0,0,,0,0P4,"NIEMAN BL","LADDIE WY",0.00,,Y,A,-,N,,,,,,,,,,Y,1,1,0,2,A,-,11,21955,,F,A,B,D,A,H,-,C,A,0,Y,,,,Y,,N,60,0,0,0,1,0,0,0,0,0,"- ","- ",37.183738708496094,-121.48185729980469,"SANTA CLARA","SAN JOSE",-121.80049896240234,37.310379028320312
8808359,2019,2019-07-03,4313,2019-01-24,0035,4083,DK,4,5,7,4313,0,0,0,,0,0K2,"S 10TH ST","E SANTA CLARA ST",0.00,,Y,A,-,N,,,,,,,,,,N,1,1,0,2,A,-,11,21453,D,F,G,B,B,A,H,-,C,A,0,Y,,,,Y,,N,60,0,0,0,1,0,0,0,0,0,"- ","- ",,,"SANTA CLARA","SAN JOSE",-121.88104248046875,37.340709686279297
8808428,2018,2019-08-20,4300,2018-12-19,1334,2060,56,3,5,4,4315,0,0,0,,0,74S2,"SARATOGA LOS GATOS RD","CARNELIAN GLEN CT",0.00,,Y,B,-,Y,SCL,4,9,-,-,7.817,I,5,N,N,1,1,1,2,A,-,03,22350,,N,E,J,A,A,B,-,A,A,0,,Y,,,Y,,L,04,0,1,0,0,0,1,1,0,0,"- ","- ",37.255241394042969,-122.02767181396484,"SANTA CLARA",SARATOGA,-122.02755737304688,37.255088806152344
8814959,2019,2019-03-07,4313,2019-02-21,0345,3384,FOOTH,4,5,7,4313,0,0,0,,0,0M3,"MCKEE RD","MCDONALD AV",0.00,,Y,B,-,N,,,,,,,,,,Y,2,0,2,2,A,-,09,21801,A,N,D,C,A,A,H,-,C,A,0,,,,,Y,,-,,1,0,1,0,0,0,0,0,0,"- ","- ",37.212661743164062,-121.51422119140625,"SANTA CLARA","SAN JOSE",-121.86177062988281,37.357379913330078
8822536,2018,2019-03-21,4311,2018-12-13,2128,D0559,,4,5,5,4311,0,0,0,,0,001,"BRYANT AV","SHADY SPRING LN",0.00,,Y,A,-,N,,,,,,,,,,N,2,0,1,2,D,-,00,,,F,G,B,D,A,H,-,C,A,0,Y,,,,Y,,-,"- ",1,0,0,0,1,0,0,0,0,"- ","- ",,,"SANTA CLARA","MOUNTAIN VIEW",-122.07096099853516,37.361309051513672
8831672,2019,2019-04-25,4313,2019-03-04,1937,4475,YELLO,1,5,7,4313,0,0,0,,0,0Y2,"SNELL AV","SNELL WY",0.00,,Y,A,-,N,,,,,,,,,,N,2,0,1,2,A,-,11,21954,A,N,G,B,D,A,H,-,C,A,0,Y,,,,Y,Y,N,60,1,0,0,0,1,0,0,0,0,"- ","- ",,,"SANTA CLARA","SAN JOSE",-121.83051300048828,37.245830535888672
8842970,2019,2019-05-01,4313,2019-03-31,1142,4641,WILLI,7,5,7,4313,0,0,0,,0,0W4,"MCKEE RD","N CAPITOL AV",0.00,,Y,A,-,N,,,,,,,,,,Y,2,0,5,2,A,-,09,21804,A,N,A,C,A,A,H,-,A,D,0,,,,,Y,,A,01,4,0,1,0,0,0,0,0,0,"- ","- ",37.221229553222656,-121.50347137451172,"SANTA CLARA","SAN JOSE",-121.84317016601562,37.370079040527344
8844350,2019,2019-05-03,4308,2019-02-21,0808,226,,4,5,5,4308,0,0,0,,0,003,"CALIFORNIA CIR","RT 880",0.00,,Y,A,-,Y,SCL,4,880,-,-,10.209,R,4,N,Y,1,1,0,2,A,-,10,21950,A,N,G,B,B,A,H,-,A,A,0,Y,,,,Y,,D,22,0,0,0,1,0,0,0,0,0,"- ",NF,37.452499389648438,-121.92070770263672,"SANTA CLARA",MILPITAS,-121.92084199999999,37.452648000000003
8845430,2019,2019-04-29,4313,2019-04-13,2250,4435,SOUTH,6,5,7,4313,0,0,0,,0,0X4,"BRANHAM LN","PARK ARCADIA DR",0.00,,Y,A,-,N,,,,,,,,,,Y,2,0,1,2,A,-,00,21954,,N,G,B,E,A,H,-,C,A,0,Y,,,,Y,,N,60,1,0,0,0,1,0,0,0,0,"- ","- ",,,"SANTA CLARA","SAN JOSE",-121.82782745361328,37.266071319580078
8847564,2019,2019-04-29,4313,2019-03-26,0616,4497,,2,5,7,4313,0,0,0,,0,"SAM 2","SOUTH BASCOM AV","E HAMILTON AV",0.00,,Y,A,-,N,,,,,,,,,,N,2,0,1,2,A,-,11,21956,A,N,A,B,D,A,H,-,A,A,0,Y,,,,Y,,N,60,1,0,0,0,1,0,0,0,0,"- ","- ",37.173961639404297,-121.55538940429688,"SANTA CLARA","SAN JOSE",-121.93180084228516,37.294330596923828
8862790,2019,2019-05-29,4304,2019-05-11,0341,C03086,4304,6,5,4,4304,0,0,0,,0,004,"LEAVESLEY RD","POWER POLE CT216664",99.00,E,N,A,-,N,,,,,,,,,,Y,2,0,1,2,A,-,05,21651,A,N,B,C,A,A,H,-,D,D,0,,,,,Y,,-,,1,0,0,0,0,0,0,0,0,"- ","- ",,,"SANTA CLARA",GILROY,,
8866347,2019,2019-05-24,4313,2019-05-10,1630,4744,WESTE,5,5,7,4313,0,0,0,,0,0N1,"MILLER AV","PROSPECT RD",0.00,,-,A,F,N,,,,,,,,,,Y,2,0,1,3,A,-,03,22350,,N,C,C,A,A,H,-,A,-,0,,,,,Y,Y,-,,1,0,0,0,0,0,0,0,0,"- ","- ",,,"SANTA CLARA","SAN JOSE",-122.01499176025391,37.293651580810547
8866918,2019,2019-08-27,4311,2019-04-30,1640,A6945,,2,5,5,4311,0,0,0,,0,001,"CASTRO ST","EL CAMINO REAL",17.00,N,N,A,-,Y,SCL,4,82,-,-,19.870,I,6,N,N,2,0,1,1,A,-,"- ",,,N,H,A,A,D,A,B,A,A,0,,,,,Y,,J,49,1,0,0,0,0,0,0,0,0,"- ","- ",,,"SANTA CLARA","MOUNTAIN VIEW",-122.08388519287109,37.385826110839844
8871721,2019,2019-06-25,4313,2019-06-05,0742,3138,WESTE,3,5,7,4313,0,0,0,,0,0A1,"SAMARITAN DR","COOPER AV",0.00,,Y,A,-,N,,,,,,,,,,N,2,0,1,2,A,-,10,21950,A,N,B,G,A,A,H,-,A,A,0,,Y,,,Y,,-,,1,0,0,0,0,0,1,0,0,"- ","- ",37.152301788330078,-121.56182098388672,"SANTA CLARA","SAN JOSE",-121.93842315673828,37.2506103515625
8874919,2019,2019-08-27,4316,2019-05-07,2246,10087,14,2,5,6,4316,0,0,0,,0,001,"RT 101","MATHILDA AV",16.00,N,N,A,-,Y,SCL,4,101,-,-,45.631,R,3,S,Y,2,0,1,2,A,-,09,21804,A,N,E,G,A,A,D,-,E,D,0,,Y,,,Y,,L,04,1,0,0,0,0,0,1,0,0,"- ","- ",37.398441314697266,-122.02813720703125,"SANTA CLARA",SUNNYVALE,-122.02688598632812,37.398639678955078
8882632,2019,2019-07-24,4313,2019-06-26,2349,4255,FOOTH,3,5,7,4313,0,0,0,,0,0P2,"QUIMBY RD","OAKGATE WY",0.00,,Y,A,-,N,,,,,,,,,,Y,2,0,2,1,A,-,03,22350,,F,D,I,A,A,H,-,C,D,0,,,,,Y,,-,,1,1,0,0,0,0,0,0,0,"- ","- ",37.1927490234375,-121.47547149658203,"SANTA CLARA","SAN JOSE",-121.78389739990234,37.324871063232422
8884552,2019,2019-06-25,4313,2019-06-09,0721,4750,DISTR,7,5,7,4313,0,0,0,,0,0P5,"SAN FELIPE RD","THOMPSON CREEK CT",0.00,,Y,A,-,N,,,,,,,,,,Y,2,0,1,1,A,-,03,22350,,N,E,I,A,A,H,-,A,D,0,,,,,Y,,-,,1,0,0,0,0,0,0,0,0,"- ","- ",,,"SANTA CLARA","SAN JOSE",-121.78047943115234,37.308380126953125
8884917,2019,2021-06-22,4307,2019-06-14,1154,S042,LG200,5,5,4,4307,0,0,0,,0,001,"BLOSSOM HILL RD","VASONA PARK RD",0.00,,Y,A,-,N,,,,,,,,,,N,2,0,1,1,A,-,03,22350,,N,H,A,A,A,D,-,A,D,0,,Y,,,Y,,L,04,1,0,0,0,0,0,1,0,0,"- ","- ",,,"SANTA CLARA","LOS GATOS",-121.97310400000001,37.234279000000001
8910849,2020,2020-03-18,4308,2020-01-09,2319,311,,4,5,5,4308,0,0,0,,0,002,"PIEDMONT RD","LANDESS AV",0.00,,Y,A,-,N,,,,,,,,,,Y,1,1,2,2,A,-,01,23153,A,N,C,C,A,A,H,-,C,A,0,,,,,Y,Y,A,07,0,0,2,0,0,0,0,0,0,"- ","- ",37.422199249267578,-121.86113739013672,"SANTA CLARA",MILPITAS,-121.86113739013672,37.421970367431641
8911182,2019,2021-05-28,4313,2019-10-11,0705,4696,SOUTH,5,5,7,4313,0,0,0,,0,0X1,"MONTERREY RD","FEHREN DR",0.00,,-,A,-,N,,,,,,,,,,Y,1,1,0,2,-,-,"- ",,A,N,G,G,A,A,H,-,A,A,0,,Y,,,Y,,-,,0,0,0,0,0,0,0,0,0,"- ","- ",,,"SANTA CLARA","SAN JOSE",-121.841552734375,37.284069061279297
8911379,2020,2021-02-16,4312,2020-03-06,1939,7190,,5,5,5,4312,0,0,0,,0,001,"RT 82","CALIFORNIA AV",0.00,S,N,B,-,Y,SCL,4,82,-,-,24.330,I,5,S,Y,1,1,0,2,A,-,06,21755,A,N,D,G,A,A,H,-,E,A,0,,Y,,Y,Y,,L,04,0,0,0,0,0,1,0,0,0,"- ","- ",,,"SANTA CLARA","PALO ALTO",-122.14595031738281,37.425033569335938
8911578,2019,2020-09-22,4313,2019-11-17,1439,4445,KING,7,5,7,4313,0,0,0,,0,0K5,"BANFF ST","DANUBE WY",0.00,,N,A,-,N,,,,,,,,,,Y,1,1,0,2,A,-,11,21950,B,N,G,B,D,A,H,-,A,D,0,Y,,,,Y,,N,60,0,0,0,1,0,0,0,0,0,"- ","- ",37.202659606933594,-121.51274871826172,"SANTA CLARA","SAN JOSE",-121.85774993896484,37.340709686279297
8911604,2020,2020-09-23,4313,2020-09-03,0151,4621,XRAY,4,5,7,4313,0,0,0,,0,0X2,"E CAPITOL EXPWY","SENTER RD",0.00,,Y,A,-,N,,,,,,,,,,Y,1,1,0,1,A,-,03,22350,,N,E,I,A,A,H,-,C,A,0,,,,,Y,,-,,0,0,0,0,0,0,0,0,0,"- ","- ",,,"SANTA CLARA","SAN JOSE",-121.83335876464844,37.293460845947266
8911685,2020,2020-10-13,4316,2020-08-22,2305,10452,55,6,5,6,4316,0,0,0,,0,005,"CASCADE TER","YUKON DR",306.00,E,N,A,-,N,,,,,,,,,,Y,1,1,1,1,A,-,01,23152,B,N,E,I,A,A,H,-,D,D,0,,,,,Y,Y,A,01,1,0,0,0,0,0,0,0,0,"- ","- ",,,"SANTA CLARA",SUNNYVALE,-122.03268432617188,37.348762512207031
8911839,2020,2022-06-18,4313,2020-07-03,1716,4673,FRANK,5,5,7,4313,0,0,0,,0,0F5,"W SAN CARLOS ST","N BUENA VISTA AV",0.00,,Y,A,-,N,,,,,,,,,,Y,1,1,3,2,A,-,01,23152,F,N,C,C,A,A,H,-,A,D,0,,,,,Y,Y,-,,2,0,1,0,0,0,0,0,0,"- ","- ",,,"SANTA CLARA","SAN JOSE",-121.91890716552734,37.323509216308594
8913410,2019,2020-01-29,4304,2019-07-19,1645,A08497,4304,5,5,4,4304,0,0,0,,0,001,"RT 152","CAMERON BL",0.00,,Y,A,-,Y,SCL,4,152,-,-,10.630,H,-,E,Y,2,0,1,2,A,-,06,21755,A,N,B,C,A,A,H,-,A,D,0,,,Y,,Y,,C,02,1,0,0,0,0,0,0,0,1,"- ","- ",,,"SANTA CLARA",GILROY,-121.54693603515625,37.003814697265625
8914431,2019,2019-08-09,4316,2019-07-12,0900,11388,62,5,5,6,4316,0,0,0,,0,006,"HOMESTEAD RD","HERON AV",0.00,,Y,A,-,N,,,,,,,,,,Y,2,0,3,2,A,-,08,22100,B,N,D,C,A,A,H,-,A,A,0,,,,,Y,,A,01,1,0,2,0,0,0,0,0,0,"- ","- ",37.337001800537109,-122.01799774169922,"SANTA CLARA",SUNNYVALE,-122.01835632324219,37.337680816650391
8914936,2019,2019-09-05,4316,2019-08-02,1912,14463,34,5,5,6,4316,0,0,0,,0,002,"EVELYN AV","CARROLL ST",0.00,,Y,A,-,N,,,,,,,,,,N,2,0,1,2,A,-,09,21801,A,N,H,G,A,A,H,-,A,D,0,,Y,,,Y,,A,01,1,0,0,0,0,0,1,0,0,"- ","- ",37.376911163330078,-122.02793121337891,"SANTA CLARA",SUNNYVALE,-122.02778625488281,37.376968383789062
8916311,2019,2019-08-16,4313,2019-07-11,0816,3410,SOUTH,4,5,7,4313,0,0,0,,0,0A3,"BRANHAM LN","CALLE DE TOSCA",0.00,,Y,A,-,N,,,,,,,,,,N,2,0,1,1,A,-,08,22107,,N,E,I,A,A,H,-,A,D,0,,,,,Y,,-,,1,0,0,0,0,0,0,0,0,"- ","- ",,,"SANTA CLARA","SAN JOSE",-121.89624786376953,37.25653076171875
8920955,2019,2019-08-26,4300,2019-05-13,0831,1673,C3,1,5,5,4303,0,0,0,,0,74C7,"STELLING RD","HAZELBROOK DR",246.00,N,N,A,-,N,,,,,,,,,,N,2,0,1,2,A,-,08,22107,,N,F,A,A,A,H,-,A,D,0,,Y,,,Y,,A,08,1,0,0,0,0,0,1,0,0,"- ","- ",37.328239440917969,-122.04147338867188,"SANTA CLARA",CUPERTINO,-122.04145050048828,37.328987121582031
8927191,2019,2019-09-04,4307,2019-08-10,1600,5042,LG200,6,5,4,4307,0,0,0,,0,002,"GARDEN LN","OAK PARK DR",0.00,,Y,A,-,N,,,,,,,,,,N,2,0,1,2,A,-,11,21956,A,N,G,B,A,A,H,-,A,D,0,,,,,Y,,-,,1,0,0,0,0,0,0,0,0,"- ","- ",,,"SANTA CLARA","LOS GATOS",-121.95847320556641,37.246181488037109
8927408,2019,2019-09-23,4312,2019-08-02,0036,8130,,5,5,5,4312,0,0,0,,0,003,"COWPER ST","COLORADO AV",18.00,S,N,A,-,N,,,,,,,,,,Y,2,0,1,1,A,-,01,23152,A,N,A,J,A,A,H,-,C,D,0,,,,,Y,Y,A,07,1,0,0,0,0,0,0,0,0,"- ","- ",,,"SANTA CLARA","PALO ALTO",-122.13233947753906,37.431449890136719
8929626,2019,2019-09-26,4313,2019-08-21,0046,4531,ROBER,3,5,7,4313,0,0,0,,0,R-1,"1ST ST","TASMAN DR",0.00,,Y,A,-,N,,,,,,,,,,N,2,0,1,2,A,-,12,21453,A,N,B,G,A,A,H,-,C,A,0,,Y,,,Y,,L,04,1,0,0,0,0,0,1,0,0,"- ","- ",,,"SANTA CLARA","SAN JOSE",-121.94505310058594,37.409259796142578
8930199,2019,2019-11-13,4313,2019-08-24,0427,4649,DN,6,5,7,4313,0,0,0,,0,0N2,"SAN TOMAS EXPWY","STEVENS CREEK BL",500.00,S,N,A,-,N,,,,,,,,,,Y,2,0,2,3,A,-,03,22350,,N,A,A,E,A,H,-,C,D,0,Y,,,,Y,,-,99,2,0,0,0,1,0,0,0,0,"- ","- ",,,"SANTA CLARA","SAN JOSE",-121.96412658691406,37.321949005126953
8931086,2019,2019-09-19,4316,2019-08-12,2213,16835,,1,5,6,4316,0,0,0,,0,,"LANTANA DR","PONDEROSA AV",0.00,,Y,A,-,N,,,,,,,,,,N,2,0,1,1,A,-,03,22350,,N,E,I,A,A,H,-,C,A,0,,,,,Y,Y,M,94,1,0,0,0,0,0,0,0,0,"- ","- ",37.361698150634766,-122.00961303710938,"SANTA CLARA",SUNNYVALE,-122.00958251953125,37.361808776855469
8938750,2019,2019-09-30,4304,2019-09-10,1047,R07128,4304,2,5,4,4304,0,0,0,,0,004,"CHESTNUT ST","OLD GILROY ST",8.00,S,N,A,-,N,,,,,,,,,,N,2,0,1,2,A,-,10,21950,A,N,G,B,B,A,H,-,A,A,0,Y,,,,Y,,A,07,1,0,0,0,1,0,0,0,0,"- ","- ",,,"SANTA CLARA",GILROY,-121.56273651123047,37.005870819091797
8939191,2019,2019-12-05,4313,2019-07-10,0300,3421,CENTR,3,5,7,4313,0,0,0,,0,"K 6","S 10TH ST","S 10TH ST 701",0.00,,N,A,-,N,,,,,,,,,,Y,2,0,1,1,C,-,18,,,N,E,I,A,A,H,-,C,D,0,,,,,Y,,-,"- ",1,0,0,0,0,0,0,0,0,"- ","- ",,,"SANTA CLARA","SAN JOSE",-121.873092,37.330010000000001
8939214,2019,2019-12-17,4313,2019-01-24,1200,4670,A,4,5,7,4313,0,0,0,,0,00X,KOOSER,MERIDIAN,0.00,,Y,A,-,N,,,,,,,,,,Y,1,1,2,2,A,-,12,21453,A,F,D,D,A,A,H,-,A,A,0,,,,,Y,,-,,0,2,0,0,0,0,0,0,0,"- ","- ",,,"SANTA CLARA","SAN JOSE",-121.89199066162109,37.245521545410156