CASE_ID,ACCIDENT_YEAR,PROC_DATE,JURIS,COLLISION_DATE,COLLISION_TIME,OFFICER_ID,REPORTING_DISTRICT,DAY_OF_WEEK,CHP_SHIFT,POPULATION,CNTY_CITY_LOC,SPECIAL_COND,BEAT_TYPE,CHP_BEAT_TYPE,CITY_DIVISION_LAPD,CHP_BEAT_CLASS,BEAT_NUMBER,PRIMARY_RD,SECONDARY_RD,DISTANCE,DIRECTION,INTERSECTION,WEATHER_1,WEATHER_2,STATE_HWY_IND,CALTRANS_COUNTY,CALTRANS_DISTRICT,STATE_ROUTE,ROUTE_SUFFIX,POSTMILE_PREFIX,POSTMILE,LOCATION_TYPE,RAMP_INTERSECTION,SIDE_OF_HWY,TOW_AWAY,COLLISION_SEVERITY,NUMBER_KILLED,NUMBER_INJURED,PARTY_COUNT,PRIMARY_COLL_FACTOR,PCF_CODE_OF_VIOL,PCF_VIOL_CATEGORY,PCF_VIOLATION,PCF_VIOL_SUBSECTION,HIT_AND_RUN,TYPE_OF_COLLISION,MVIW,PED_ACTION,ROAD_SURFACE,ROAD_COND_1,ROAD_COND_2,LIGHTING,CONTROL_DEVICE,CHP_ROAD_TYPE,PEDESTRIAN_ACCIDENT,BICYCLE_ACCIDENT,MOTORCYCLE_ACCIDENT,TRUCK_ACCIDENT,NOT_PRIVATE_PROPERTY,ALCOHOL_INVOLVED,STWD_VEHTYPE_AT_FAULT,CHP_VEHTYPE_AT_FAULT,COUNT_SEVERE_INJ,COUNT_VISIBLE_INJ,COUNT_COMPLAINT_PAIN,COUNT_PED_KILLED,COUNT_PED_INJURED,COUNT_BICYCLIST_KILLED,COUNT_BICYCLIST_INJURED,COUNT_MC_KILLED,COUNT_MC_INJURED,PRIMARY_RAMP,SECONDARY_RAMP,LATITUDE,LONGITUDE,COUNTY,CITY,POINT_X,POINT_Y
91056140,2019,2019-08-21,9340,2019-08-11,0030,022011,,7,3,7,4313,0,1,3,,2,083,"S/B SR-85 TO ALMADEN EXPY","ALMADEN EXPY.",102.00,N,N,A,-,Y,,,85,,,,R,,,Y,2,0,2,1,A,-,01,23152,A,F,E,I,A,A,H,-,D,D,0,,,,,Y,Y,A,01,1,0,1,0,0,0,0,0,0,"- ","- ",37.254501342773438,-121.8760986328125,"SANTA CLARA","SAN JOSE",-121.8760986328125,37.254501342773438
91065281,2019,2019-09-03,9330,2019-08-23,1820,021953,,5,2,2,4306,0,1,1,,2,074,"I-280 N/B FROM MAGDALENA AVENUE","MAGDALENA ROAD",80.00,N,N,A,-,Y,,,280,,,,R,,N,Y,2,0,1,1,A,-,01,23152,A,N,F,A,A,A,H,-,A,D,0,,,Y,,Y,Y,C,02,1,0,0,0,0,0,0,0,1,"- ","- ",37.353420257568359,-122.10710906982422,"SANTA CLARA","LOS ALTOS HILLS",-122.10710906982422,37.353420257568359
9106628,2020,2020-08-19,4313,2020-06-02,2133,3348,CENTR,2,5,7,4313,0,0,0,,0,0K1,"N 6TH","E ST JOHN",0.00,,Y,A,-,N,,,,,,,,,,Y,2,0,1,2,A,-,12,22450,A,F,A,B,B,A,H,-,C,A,0,Y,,,,Y,,-,,1,0,0,0,1,0,0,0,0,"- ","- ",,,"SANTA CLARA","SAN JOSE",-121.88636779785156,37.340179443359375
91067390,2019,2019-10-09,9340,2019-08-23,1448,020466,,5,2,7,4313,0,1,2,,2,120,"US101 S/B","TRIMBLE ROAD",498.00,N,N,A,-,Y,,,101,,,,,,S,Y,2,0,7,9,A,-,01,23152,A,N,B,C,A,A,H,-,A,D,0,,,,,Y,Y,A,01,1,6,0,0,0,0,0,0,0,"- ","- ",37.376739501953125,-121.94273376464844,"SANTA CLARA","SAN JOSE",-121.94271087646484,37.376838684082031
91070927,2019,2019-09-10,9725,2019-08-30,0620,019217,,5,1,9,4300,0,1,3,,1,160,SR-152,"PRUNEDALE RD",1584.00,W,N,A,-,Y,,,152,,,,,,,Y,2,0,1,2,A,-,06,21755,,N,B,C,A,A,H,-,A,D,0,,,Y,Y,Y,,C,02,1,0,0,0,0,0,0,0,1,"- ","- ",36.99755859375,-121.50199127197266,"SANTA CLARA",UNINCORPORATED,-121.50206756591797,36.997489929199219
91077543,2019,2019-09-18,9340,2019-09-12,1710,021560,,4,2,4,4302,0,1,3,,2,172,"SR-17 NORTHBOUND","HAMILTON AVE",3800.00,N,N,A,-,Y,,,17,,,,,,N,Y,2,0,1,3,A,-,08,22107,,F,B,C,A,A,H,-,A,D,0,,,,,Y,,-,99,1,0,0,0,0,0,0,0,0,"- ","- ",37.304698944091797,-121.94049835205078,"SANTA CLARA",CAMPBELL,-121.94044494628906,37.304698944091797
91094259,2019,2019-10-10,9340,2019-09-30,2220,021885,,1,3,7,4313,0,1,1,,2,281,"I-280 N/B",SR-17,1300.00,S,N,A,-,Y,,,280,,,,,,N,Y,2,0,1,1,A,-,08,22107,,N,E,I,A,A,H,-,C,D,0,,,Y,,Y,,C,02,1,0,0,0,0,0,0,0,1,"- ","- ",37.317630767822266,-121.93557739257812,"SANTA CLARA","SAN JOSE",-121.93558502197266,37.317470550537109
91106530,2019,2020-01-08,9330,2019-10-03,0450,022306,,4,3,5,4312,0,1,2,,2,078,"US-101 NORTHBOUND","SAN ANTONIO ROAD",3696.00,N,N,A,-,Y,,,101,,,,,,N,Y,2,0,2,4,A,-,07,21658,A,N,B,C,A,A,H,-,D,D,0,,,,,Y,,A,01,1,0,1,0,0,0,0,0,0,"- ","- ",37.435909271240234,-122.1092529296875,"SANTA CLARA","PALO ALTO",-122.10923767089844,37.435920715332031
91118558,2019,2019-11-12,9340,2019-11-04,1230,022317,,1,1,4,4307,0,1,3,,2,172,"SR-17 S/B","LARK AVE",900.00,S,N,A,-,Y,,,17,,,,,,S,Y,2,0,1,1,A,-,08,22107,,N,E,I,A,A,H,-,A,D,0,,,,,Y,,A,01,1,0,0,0,0,0,0,0,0,"- ","- ",37.247200012207031,-121.96089935302734,"SANTA CLARA","LOS GATOS",-121.96084594726562,37.247169494628906
91119832,2019,2019-11-14,9340,2019-11-05,1818,022396,,2,2,7,4313,0,1,1,,2,681,"I-680 N/B","JACKSON AVE",3440.00,S,N,A,-,Y,,,680,,,,,,N,Y,2,0,1,3,A,-,07,21658,A,N,B,C,A,A,H,-,D,D,0,,,Y,,Y,,-,"- ",1,0,0,0,0,0,0,0,1,"- ","- ",37.344089508056641,-121.84515380859375,"SANTA CLARA","SAN JOSE",-121.84520721435547,37.344165802001953
91122597,2019,2020-07-02,9725,2019-09-22,2035,021618,,7,2,9,4300,0,1,3,,1,160,SR-152,"BLOOMFIELD AVE",1584.00,E,N,A,-,Y,,,152,,,,,,,Y,1,1,9,4,A,-,03,22350,,N,C,C,A,A,H,-,D,D,0,,,,Y,Y,,G,25,2,3,4,0,0,0,0,0,0,"- ","- ",36.986549377441406,-121.48603820800781,"SANTA CLARA",UNINCORPORATED,-121.48603820800781,36.986560821533203
91124413,2019,2019-11-20,9340,2019-11-12,2345,022050,,2,3,9,4300,0,1,3,,2,171,"SR-17 N/B","SUMMIT RD",100.00,N,N,A,-,Y,,,17,,,,,,N,Y,2,0,3,1,A,-,03,22350,,N,E,I,A,A,H,-,C,D,0,,,,,Y,,A,01,1,0,2,0,0,0,0,0,0,"- ","- ",37.145900726318359,-121.98519897460938,"SANTA CLARA",UNINCORPORATED,-121.9852294921875,37.145858764648438
91125198,2019,2019-11-21,9340,2019-11-13,0820,020208,,3,1,6,4314,0,1,1,,2,282,"I-280 N/B","SARATOGA AVENUE",905.00,N,N,A,-,Y,,,,,,,,,,Y,2,0,1,2,A,-,07,21658,A,F,F,A,A,A,H,-,A,D,0,,,Y,,Y,Y,-,99,1,0,0,0,0,0,0,0,1,"- ","- ",37.318161010742188,-121.97794342041016,"SANTA CLARA","SANTA CLARA",-121.97792816162109,37.318077087402344
91125580,2019,2019-11-21,9725,2019-09-12,0930,021612,,4,1,9,4300,0,2,4,,1,020,"MCKEAN RD","COUNTRY VIEW DR",367.00,S,N,A,-,N,,,,,,,,,,N,1,1,0,2,A,-,08,22107,,F,G,B,E,A,H,-,A,D,0,Y,,,,Y,,-,99,0,0,0,1,0,0,0,0,0,"- ","- ",37.188148498535156,-121.78353118896484,"SANTA CLARA",UNINCORPORATED,-121.78498077392578,37.188098907470703
91133944,2019,2020-01-21,9340,2019-12-01,0405,022227,,7,3,7,4313,0,1,2,,2,110,"US-101 N/B","STORY RD.",2300.00,S,N,C,-,Y,,,101,,,,,,N,Y,1,2,4,2,A,-,01,23152,A,N,C,C,A,B,H,-,D,D,0,,,,,Y,Y,A,01,1,0,3,0,0,0,0,0,0,"- ","- ",37.330898284912109,-121.84310150146484,"SANTA CLARA","SAN JOSE",-121.84318542480469,37.330814361572266
91133986,2019,2019-12-03,9725,2019-11-14,0236,022137,,4,3,9,4300,0,3,5,,2,001,"NEW AVE","CHURCH AVE",1115.00,N,N,A,-,N,,,,,,,,,,Y,2,0,1,1,A,-,01,23152,F,N,F,A,A,A,H,-,D,D,0,,,,,Y,,A,01,1,0,0,0,0,0,0,0,0,"- ","- ",37.083629608154297,-121.56494140625,"SANTA CLARA",UNINCORPORATED,-121.56494903564453,37.083545684814453
91136231,2019,2019-12-04,9340,2019-11-22,1329,021560,,5,1,7,4313,0,1,1,,2,282,"I-280 SOUTHBOUND","SARATOGA AVE",2000.00,S,N,A,-,Y,,,280,,,,,,S,N,2,0,1,2,A,-,03,22350,,N,C,C,A,A,H,-,A,D,0,,,Y,,Y,Y,C,02,1,0,0,0,0,0,0,0,1,"- ","- ",37.316799163818359,-121.96810150146484,"SANTA CLARA","SAN JOSE",-121.96808624267578,37.316268920898438
91137301,2019,2019-12-06,9340,2019-11-26,2025,022447,,2,2,7,4313,0,1,1,,2,281,"I-280 N/B","BIRD AVE",250.00,N,N,B,-,Y,,,280,,,,,,N,N,2,0,2,2,A,-,03,22350,,N,C,C,A,B,F,-,C,D,0,,,,,Y,,A,01,1,1,0,0,0,0,0,0,0,"- ","- ",37.315261840820312,-121.90904235839844,"SANTA CLARA","SAN JOSE",-121.90904998779297,37.315284729003906
91156988,2019,2020-04-23,9340,2019-12-20,0305,022398,,5,3,6,4314,0,1,2,,2,120,"US-101 S/B","GREAT AMERICA PKWY O/C",111.00,S,N,B,-,Y,,,101,,,,,,S,Y,2,0,3,5,A,-,01,23152,A,F,C,C,A,A,H,-,D,D,0,,,,,Y,Y,A,07,1,0,2,0,0,0,0,0,0,"- ","- ",37.385429382324219,-121.97634887695312,"SANTA CLARA","SANTA CLARA",-121.97634887695312,37.385448455810547
9115737,2020,2020-08-26,4312,2020-06-11,1336,8069,,4,5,5,4312,0,0,0,,0,002,"MELVILLE AV","PARKINSON AV",40.00,N,N,A,-,N,,,,,,,,,,N,2,0,1,2,A,-,17,22517,,N,C,G,A,A,H,-,A,D,0,,Y,,,Y,,A,07,1,0,0,0,0,0,1,0,0,"- ","- ",,,"SANTA CLARA","PALO ALTO",-122.14632415771484,37.445781707763672
91159925,2019,2020-01-06,9340,2019-12-20,1125,022204,,5,1,7,4313,0,1,1,,2,681,"I-680 N/B TO CAPITOL EXPY.","CAPITOL EXPY",360.00,S,N,B,-,Y,,,680,,,,R,,N,Y,2,0,1,1,A,-,08,22107,,N,E,I,A,A,H,-,A,D,0,,,,,Y,,A,01,1,0,0,0,0,0,0,0,0,"- ","- ",37.354400634765625,-121.83744049072266,"SANTA CLARA","SAN JOSE",-121.83744049072266,37.354400634765625
91162827,2020,2020-01-10,9340,2020-01-07,2250,021822,,2,3,5,4303,0,1,1,,2,282,"I-280 S/B","WOLFE RD",256.00,S,N,A,-,Y,,,280,,,,,,S,Y,2,0,2,3,A,-,03,22350,,N,E,I,A,A,H,-,C,D,0,,,,,Y,,A,01,1,0,1,0,0,0,0,0,0,"- ","- ",37.329761505126953,-122.01300048828125,"SANTA CLARA",CUPERTINO,-122.01302337646484,37.329715728759766
91166220,2020,2020-01-15,9340,2020-01-10,1200,018665,,5,1,7,4313,0,1,3,,2,083,"SR-85 S/B","ALMADEN EXPY",855.00,N,N,A,-,Y,,,85,,,,,,S,Y,2,0,2,3,A,-,07,21658,A,N,B,C,A,A,H,-,A,D,0,,,,,Y,,A,01,2,0,0,0,0,0,0,0,0,"- ","- ",37.253879547119141,-121.88072204589844,"SANTA CLARA","SAN JOSE",-121.88072967529297,37.253910064697266
91167708,2019,2020-05-19,9725,2019-09-18,0755,014585,,3,1,9,4300,0,1,3,,1,160,SR-152,"LAKE RD.",680.00,E,N,A,-,Y,,,152,,,,,,,Y,1,1,2,2,A,-,01,23152,G,N,A,C,A,A,H,-,A,D,0,,,,,Y,Y,A,07,2,0,0,0,0,0,0,0,0,"- ","- ",36.983329772949219,-121.46605682373047,"SANTA CLARA",UNINCORPORATED,-121.466064453125,36.98333740234375
91177031,2020,2020-01-30,9340,2020-01-24,1755,020324,,5,2,7,4313,0,1,2,,2,120,"US101 S/B",SR-87,800.00,N,N,B,-,Y,,,101,,,,,,S,Y,2,0,1,2,A,-,07,21658,A,F,B,C,A,A,H,-,D,D,0,,,Y,,Y,,-,99,1,0,0,0,0,0,0,0,1,"- ","- ",37.374050140380859,-121.929931640625,"SANTA CLARA","SAN JOSE",-121.92990875244141,37.374141693115234
91188421,2019,2020-02-18,9725,2019-08-08,0327,021067,,4,3,7,4313,0,1,2,,2,015,"US-101 N/B","METCALF RD",2640.00,N,N,A,-,Y,,,101,,,,,,N,Y,1,1,2,5,A,-,03,22350,,N,C,C,A,A,H,-,D,D,0,,,,,Y,,A,01,0,2,0,0,0,0,0,0,0,"- ","- ",37.234550476074219,-121.75596618652344,"SANTA CLARA","SAN JOSE",-121.75592803955078,37.234630584716797
9120180,2020,2020-11-14,4305,2020-06-22,0930,380,2,1,5,4,4305,0,0,0,,0,001,"EL CAMINO REAL","DISTEL DR",0.00,,Y,A,-,Y,SCL,4,82,-,-,21.171,I,5,S,Y,2,0,1,2,-,-,"- ",,,N,D,C,A,A,H,-,A,A,0,,,,Y,Y,,-,"- ",1,0,0,0,0,0,0,0,0,"- ","- ",,,"SANTA CLARA","LOS ALTOS",-122.10332489013672,37.396286010742188
91202050,2020,2020-03-05,9340,2020-02-20,0055,022000,,4,3,4,4307,0,1,3,,2,172,"SR-17 N/B","LARK AVE",300.00,S,N,A,-,Y,,,17,,,,,,N,Y,2,0,4,2,A,-,01,23152,A,N,A,C,A,A,H,-,D,D,0,,,,,Y,Y,A,01,1,1,2,0,0,0,0,0,0,"- ","- ",37.248600006103516,-121.95980072021484,"SANTA CLARA","LOS GATOS",-121.95979309082031,37.24859619140625
91203684,2020,2020-03-09,9340,2020-02-20,0058,022126,,4,3,4,4307,0,1,3,,2,172,"SR-17 N/B","LARK AVE",185.00,S,N,A,-,Y,,,17,,,,,,N,Y,2,0,1,2,A,-,03,22350,,N,D,C,A,A,B,C,C,D,0,,,Y,,Y,,C,02,1,0,0,0,0,0,0,0,1,"- ","- ",37.248779296875,-121.95967864990234,"SANTA CLARA","LOS GATOS",-121.95968627929688,37.248783111572266
91207175,2020,2020-03-12,9725,2020-03-07,0025,021304,,6,3,9,4300,0,1,3,,1,150,SR-152,"POLE LINE RD",5280.00,E,N,C,-,Y,,,152,,,,,,,Y,2,0,1,1,A,-,03,22350,,N,E,I,A,B,H,-,D,D,0,,,,,Y,,A,01,1,0,0,0,0,0,0,0,0,"- ","- ",36.997318267822266,-121.71446990966797,"SANTA CLARA",UNINCORPORATED,-121.71452331542969,36.997299194335938
91210238,2020,2020-03-17,9725,2020-03-03,1135,019217,,2,1,9,4300,0,2,4,,1,020,"WATSONVILLE RD","WATSONVILLE CT",528.00,N,N,A,-,N,,,,,,,,,,N,2,0,1,1,A,-,03,22350,,N,F,A,A,A,H,-,A,D,0,,Y,,,Y,,L,04,1,0,0,0,0,0,1,0,0,"- ","- ",37.082660675048828,-121.65341949462891,"SANTA CLARA",UNINCORPORATED,-121.65358734130859,37.082351684570312
9121239,2020,2021-09-20,4305,2020-06-02,2054,335,PALOA,2,5,4,4305,0,0,0,,0,001,"FOOTHILL EXPWY","MAIN ST",0.00,,Y,A,-,N,,,,,,,,,,Y,2,0,6,2,A,-,01,23153,A,N,D,C,A,A,H,-,C,A,0,,,,,Y,Y,A,01,2,2,2,0,0,0,0,0,0,"- ","- ",,,"SANTA CLARA","LOS ALTOS",-122.118408203125,37.377490997314453
91214603,2020,2020-03-24,9340,2020-03-14,1755,022407,,6,2,7,4313,0,1,1,,2,281,"I-280 N/B","11TH ST",2000.00,S,N,B,C,Y,,,280,,,,,,N,Y,2,0,1,1,A,-,03,22350,,N,E,I,A,B,H,-,A,D,0,,,,,Y,,A,07,1,0,0,0,0,0,0,0,0,"- ","- ",37.331699371337891,-121.86589813232422,"SANTA CLARA","SAN JOSE",-121.86571502685547,37.331390380859375
91220035,2020,2020-04-02,9340,2020-03-27,1550,022443,,5,2,9,4300,0,3,5,,2,010,"MINES RD",SR-130,13200.00,N,N,A,-,Y,,,,,,,,,,N,2,0,1,1,A,-,03,22350,,N,F,A,A,A,H,-,A,D,0,,,Y,,Y,,C,02,1,0,0,0,0,0,0,0,1,"- ","- ",37.425918579101562,-121.50620269775391,"SANTA CLARA",UNINCORPORATED,,
91225750,2020,2020-04-15,9340,2020-04-12,1815,021701,,7,2,9,4300,0,1,3,,2,009,"SR-9 S/B","HEATHER HEIGHTS RD",1081.00,N,N,A,-,Y,,,9,,,,,,S,Y,2,0,1,1,A,-,08,22107,,N,F,A,A,A,H,-,A,D,0,,,Y,,Y,,C,02,1,0,0,0,0,0,0,0,1,"- ","- ",37.258800506591797,-122.11399841308594,"SANTA CLARA",UNINCORPORATED,-122.11399841308594,37.258796691894531
91227397,2020,2020-04-20,9340,2020-01-18,1615,021745,,6,2,9,4300,0,1,3,,2,009,"STATE ROUTE 9","HEATHER HEIGHTS RD",1740.00,N,N,A,-,Y,,,9,,,,,,,Y,1,1,0,3,A,-,05,21460,A,N,B,C,A,A,H,-,B,A,0,,,Y,,Y,,C,02,0,0,0,0,0,0,0,1,0,"- ","- ",37.260299682617188,-122.11280059814453,"SANTA CLARA",UNINCORPORATED,-122.11277770996094,37.260288238525391
9122868,2020,2020-10-13,4313,2020-07-16,1715,4147,FOOTH,4,5,7,4313,0,0,0,,0,P-1,"QUIMBY RD","CAPITOL EXPWY",0.00,,Y,A,-,N,,,,,,,,,,Y,2,0,1,1,A,-,08,22107,,N,-,I,A,A,H,-,A,A,0,,,,,Y,Y,-,"- ",1,0,0,0,0,0,0,0,0,"- ","- ",,,"SANTA CLARA","SAN JOSE",-121.80857849121094,37.323879241943359
91231334,2020,2020-04-30,9340,2020-04-28,1150,015825,,2,1,9,4300,0,1,3,,2,131,"SR-130 W/B (ALUM ROCK AVE.)","RENNIE AVE.",60.00,W,N,A,-,Y,,,130,,,,,,W,Y,2,0,1,1,A,-,08,22107,,N,E,I,A,A,H,-,A,D,0,,,,,Y,,A,01,1,0,0,0,0,0,0,0,0,"- ","- ",37.382381439208984,-121.81688690185547,"SANTA CLARA",UNINCORPORATED,-121.81703186035156,37.382469177246094
91239368,2020,2020-05-19,9330,2020-05-07,0725,022020,,4,1,5,4311,0,1,2,,2,078,"US-101 S/B FROM SHORELINE BOULEVARD","MOFFETT BOULEVARD O/C",653.00,N,N,A,-,Y,,,101,,,,R,,S,Y,2,0,2,2,A,-,08,22107,,N,G,B,E,A,H,-,A,D,0,Y,,,,Y,,A,01,1,1,0,0,1,0,0,0,0,"- ","- ",37.407890319824219,-122.06841278076172,"SANTA CLARA","MOUNTAIN VIEW",-122.06841278076172,37.407890319824219
91243302,2020,2020-05-27,9340,2020-05-19,1019,018680,,2,1,7,4313,0,1,1,,2,088,"I-880 S/B","STEVENS CREEK BLVD",225.00,N,N,A,-,Y,,,880,,,,,,S,Y,2,0,1,1,A,-,08,22107,,N,E,I,A,A,H,-,A,D,0,,,,,Y,,A,08,1,0,0,0,0,0,0,0,0,"- ","- ",37.322399139404297,-121.94080352783203,"SANTA CLARA","SAN JOSE",-121.940673828125,37.322410583496094
91245032,2020,2022-01-06,9725,2020-05-04,1043,020906,,1,1,4,4304,0,1,2,,2,011,"US-101 N/B","BUENA VISTA AVENUE",59.00,S,N,A,-,Y,,,101,,,,,,N,Y,1,1,0,1,A,-,08,22107,,N,E,I,A,A,H,-,A,D,0,,,,,Y,,A,01,0,0,0,0,0,0,0,0,0,"- ","- ",37.043720245361328,-121.57746887207031,"SANTA CLARA",GILROY,-121.57753753662109,37.043689727783203
91247153,2020,2020-06-03,9340,2020-06-01,1400,021737,,1,2,9,4300,0,3,5,,2,040,"OLD SANTA CRUZ HWY","HOLY CITY RD",635.00,N,N,A,-,N,,,,,,,,,,N,2,0,1,1,A,-,08,22107,,N,F,A,A,A,H,-,A,D,0,,Y,,,Y,,L,04,1,0,0,0,0,0,1,0,0,"- ","- ",37.158161163330078,-121.97898864746094,"SANTA CLARA",UNINCORPORATED,-121.97895812988281,37.158123016357422
9125068,2020,2020-09-18,4313,2020-06-17,1745,4845,FOOTH,3,5,7,4313,0,0,0,,0,0C4,"CAPITOL EXPWY","STORY RD",0.00,,Y,A,-,N,,,,,,,,,,Y,2,0,1,2,A,-,12,21453,A,N,D,C,A,A,H,-,A,-,0,,,,,Y,,-,"- ",1,0,0,0,0,0,0,0,0,"- ","- ",,,"SANTA CLARA","SAN JOSE",-121.82711029052734,37.350860595703125
91252363,2020,2020-06-16,9340,2020-06-06,1006,018508,,6,1,7,4313,0,1,2,,2,110,"US 101 S/B FROM E/B MCKEE ROAD","MC KEE RD",360.00,S,N,A,-,Y,,,,,,,,,,Y,2,0,1,2,A,-,03,22350,,N,D,C,A,A,H,-,A,D,0,,,Y,Y,Y,,C,02,1,0,0,0,0,0,0,0,1,"- ","- ",37.353000640869141,-121.8656005859375,"SANTA CLARA","SAN JOSE",,
91257467,2020,2020-06-25,9340,2020-05-21,1255,020208,,4,1,9,4300,0,3,5,,2,050,"REDWOOD GULCH ROAD N/B","STEVENS CANYON ROAD",555.00,S,N,A,-,N,,,,,,,,,,N,2,0,1,1,A,-,03,22350,,N,F,A,A,A,B,-,A,D,0,,Y,,,Y,,L,04,1,0,0,0,0,0,1,0,0,"- ","- ",37.266250610351562,-122.09422302246094,"SANTA CLARA",UNINCORPORATED,-122.09425354003906,37.266292572021484
91261252,2020,2020-07-01,9330,2020-06-24,1745,021662,,3,2,5,4311,0,1,2,,2,078,"US-101 SOUTHBOUND","SHORELINE BLVD",200.00,S,N,A,-,Y,,,101,,,,,,S,Y,2,0,2,1,C,-,18,,,N,F,A,A,A,A,-,A,D,0,,,Y,,Y,,-,"- ",1,1,0,0,0,0,0,0,2,"- ","- ",37.411590576171875,-122.07775115966797,"SANTA CLARA","MOUNTAIN VIEW",-122.07770538330078,37.411693572998047
91265751,2020,2020-07-09,9340,2020-07-01,1546,021348,,3,2,9,4300,0,3,5,,2,070,"BASCOM AVENUE S/B","RENOVA DR",100.00,S,N,A,-,N,,,,,,,,,,N,2,0,1,2,A,-,09,21804,A,N,D,G,A,A,H,-,A,D,0,,Y,,,Y,,L,04,1,0,0,0,0,0,1,0,0,"- ","- ",37.185131072998047,-121.55548858642578,"SANTA CLARA",UNINCORPORATED,-121.93182373046875,37.314346313476562
91266273,2020,2022-01-06,9725,2020-06-02,0805,020276,,2,1,9,4300,0,3,5,,2,001,"FRAZIER LAKE ROAD","BLOOMFIELD AVENUE",2600.00,S,N,A,-,N,,,,,,,,,,Y,1,2,0,2,A,-,08,22107,,N,E,I,A,A,H,-,A,D,0,,,,,Y,,A,01,0,0,0,0,0,0,0,0,0,"- ","- ",36.97222900390625,-121.50174713134766,"SANTA CLARA",UNINCORPORATED,-121.50262451171875,36.972911834716797
91267380,2020,2020-07-13,9340,2020-07-03,1250,022253,,5,1,7,4313,0,1,2,,2,110,"US101 N/B","TULLY RD",1033.00,N,N,A,-,Y,,,101,,,,,,N,Y,2,0,1,2,A,-,08,22107,,N,C,C,A,A,H,-,A,D,0,,,Y,,Y,,C,02,1,0,0,0,0,0,0,0,1,"- ","- ",37.320949554443359,-121.83354187011719,"SANTA CLARA","SAN JOSE",-121.83365631103516,37.320831298828125
91268034,2020,2020-07-14,9340,2020-07-07,1548,022242,,2,2,7,4313,0,1,1,,2,281,"I-280 S/B","MERIDIAN AVE",276.00,N,N,A,-,Y,,,280,,,,,,S,Y,2,0,2,4,A,-,03,22350,,N,C,C,A,A,H,-,A,D,0,,,,,Y,,A,01,1,0,1,0,0,0,0,0,0,"- ","- ",37.31610107421875,-121.91729736328125,"SANTA CLARA","SAN JOSE",-121.91728973388672,37.316123962402344
91282620,2020,2020-08-07,9330,2020-05-27,0905,022169,,3,1,5,4312,0,1,2,,2,078,"US-101 S/B TO SAN ANTONIO ROAD S/B","SAN ANTONIO ROAD",17.00,N,N,A,-,Y,,,101,,,,R,,S,N,1,1,0,2,A,-,09,21804,A,N,H,G,A,A,H,-,A,D,0,,Y,,,Y,,L,04,0,0,0,0,0,1,0,0,0,"- ","- ",37.426948547363281,-122.10195159912109,"SANTA CLARA","PALO ALTO",-122.10195159912109,37.426948547363281
9128342,2020,2020-09-21,4310,2020-06-30,1156,233,1,2,5,4,4310,0,0,0,,0,,"LLAGAS RD","LLAGAS RD 1390",0.00,,Y,A,-,N,,,,,,,,,,N,2,0,1,1,A,-,03,22350,,N,H,A,A,A,H,-,A,D,0,,Y,,,Y,,L,04,1,0,0,0,0,0,1,0,0,"- ","- ",,,"SANTA CLARA","MORGAN HILL",-121.68393500000001,37.132097000000002
91283616,2020,2020-08-10,9340,2020-08-03,1845,020324,,1,2,9,4300,0,3,5,,2,050,"MT. EDEN RD.","STEVENS CANYON RD",2112.00,S,N,A,-,N,,,,,,,,,,N,2,0,1,2,A,-,05,21460,A,N,H,G,A,A,H,-,A,D,0,,Y,,,Y,,E,22,1,0,0,0,0,0,1,0,0,"- ","- ",37.277339935302734,-122.07103729248047,"SANTA CLARA",UNINCORPORATED,-122.07155609130859,37.278221130371094
91285505,2020,2020-08-13,9725,2020-08-07,0135,021774,,5,3,9,4300,0,2,4,,1,020,"WATSONVILLE RD","MOSEGARD LN",500.00,W,N,A,-,N,,,,,,,,,,Y,2,0,1,1,A,-,08,22107,,N,F,A,A,A,H,-,C,D,0,,,,,Y,,D,22,1,0,0,0,0,0,0,0,0,"- ","- ",37.089691162109375,-121.64994049072266,"SANTA CLARA",UNINCORPORATED,-121.65096282958984,37.089469909667969
91287532,2020,2020-08-17,9725,2020-08-09,2300,022137,,7,3,7,4313,0,1,3,,2,086,"SR-85 S/B","BERNAL RD",5280.00,S,N,A,-,Y,,,,,,,,,,Y,2,0,1,2,A,-,03,22350,,N,B,C,A,A,H,-,D,D,0,,,Y,,Y,,C,02,1,0,0,0,0,0,0,0,1,"- ","- ",37.238410949707031,-121.76352691650391,"SANTA CLARA","SAN JOSE",-121.77789306640625,37.241001129150391