CASE_ID,ACCIDENT_YEAR,PROC_DATE,JURIS,COLLISION_DATE,COLLISION_TIME,OFFICER_ID,REPORTING_DISTRICT,DAY_OF_WEEK,CHP_SHIFT,POPULATION,CNTY_CITY_LOC,SPECIAL_COND,BEAT_TYPE,CHP_BEAT_TYPE,CITY_DIVISION_LAPD,CHP_BEAT_CLASS,BEAT_NUMBER,PRIMARY_RD,SECONDARY_RD,DISTANCE,DIRECTION,INTERSECTION,WEATHER_1,WEATHER_2,STATE_HWY_IND,CALTRANS_COUNTY,CALTRANS_DISTRICT,STATE_ROUTE,ROUTE_SUFFIX,POSTMILE_PREFIX,POSTMILE,LOCATION_TYPE,RAMP_INTERSECTION,SIDE_OF_HWY,TOW_AWAY,COLLISION_SEVERITY,NUMBER_KILLED,NUMBER_INJURED,PARTY_COUNT,PRIMARY_COLL_FACTOR,PCF_CODE_OF_VIOL,PCF_VIOL_CATEGORY,PCF_VIOLATION,PCF_VIOL_SUBSECTION,HIT_AND_RUN,TYPE_OF_COLLISION,MVIW,PED_ACTION,ROAD_SURFACE,ROAD_COND_1,ROAD_COND_2,LIGHTING,CONTROL_DEVICE,CHP_ROAD_TYPE,PEDESTRIAN_ACCIDENT,BICYCLE_ACCIDENT,MOTORCYCLE_ACCIDENT,TRUCK_ACCIDENT,NOT_PRIVATE_PROPERTY,ALCOHOL_INVOLVED,STWD_VEHTYPE_AT_FAULT,CHP_VEHTYPE_AT_FAULT,COUNT_SEVERE_INJ,COUNT_VISIBLE_INJ,COUNT_COMPLAINT_PAIN,COUNT_PED_KILLED,COUNT_PED_INJURED,COUNT_BICYCLIST_KILLED,COUNT_BICYCLIST_INJURED,COUNT_MC_KILLED,COUNT_MC_INJURED,PRIMARY_RAMP,SECONDARY_RAMP,LATITUDE,LONGITUDE,COUNTY,CITY,POINT_X,POINT_Y
91767234,2022,2022-05-09,9340,2022-04-28,0900,022478,,4,1,6,4316,0,1,2,,2,120,"US-101 N/B","SR-237 W/B",320.00,N,N,A,-,Y,SCL,,101,,,46.209,H,,R,N,2,0,1,1,A,-,03,22350,,N,F,A,A,A,H,-,A,D,0,,,Y,,Y,,C,02,1,0,0,0,0,0,0,0,1,"- ","- ",37.401020050048828,-122.03690338134766,"SANTA CLARA",SUNNYVALE,-122.03689575195312,37.401039123535156
91767264,2022,2022-05-09,9340,2022-04-29,1645,022819,,5,2,7,4313,0,1,1,,2,088,"I-880 S/B",I-280,750.00,N,N,A,-,Y,SCL,,880,,,0.208,H,,L,Y,2,0,1,1,A,-,08,22107,,N,E,I,A,A,H,-,A,D,0,,,,,Y,,A,01,1,0,0,0,0,0,0,0,0,"- ","- ",37.320209503173828,-121.94049835205078,"SANTA CLARA","SAN JOSE",-121.94044494628906,37.320213317871094
91769076,2021,2022-05-10,9340,2021-12-04,0115,022322,,6,3,5,4303,0,1,1,,2,282,"I-280 S/B","DE ANZA BLVD",1618.00,S,N,A,-,Y,,,280,,,,,,S,N,1,1,0,2,A,-,03,22350,,F,C,C,A,A,H,-,D,D,0,,,Y,,Y,,-,99,0,0,0,0,0,0,0,1,0,"- ","- ",37.334239959716797,-122.02715301513672,"SANTA CLARA",CUPERTINO,-122.02715301513672,37.334274291992188
91770529,2022,2022-05-12,9340,2022-05-02,2245,022704,,1,3,7,4313,0,1,1,,2,281,"I-280 N/B","RACE STREET",440.00,N,N,A,-,Y,SCL,,280,,R,3.850,H,,R,Y,2,0,1,2,A,-,08,22107,,N,B,C,A,A,H,-,D,D,0,,,Y,,Y,,C,02,1,0,0,0,0,0,0,0,1,"- ","- ",37.314998626708984,-121.91246795654297,"SANTA CLARA","SAN JOSE",-121.91248321533203,37.3148193359375
91776020,2022,2022-05-19,9330,2022-03-14,1705,022754,,1,2,5,4311,0,1,2,,2,078,"US-101 N/B","OLD MIDDLEFIELD ROAD",1584.00,S,N,A,-,Y,SCL,,101,,,48.655,H,,R,N,2,0,1,2,A,-,08,22107,,N,E,C,A,A,H,-,A,D,0,,,Y,,Y,,C,02,1,0,0,0,0,0,0,0,1,"- ","- ",37.412498474121094,-122.07894134521484,"SANTA CLARA","MOUNTAIN VIEW",-122.07896423339844,37.412456512451172
91789952,2022,2022-06-07,9725,2022-05-28,0906,021811,,6,1,9,4300,0,2,4,,1,020,"UVAS ROAD","CROY RD",1.00,N,N,A,-,Y,,,,,,,,,,N,2,0,2,2,A,-,03,22350,,N,D,C,A,A,H,-,A,D,0,,,Y,,Y,,C,02,2,0,0,0,0,0,0,0,2,"- ","- ",37.108249664306641,-121.73246765136719,"SANTA CLARA",UNINCORPORATED,-121.73221588134766,37.108512878417969
9180185,2020,2020-12-03,4316,2020-10-02,1124,12972,51,5,5,6,4316,0,0,0,,0,005,"EL CAMINO REAL","BERNARDO AV",0.00,,Y,A,-,Y,SCL,4,82,-,-,18.842,I,5,S,N,2,0,1,2,A,-,10,21950,A,N,G,B,B,A,H,-,A,A,0,Y,,,,Y,,A,07,1,0,0,0,1,0,0,0,0,"- ","- ",37.373851776123047,-122.05629730224609,"SANTA CLARA",SUNNYVALE,-122.06768798828125,37.378097534179688
91807144,2022,2022-06-30,9340,2022-06-21,0821,018680,,2,1,7,4313,0,1,3,,2,240,"SR-237 W/B","N 1ST STREET",1200.00,E,N,A,-,Y,SCL,,237,,,7.250,H,,L,Y,2,0,1,2,A,-,07,21658,A,N,C,C,A,A,H,-,A,A,0,,,Y,,Y,,D,22,1,0,0,0,0,0,0,0,1,"- ","- ",37.419460296630859,-121.9532470703125,"SANTA CLARA","SAN JOSE",-121.9532470703125,37.419475555419922
9181010,2020,2020-12-14,4313,2020-10-31,1353,4513,FRANK,6,5,7,4313,0,0,0,,0,003,"NAGLEE AV","TRACE AV",100.00,W,N,A,-,N,,,,,,,,,,Y,2,0,4,4,A,-,08,22107,,N,A,C,A,A,H,-,A,D,0,,,,,Y,,-,,1,0,3,0,0,0,0,0,0,"- ","- ",37.194461822509766,-121.554931640625,"SANTA CLARA","SAN JOSE",-121.93068695068359,37.328865051269531
91813189,2022,2022-07-08,9340,2022-06-21,1542,020684,,2,2,9,4300,0,1,3,,2,009,SR-9,"HEATHER HEIGHTS RD",3240.00,N,N,A,-,Y,SCL,,9,,,1.015,H,,R,Y,2,0,2,2,A,-,05,21460,A,N,A,C,A,A,H,-,A,A,0,,,,,Y,,A,01,1,1,0,0,0,0,0,0,0,"- ","- ",37.260299682617188,-122.10919189453125,"SANTA CLARA",UNINCORPORATED,-122.10922241210938,37.260292053222656
91822458,2022,2022-07-21,9340,2022-06-26,0008,022447,,7,3,9,4300,0,1,3,,2,171,"SR-17 S/B","SUMMIT RD",1180.00,N,N,A,-,Y,SCL,,17,,,0.323,H,,L,Y,2,0,1,1,A,-,01,23152,A,N,E,I,A,A,H,-,D,D,0,,,,,Y,Y,A,01,1,0,0,0,0,0,0,0,0,"- ","- ",37.147369384765625,-121.98802185058594,"SANTA CLARA",UNINCORPORATED,-121.98792266845703,37.147396087646484
91823291,2022,2022-07-22,9340,2022-07-12,1858,021348,,2,2,4,4315,0,1,3,,2,085,"SR-85 S/B","SARATOGA AVE",2200.00,S,N,A,-,Y,SCL,,85,,R,13.347,H,,L,Y,2,0,1,2,A,-,03,22350,,N,C,2,A,A,H,-,A,D,0,,,,,Y,,A,01,1,0,0,0,0,0,0,0,0,"- ","- ",37.274009704589844,-122.00224304199219,"SANTA CLARA",SARATOGA,-122.00221252441406,37.274051666259766
91831037,2022,2022-08-02,9330,2022-07-22,1850,022793,,5,2,9,4300,0,3,5,,2,071,"JUNIPERO SERRA BOULEVARD","CAMPUS DRIVE",127.00,N,N,A,-,N,,,,,,,,,,N,2,0,1,2,A,-,09,21803,A,N,B,G,A,A,H,-,A,A,0,,Y,,,Y,,A,01,1,0,0,0,0,0,1,0,0,"- ","- ",37.419841766357422,-122.17613220214844,"SANTA CLARA",UNINCORPORATED,-122.18272399902344,37.4219970703125
91832103,2022,2022-08-03,9340,2022-07-25,2054,022819,,1,2,7,4313,0,1,1,,2,282,"I-280 N/B",SR-17,5.00,N,N,A,-,Y,SCL,,280,,L,5.401,H,,R,Y,2,0,1,3,A,-,03,22350,,N,C,2,A,A,H,-,D,D,0,,,,,Y,Y,A,01,1,0,0,0,0,0,0,0,0,"- ","- ",37.317409515380859,-121.94019317626953,"SANTA CLARA","SAN JOSE",-121.94019317626953,37.317417144775391
91833313,2022,2022-08-04,9340,2022-07-24,1935,022806,,7,2,7,4313,0,1,2,,2,120,"US-101 N/B","MONTAGUE EXPY",2500.00,S,N,A,-,Y,SCL,,101,,,41.420,H,,R,N,2,0,1,1,A,-,01,23152,A,N,E,I,A,A,H,-,A,D,0,,,,,Y,Y,A,07,1,0,0,0,0,0,0,0,0,"- ","- ",37.379531860351562,-121.95435333251953,"SANTA CLARA","SAN JOSE",-121.95439910888672,37.37939453125
91839254,2022,2022-08-12,9340,2022-08-06,0655,022543,,6,1,5,4308,0,1,1,,2,089,"I-880 S/B","DIXON LANDING RD.",2738.00,S,N,A,-,Y,SCL,,880,,,9.897,H,,L,Y,2,0,1,1,A,-,08,22107,,N,E,I,A,A,H,-,A,D,0,,,,,Y,,A,01,1,0,0,0,0,0,0,0,0,"- ","- ",37.446678161621094,-121.92182159423828,"SANTA CLARA",MILPITAS,-121.92166900634766,37.446697235107422
91840143,2022,2022-08-15,9340,2022-08-04,0110,022624,,4,3,7,4313,0,1,3,,2,083,"SR-85 S/B FROM CAMDEN AVENUE","CAMDEN AVENUE",280.00,S,N,A,-,Y,,,,,,,,,,N,2,0,1,1,A,-,01,23152,A,N,F,I,A,A,H,-,C,D,0,,,,,Y,Y,A,01,1,0,0,0,0,0,0,0,0,"- ","- ",37.249820709228516,-121.90849304199219,"SANTA CLARA","SAN JOSE",-121.90849304199219,37.249820709228516
91840175,2022,2022-08-15,9340,2022-08-04,0055,022968,,4,3,7,4313,0,1,1,,2,281,"I-280 S/B",SR-87,300.00,S,N,A,-,Y,SCL,,280,,R,2.456,H,,L,Y,2,0,3,1,A,-,01,23152,A,M,E,8,A,A,H,-,C,D,0,,,,,Y,Y,A,07,2,1,0,0,0,0,0,0,0,"- ","- ",37.324089050292969,-121.89106750488281,"SANTA CLARA","SAN JOSE",-121.89104461669922,37.324016571044922
91841158,2022,2022-08-16,9330,2022-08-05,0600,021927,,5,1,9,4300,0,1,1,,2,074,"I-280 NB","MAGDALENA AVE.",1300.00,S,N,A,-,Y,SCL,,280,,,13.850,H,,R,Y,2,0,1,1,A,-,08,22107,,N,E,I,A,A,H,-,B,D,0,,,,,Y,,A,01,1,0,0,0,0,0,0,0,0,"- ","- ",37.349899291992188,-122.10455322265625,"SANTA CLARA",UNINCORPORATED,-122.10451507568359,37.34991455078125
9184693,2020,2021-02-02,4313,2020-11-17,1940,4568,FOOTH,2,5,7,4313,0,0,0,,0,0W2,"BERRYESSA RD","SANDSTONE LN",0.00,,Y,A,-,N,,,,,,,,,,N,2,0,1,2,A,-,03,22350,,F,D,B,B,B,H,-,C,A,0,Y,,,,Y,Y,-,,1,0,0,0,1,0,0,0,0,"- ","- ",,,"SANTA CLARA","SAN JOSE",-121.85919952392578,37.388069152832031
91855023,2022,2022-09-01,9340,2022-05-01,0615,022478,,7,1,7,4313,0,1,2,,2,110,"US-101 S/B","CAPITOL EXPY",560.00,N,N,A,-,Y,SCL,,101,,,32.413,H,,L,Y,1,1,0,2,A,-,01,23152,F,N,C,C,A,A,H,-,A,D,0,,,,Y,Y,,A,01,0,0,0,0,0,0,0,0,0,"- ","- ",37.311241149902344,-121.82479858398438,"SANTA CLARA","SAN JOSE",-121.82477569580078,37.311256408691406
91855034,2021,2022-09-01,9340,2021-08-06,2335,022602,,5,3,7,4313,0,1,2,,2,110,"US-101 S/B","STORY RD",1732.00,S,N,A,-,Y,,,101,,,,,,S,Y,1,1,1,2,A,-,11,21954,A,N,G,B,E,A,H,-,C,D,0,Y,,,,Y,,N,60,0,0,1,1,0,0,0,0,0,"- ","- ",37.331928253173828,-121.84468841552734,"SANTA CLARA","SAN JOSE",-121.84469604492188,37.331928253173828
91858344,2022,2022-09-06,9340,2022-09-03,2245,022967,,6,3,7,4313,0,1,1,,2,681,"I-680 N/B","CAPITOL AVE",707.00,N,N,A,-,Y,SCL,,680,,M,5.259,H,,R,Y,2,0,1,2,A,-,01,23152,A,N,C,C,A,A,H,-,D,D,0,,,,,Y,Y,A,07,1,0,0,0,0,0,0,0,0,"- ","- ",37.40155029296875,-121.87610626220703,"SANTA CLARA","SAN JOSE",-121.87630462646484,37.401512145996094
9185864,2020,2021-04-28,4313,2020-11-04,1303,3967,DN,3,5,7,4313,0,0,0,,0,0N1,"DE ANZA BL","BOLLINGER RD",250.00,S,N,A,-,N,,,,,,,,,,N,1,1,0,2,A,-,11,21954,A,N,G,B,D,A,H,-,A,A,0,Y,,,,Y,,N,60,0,0,0,1,0,0,0,0,0,"- ","- ",,,"SANTA CLARA","SAN JOSE",-122.0323486328125,37.311561584472656
9185869,2020,2021-02-04,4313,2020-11-05,1704,4891,FOOTH,4,5,7,4313,0,0,0,,0,0C3,"CATHAY DR","CATHAY DR 1348",8.00,W,N,A,-,N,,,,,,,,,,N,2,0,2,2,A,-,08,22107,,F,A,G,A,A,H,-,C,D,0,,Y,,,Y,Y,-,,2,0,0,0,0,0,2,0,0,"- ","- ",37.202510833740234,-121.50624084472656,"SANTA CLARA","SAN JOSE",,
91859603,2021,2022-09-08,9340,2021-07-24,0700,022332,,6,1,9,4300,0,1,3,,2,087,"SR-87 N/B","CAPITOL EXPRESSWAY",1311.00,S,N,A,-,Y,,,,,,,,,,Y,1,1,0,1,A,-,08,22107,,N,E,I,A,A,H,-,A,D,0,,,Y,,Y,,C,02,0,0,0,0,0,0,0,1,0,"- ","- ",37.269950866699219,-121.86058044433594,"SANTA CLARA",UNINCORPORATED,-121.86199951171875,37.271278381347656
91861219,2022,2022-09-09,9340,2022-08-28,2110,020574,,7,2,7,4313,0,1,3,,2,083,"SR-85 N/B TO SR-87 N/B","SANTA TERESA BLVD",742.00,S,N,A,-,Y,,,,,,,,,,N,2,0,1,1,A,-,01,23152,A,M,E,I,A,A,H,-,C,D,0,,,,,Y,Y,D,22,1,0,0,0,0,0,0,0,0,"- ","- ",37.256069183349609,-121.85630035400391,"SANTA CLARA","SAN JOSE",-121.85630035400391,37.256069183349609
91867828,2022,2022-09-19,9340,2022-04-11,2500,021408,,1,4,7,4313,0,1,1,,2,681,"I-680 NB FROM MCKEE ROAD","MCKEE ROAD",992.00,N,N,C,-,Y,,,,,,,,,,Y,1,1,0,1,A,-,01,23152,F,N,E,8,A,B,H,-,A,D,0,,,,,Y,,A,01,0,0,0,0,0,0,0,0,0,"- ","- ",37.370601654052734,-121.84812164306641,"SANTA CLARA","SAN JOSE",-121.84812164306641,37.370601654052734
91872917,2022,2022-09-26,9340,2022-09-07,1930,023025,,3,2,9,4300,0,3,5,,2,040,"SHELDON RD.","LA MIRADA RD",950.00,N,N,A,-,N,,,,,,,,,,Y,2,0,1,1,A,-,13,22515,B,N,E,I,A,A,H,-,A,D,0,,,,,Y,,-,"- ",1,0,0,0,0,0,0,0,0,"- ","- ",37.223430633544922,-122.00241088867188,"SANTA CLARA",UNINCORPORATED,-122.00189971923828,37.224769592285156
91873526,2022,2022-09-26,9340,2022-05-21,2140,022644,,6,2,7,4313,0,1,3,,2,172,"SR-17 N/B TO I-280 S/B","MOORPARK AVE",70.00,N,N,A,-,Y,,,,,,,,,,Y,1,1,0,1,A,-,01,23152,G,N,E,I,A,A,H,-,C,D,0,,,,,Y,Y,A,01,0,0,0,0,0,0,0,0,0,"- ","- ",37.316341400146484,-121.93981170654297,"SANTA CLARA","SAN JOSE",-121.93981170654297,37.316341400146484
9188081,2020,2021-01-05,4310,2020-10-12,0752,243,2,1,5,4,4310,0,0,0,,0,,"PEET RD","MISSION AVENIDA",75.00,N,N,A,-,N,,,,,,,,,,Y,2,0,1,3,A,-,10,21954,B,N,G,B,D,A,H,-,A,D,0,Y,,,,Y,,A,01,1,0,0,0,1,0,0,0,0,"- ","- ",,,"SANTA CLARA","MORGAN HILL",-121.64244079589844,37.158802032470703
91882649,2022,2022-10-05,9725,2022-09-26,0030,022836,,1,3,9,4300,0,1,3,,2,085,"SR-85 N/B","GREAT OAKS BOULEVARD",3168.00,N,N,A,-,Y,SCL,,85,,,1.168,H,,R,N,2,0,1,1,A,-,08,22107,,N,E,I,A,A,H,-,D,D,0,,,,,Y,Y,A,01,1,0,0,0,0,0,0,0,0,"- ","- ",37.239631652832031,-121.79002380371094,"SANTA CLARA",UNINCORPORATED,-121.79001617431641,37.239646911621094
91894616,2022,2022-10-19,9340,2022-04-30,1948,022680,,6,2,7,4313,0,1,1,,2,281,"I-280 N/B FROM ALMADEN BLVD.","ALAMDEN BLVD",292.00,N,N,A,-,Y,,,,,,,,,,Y,1,1,1,2,A,-,03,22350,,M,C,C,A,A,H,-,B,D,0,,,Y,,Y,Y,A,07,1,0,0,0,0,0,0,1,1,"- ","- ",37.325038909912109,-121.88960266113281,"SANTA CLARA","SAN JOSE",-121.88960266113281,37.325038909912109
91897648,2022,2022-10-24,9340,2022-01-16,2025,022618,,7,2,7,4313,0,1,3,,2,240,"SR-237 E/B","ZANKER ROAD",2062.00,E,N,A,-,Y,SCL,,237,,,8.453,H,,R,N,1,1,0,2,A,-,03,22350,,N,G,B,E,A,H,-,D,D,0,Y,,,,Y,Y,N,60,0,0,0,1,0,0,0,0,0,"- ","- ",37.421749114990234,-121.93309020996094,"SANTA CLARA","SAN JOSE",-121.93309020996094,37.421756744384766
91898023,2022,2022-10-24,9340,2022-10-15,1200,022819,,6,1,9,4300,0,1,3,,2,131,"DEL PUERTO CANYON RD (SR-130)","MINES RD",1480.00,E,N,A,-,N,,,,,,,,,,N,2,0,1,1,A,-,03,22350,,N,F,A,A,A,H,-,A,D,0,,,Y,,Y,,C,02,1,0,0,0,0,0,0,0,1,"- ","- ",37.3909912109375,-121.48509216308594,"SANTA CLARA",UNINCORPORATED,-121.48581695556641,37.390689849853516
91901262,2022,2022-10-27,9330,2022-10-16,1500,022793,,7,2,5,4311,0,1,3,,2,076,"SR-85 S/B","EL CAMINO REAL",1848.00,S,N,A,-,Y,SCL,,85,,R,21.401,H,,L,Y,2,0,1,3,A,-,08,22107,,N,B,C,A,A,H,-,A,D,0,,,,,Y,,D,22,1,0,0,0,0,0,0,0,0,"- ","- ",37.373161315917969,-122.06767272949219,"SANTA CLARA","MOUNTAIN VIEW",-122.06764221191406,37.3731689453125
91910994,2022,2023-02-07,9330,2022-11-06,0655,022975,,7,1,5,4312,0,1,2,,2,078,"US-101 S/B","ADOBE CREEK LOOP TRAIL PEDESTRAIN OVERCROSSING",750.00,N,N,A,-,Y,SCL,,101,,,50.970,H,,L,Y,1,1,0,1,A,-,01,23152,A,N,E,8,A,A,H,-,A,D,0,,,Y,,Y,,C,02,0,0,0,0,0,0,0,1,0,"- ","- ",37.435409545898438,-122.10923004150391,"SANTA CLARA","PALO ALTO",-122.10910797119141,37.435493469238281
91911053,2022,2022-11-07,9340,2022-10-24,1450,023054,,1,2,7,4313,0,1,2,,2,110,"US-101 S/B","COYOTE RD",2463.00,S,N,A,-,Y,SCL,,101,,,29.260,H,,L,Y,2,0,1,1,A,-,08,22107,,N,E,I,A,A,H,-,A,D,0,,,,,Y,,A,01,1,0,0,0,0,0,0,0,0,"- ","- ",37.270530700683594,-121.80341339111328,"SANTA CLARA","SAN JOSE",-121.80329895019531,37.270553588867188
9191461,2020,2021-01-25,4313,2020-11-27,0354,4728,WESTE,5,5,7,4313,0,0,0,,0,0L1,"KEYES ST","S 11TH ST",0.00,,Y,A,-,N,,,,,,,,,,Y,2,0,1,2,A,-,03,22350,,N,A,E,A,A,H,-,C,A,0,,,,,Y,,A,01,1,0,0,0,0,0,0,0,0,"- ","- ",,,"SANTA CLARA","SAN JOSE",-121.86775207519531,37.324718475341797
91918557,2022,2022-11-15,9340,2022-02-06,1408,022681,,7,2,9,4300,0,1,3,,2,131,"MINES RD","DEL PUERTO CANYON RD",13350.00,N,N,A,-,N,,,,,,,,,,N,1,1,0,2,A,-,05,21460,A,N,H,G,A,A,H,-,A,D,0,,Y,,,Y,,A,07,0,0,0,0,0,1,0,0,0,"- ","- ",37.426048278808594,-121.50660705566406,"SANTA CLARA",UNINCORPORATED,-121.50347900390625,37.419464111328125
91918911,2022,2022-11-16,9340,2022-02-15,2250,022680,,2,3,7,4313,0,1,1,,2,281,"I-280 N/B","7TH ST",307.00,N,N,A,-,Y,SCL,,280,,R,1.598,H,,R,Y,1,2,0,3,A,-,03,22350,,N,C,C,A,A,H,-,D,D,0,,,,,Y,,D,22,0,0,0,0,0,0,0,0,0,"- ","- ",37.327919006347656,-121.87641143798828,"SANTA CLARA","SAN JOSE",-121.87640380859375,37.327888488769531
9192311,2020,2021-01-14,4300,2020-08-30,1813,2318,S4,7,5,4,4315,0,0,0,,0,81S3,"BIG BASIN WY","SPRINGER AV",338.00,W,N,A,-,Y,SCL,4,9,-,-,6.850,H,-,S,Y,2,0,1,1,A,-,06,21755,A,N,H,A,A,A,H,-,A,D,0,,,Y,,Y,,C,02,1,0,0,0,0,0,0,0,1,"- ","- ",37.254261016845703,-122.03936004638672,"SANTA CLARA",SARATOGA,-122.04029846191406,37.254131317138672
91934539,2022,2023-05-26,9725,2022-04-03,0435,022339,,7,3,9,4300,0,1,3,,1,170,SR-152,"LOVERS LN",1085.00,E,N,A,-,Y,SCL,,152,,R,19.144,H,,R,Y,2,0,2,2,A,-,08,22107,,F,A,C,A,A,H,-,D,D,0,,,,,Y,,A,01,2,0,0,0,0,0,0,0,0,"- ","- ",36.972869873046875,-121.42711639404297,"SANTA CLARA",UNINCORPORATED,-121.42713165283203,36.972911834716797
91934623,2022,2022-12-05,9330,2022-11-21,1415,022244,,1,2,9,4300,0,3,5,,2,007,"ARASTRADERO ROAD","LA CRESTA DRIVE",0.00,,Y,A,-,N,,,,,,,,,,N,2,0,1,2,A,-,08,22107,,N,D,G,A,A,H,-,A,D,0,,Y,,,Y,,L,04,1,0,0,0,0,0,1,0,0,"- ","- ",37.390590667724609,-122.15106201171875,"SANTA CLARA",UNINCORPORATED,-122.15110015869141,37.39056396484375
91939673,2022,2022-12-12,9340,2022-11-27,1600,022968,,7,2,6,4314,0,1,3,,2,230,"SR-237 E/B FROM GREAT AMERICA PKWY","GREAT AMERICA PKY",228.00,E,N,A,-,Y,,,,,,,,,,Y,2,0,1,1,C,-,18,,,N,E,9,A,A,H,-,A,D,0,,,,,Y,Y,-,"- ",1,0,0,0,0,0,0,0,0,"- ","- ",37.415458679199219,-121.97669982910156,"SANTA CLARA","SANTA CLARA",-121.97669982910156,37.415458679199219
91968044,2022,2023-01-13,9340,2022-05-31,2140,022779,,2,2,7,4313,0,1,2,,2,110,"US-101 N/B TO I-280/ I-680","STORY RD",2078.00,S,N,A,-,Y,SCL,,101,,,34.131,H,,R,N,1,1,0,2,C,-,18,,,N,G,B,E,A,H,-,D,D,0,Y,,,,Y,,-,"- ",0,0,0,1,0,0,0,0,0,"- ","- ",37.331310272216797,-121.84339904785156,"SANTA CLARA","SAN JOSE",-121.84357452392578,37.331199645996094
91968070,2022,2023-01-13,9340,2022-08-30,0550,018665,,2,3,7,4313,0,1,1,,2,281,"I-280 N/B TO SOUTHWEST EXPRESSWAY","MERIDIAN AVENUE",340.00,S,N,A,-,Y,,,,,,,,,,N,1,1,0,2,A,-,11,21954,A,N,G,B,E,A,H,-,B,D,0,Y,,,,Y,,N,60,0,0,0,1,0,0,0,0,0,"- ","- ",37.313968658447266,-121.91396331787109,"SANTA CLARA","SAN JOSE",-121.91396331787109,37.313968658447266
9197379,2020,2021-01-05,4316,2020-10-12,1708,10452,23,1,5,6,4316,0,0,0,,0,002,"TASMAN DR","REAMWOOD AV",0.00,,Y,A,-,N,,,,,,,,,,Y,2,0,3,2,A,-,12,21453,A,N,D,C,A,A,H,-,A,A,0,,,Y,,Y,Y,A,01,2,1,0,0,0,0,0,0,1,"- ","- ",37.403358459472656,-121.98821258544922,"SANTA CLARA",SUNNYVALE,-121.98856353759766,37.403648376464844
91984759,2023,2023-02-02,9725,2023-01-31,2355,022111,,2,3,9,4300,0,1,3,,1,160,SR-152,"SAN FELIPE RD",1056.00,E,N,A,-,Y,SCL,,152," "," ",19.950,H,,R,Y,2,0,2,2,A,-,01,23152,A,N,D,C,A,A,H,-,D,D,0,,,,,Y,Y,D,22,1,1,0,0,0,0,0,0,0,"- ","- ",36.969249725341797,-121.41442108154297,"SANTA CLARA",UNINCORPORATED,-121.4144287109375,36.969242095947266
91985150,2022,2023-02-02,9725,2022-12-29,0113,022334,,4,3,9,4300,0,1,3,,1,170,"SR-152 E/B","KAISER AETNA ROAD",6864.00,W,N,C,-,Y,SCL,,152,,R,27.542,H,,R,Y,1,1,1,1,A,-,08,22107,,N,E,I,A,B,H,-,D,D,0,,,,,Y,,A,08,1,0,0,0,0,0,0,0,0,"- ","- ",37.024188995361328,-121.32807922363281,"SANTA CLARA",UNINCORPORATED,-121.32814025878906,37.024208068847656
91985901,2022,2023-02-03,9340,2022-07-16,0247,022688,,6,3,6,4316,0,1,2,,2,120,"US-101 S/B","MATHILDA AVE",93.00,S,N,A,-,Y,SCL,,101,,,45.660,H,,L,Y,1,2,1,5,A,-,03,22350,,N,C,B,E,A,C,-,C,D,0,Y,,,,Y,Y,A,01,0,0,1,2,0,0,0,0,0,"- ","- ",37.398799896240234,-122.02738952636719,"SANTA CLARA",SUNNYVALE,-122.02740478515625,37.398754119873047
91997066,2023,2023-02-17,9340,2023-02-06,"40  ",022921,,1,3,7,4313,0,1,2,,2,110,"US-101 N/B","STORY RD",1795.00,S,N,A,-,Y,SCL,,101," "," ",34.252,H,,R,Y,2,0,2,1,A,-,01,23152,A,N,E,I,A,A,H,-,D,D,0,,,,,Y,Y,A,01,1,1,0,0,0,0,0,0,0,"- ","- ",37.332668304443359,-121.84480285644531,"SANTA CLARA","SAN JOSE",-121.84495544433594,37.332572937011719
92008328,2023,2023-03-02,9340,2023-02-18,1655,023020,,6,2,6,4316,0,1,2,,2,120,"US-101 N/B","FAIR OAKS AVE",2276.00,S,N,A,-,Y,SCL,,101," "," ",44.391,H,,R,N,2,0,1,1,A,-,08,22107,,N,E,I,A,A,H,-,A,D,0,,,,,Y,,A,07,1,0,0,0,0,0,0,0,0,"- ","- ",37.393848419189453,-122.00518798828125,"SANTA CLARA",SUNNYVALE,-122.00515747070312,37.393932342529297
9200995,2020,2021-02-23,4313,2020-12-14,1556,4720,MARY,1,5,7,4313,0,0,0,,0,0M2,"JOSE FIGUERES AV","ALUM ROCK AV",0.00,,Y,A,-,N,,,,,,,,,,Y,2,0,1,2,A,-,12,21453,A,N,D,C,A,A,H,-,A,A,0,,,Y,,Y,,C,02,1,0,0,0,0,0,0,0,1,"- ","- ",,,"SANTA CLARA","SAN JOSE",-121.84680938720703,37.356960296630859