CASE_ID,ACCIDENT_YEAR,PROC_DATE,JURIS,COLLISION_DATE,COLLISION_TIME,OFFICER_ID,REPORTING_DISTRICT,DAY_OF_WEEK,CHP_SHIFT,POPULATION,CNTY_CITY_LOC,SPECIAL_COND,BEAT_TYPE,CHP_BEAT_TYPE,CITY_DIVISION_LAPD,CHP_BEAT_CLASS,BEAT_NUMBER,PRIMARY_RD,SECONDARY_RD,DISTANCE,DIRECTION,INTERSECTION,WEATHER_1,WEATHER_2,STATE_HWY_IND,CALTRANS_COUNTY,CALTRANS_DISTRICT,STATE_ROUTE,ROUTE_SUFFIX,POSTMILE_PREFIX,POSTMILE,LOCATION_TYPE,RAMP_INTERSECTION,SIDE_OF_HWY,TOW_AWAY,COLLISION_SEVERITY,NUMBER_KILLED,NUMBER_INJURED,PARTY_COUNT,PRIMARY_COLL_FACTOR,PCF_CODE_OF_VIOL,PCF_VIOL_CATEGORY,PCF_VIOLATION,PCF_VIOL_SUBSECTION,HIT_AND_RUN,TYPE_OF_COLLISION,MVIW,PED_ACTION,ROAD_SURFACE,ROAD_COND_1,ROAD_COND_2,LIGHTING,CONTROL_DEVICE,CHP_ROAD_TYPE,PEDESTRIAN_ACCIDENT,BICYCLE_ACCIDENT,MOTORCYCLE_ACCIDENT,TRUCK_ACCIDENT,NOT_PRIVATE_PROPERTY,ALCOHOL_INVOLVED,STWD_VEHTYPE_AT_FAULT,CHP_VEHTYPE_AT_FAULT,COUNT_SEVERE_INJ,COUNT_VISIBLE_INJ,COUNT_COMPLAINT_PAIN,COUNT_PED_KILLED,COUNT_PED_INJURED,COUNT_BICYCLIST_KILLED,COUNT_BICYCLIST_INJURED,COUNT_MC_KILLED,COUNT_MC_INJURED,PRIMARY_RAMP,SECONDARY_RAMP,LATITUDE,LONGITUDE,COUNTY,CITY,POINT_X,POINT_Y
9201014,2020,2022-06-18,4313,2020-12-18,1804,4805,FRANK,5,5,7,4313,0,0,0,,0,005,"LINCOLN AV","SAVAKER ST",0.00,,Y,A,-,N,,,,,,,,,,Y,1,1,0,1,A,-,03,22350,,N,E,I,A,A,H,-,C,D,0,,,,,Y,Y,D,22,0,0,0,0,0,0,0,0,0,"- ","- ",37.195289611816406,-121.54290771484375,"SANTA CLARA","SAN JOSE",-121.90811157226562,37.317741394042969
9201394,2021,2021-03-09,4313,2021-01-13,2124,4720,MARY,3,5,7,4313,0,0,0,,0,0M1,"MCKEE RD","RT 680",20.00,,N,A,-,N,,,,,,,,,,Y,2,0,1,2,A,-,04,21703,,N,C,C,A,A,H,-,C,D,0,,,,,Y,,-,,1,0,0,0,0,0,0,0,0,"- ",SO,,,"SANTA CLARA","SAN JOSE",-121.84610748291016,37.368064880371094
9201462,2020,2021-01-25,4316,2020-10-27,1710,17222,,2,5,6,4316,0,0,0,,0,,"N FAIR OAKS AV","WEDDELL RD",0.00,,Y,A,-,N,,,,,,,,,,N,2,0,1,2,A,-,10,21950,A,N,G,B,B,A,H,-,A,A,0,Y,,,,Y,,A,01,1,0,0,0,1,0,0,0,0,"- ","- ",,,"SANTA CLARA",SUNNYVALE,-122.01190948486328,37.398658752441406
92016665,2023,2023-04-06,9330,2023-03-01,2230,023158,,3,3,9,4300,0,3,5,,2,071,"ESCONDIDO RD","CAMPUS DR",0.00,,Y,A,-,N,,,,,,,,,,N,2,0,1,2,A,-,09,21801,A,N,D,G,A,A,H,-,C,D,0,,Y,,,Y,,A,01,1,0,0,0,0,0,1,0,0,"- ","- ",37.424419403076172,-122.16156768798828,"SANTA CLARA",UNINCORPORATED,-122.16065216064453,37.424228668212891
92035311,2023,2023-04-03,9330,2023-04-02,"230 ",022933,,7,3,5,4311,0,1,3,,2,076,"US-101 N/B FROM SR-85 N/B","MOFFETT BOULEVARD",1637.00,N,N,B,-,Y,SCL,,85," ",R,23.794,H,,R,Y,2,0,1,1,A,-,08,22107,,N,E,8,A,A,H,-,D,D,0,,,,,Y,Y,A,01,1,0,0,0,0,0,0,0,0,"- ","- ",37.407428741455078,-122.06980895996094,"SANTA CLARA","MOUNTAIN VIEW",-122.06969451904297,37.407436370849609
92036005,2023,2023-04-03,9330,2023-02-17,1815,023184,,5,2,5,4311,0,1,2,,2,078,"US-101 N/B","SHORELINE BOULEVARD",535.00,S,N,A,-,Y,SCL,,101," "," ",48.440,H,,R,Y,2,0,1,3,A,-,07,21658,A,M,C,C,A,A,H,-,C,D,0,,,Y,,Y,,C,02,1,0,0,0,0,0,0,0,1,"- ","- ",37.410991668701172,-122.07553100585938,"SANTA CLARA","MOUNTAIN VIEW",-122.07548522949219,37.411056518554688
92038485,2023,2023-04-06,9340,2023-03-24,"750 ",023219,,5,1,7,4313,0,1,3,,2,087,"SR-87 N/B","CURTNER AVE",395.00,S,N,A,-,Y,SCL,,87," "," ",2.767,H,,R,Y,2,0,1,3,A,-,07,21658,A,N,B,C,A,A,H,-,A,D,0,,,Y,,Y,,A,01,1,0,0,0,0,0,0,0,1,"- ","- ",37.293491363525391,-121.87238311767578,"SANTA CLARA","SAN JOSE",-121.87239074707031,37.293487548828125
92039928,2023,2023-04-10,9340,2023-03-26,1555,022938,,7,2,9,4300,0,3,5,,2,040,"HICKS RD","WOOD ROAD",3565.00,N,N,A,-,N,,,,,,,,,,N,2,0,1,1,A,-,03,22350,,N,F,A,A,A,H,-,A,D,0,,Y,,,Y,,L,04,1,0,0,0,0,0,1,0,0,"- ","- ",37.181739807128906,-121.87303924560547,"SANTA CLARA",UNINCORPORATED,-121.86563110351562,37.180820465087891
92040145,2023,2023-04-10,9340,2023-03-24,"720 ",023174,,5,1,7,4313,0,1,2,,2,120,"US-101 S/B","FAIR OAKS AVENUE",370.00,S,N,A,-,Y,SCL,,101," "," ",44.766,H,,L,N,2,0,1,1,A,-,08,22107,,N,F,I,A,A,H,-,A,A,0,,,,,Y,,A,01,1,0,0,0,0,0,0,0,0,"- ","- ",37.395111083984375,-122.01180267333984,"SANTA CLARA","SAN JOSE",-122.01172637939453,37.395320892333984
92045376,2022,2023-04-14,9340,2022-10-08,0055,022684,,6,3,7,4313,0,1,1,,2,281,"I-280 S/B TO US-101 S/B","STORY RD",1548.00,S,N,A,-,Y,SCL,,101,,,34.175,H,,L,Y,1,1,0,2,A,-,11,21954,A,N,G,B,E,A,H,-,E,D,0,Y,,,,Y,,N,60,0,0,0,1,0,0,0,0,0,"- ","- ",37.331478118896484,-121.84442901611328,"SANTA CLARA","SAN JOSE",-121.84430694580078,37.331565856933594
9205034,2021,2021-03-10,4313,2021-01-03,2012,4870,PAUL,7,5,7,4313,0,0,0,,0,001,"ALVIN AV","FONTAINE RD",0.00,,Y,A,-,N,,,,,,,,,,N,2,0,1,2,A,-,11,21950,B,N,G,B,D,A,H,-,C,D,0,Y,,,,Y,,N,60,1,0,0,0,1,0,0,0,0,"- ","- ",,,"SANTA CLARA","SAN JOSE",-121.82791900634766,37.319507598876953
92061560,2023,2023-05-04,9340,2023-04-27,1014,015709,,4,1,4,4307,0,1,3,,2,085,"SR-85 N/B","WINCHESTER BLVD",668.00,N,N,A,-,Y,SCL,,85," ",R,11.152,H,,R,Y,2,0,1,3,A,-,03,22350,,N,C,C,A,A,H,-,A,D,0,,,Y,,Y,,C,02,1,0,0,0,0,0,0,0,1,"- ","- ",37.259380340576172,-121.96694946289062,"SANTA CLARA","LOS GATOS",-121.96693420410156,37.259422302246094
92064757,2022,2023-05-09,9340,2022-10-14,2225,021745,,5,3,5,4303,0,1,1,,2,282,"I-280 S/B","WOLFE ROAD",1397.00,N,N,A,-,Y,SCL,,280,,,8.676,H,,L,N,1,1,0,2,A,-,11,21954,A,N,G,B,E,A,H,-,D,D,0,Y,,,,Y,,N,60,0,0,0,1,0,0,0,0,0,"- ","- ",37.332801818847656,-122.0189208984375,"SANTA CLARA",CUPERTINO,-122.01892852783203,37.332786560058594
92074295,2023,2023-05-22,9340,2023-05-10,1930,020574,,3,2,7,4313,0,1,3,,2,087,"SR-87 N/B","WEST HEDDING STREET",13.00,S,N,A,-,Y,SCL,,87," "," ",7.256,H,,R,Y,2,0,1,3,A,-,08,22107,,N,G,B,E,A,H,-,A,D,0,Y,,,Y,Y,,A,01,1,0,0,0,1,0,0,0,0,"- ","- ",37.350379943847656,-121.90898132324219,"SANTA CLARA","SAN JOSE",-121.90906524658203,37.350349426269531
92080897,2022,2023-05-30,9340,2022-11-30,1835,022247,,3,2,6,4316,0,1,3,,2,220,"SR-237 W/B","MATHILDA AVENUE",1231.00,E,N,A,-,Y,SCL,,237,,,3.260,H,,L,Y,1,1,4,4,A,-,03,22350,,N,C,C,A,A,H,-,C,D,0,,,,,Y,,A,01,0,2,2,0,0,0,0,0,0,"- ","- ",37.404060363769531,-122.02216339111328,"SANTA CLARA",SUNNYVALE,-122.02215576171875,37.404056549072266
9208277,2020,2021-02-04,4312,2020-10-22,0002,7190,,4,5,5,4312,0,0,0,,0,002,"EAST BAYSHORE RD","EMBARCADERO RD",365.00,N,N,A,-,N,,,,,,,,,,Y,2,0,1,1,A,-,03,22350,,N,-,I,A,A,H,-,C,B,0,,,Y,,Y,,C,02,1,0,0,0,0,0,0,0,1,"- ","- ",,,"SANTA CLARA","PALO ALTO",-122.12076568603516,37.449672698974609
92083382,2023,2023-06-01,9725,2023-05-22,2133,022873,,1,2,9,4300,0,1,3,,1,170,"SR-152 W/B","DINOSAUR POINT RD",15312.00,W,N,A,-,Y,SCL,,152," "," ",31.812,H,,L,Y,2,0,2,1,A,-,08,22107,,N,E,I,A,A,H,-,D,D,0,,,,,Y,,A,01,2,0,0,0,0,0,0,0,0,"- ","- ",37.045009613037109,-121.26483917236328,"SANTA CLARA",UNINCORPORATED,-121.26485443115234,37.044963836669922
92085697,2023,2023-08-10,9340,2023-05-23,1600,022938,,2,2,6,4314,0,1,2,,2,120,"US-101 S/B","BOWERS AVENUE",1174.00,N,N,A,-,Y,SCL,,101," "," ",42.977,H,,L,Y,2,0,2,2,A,-,08,22107,,N,B,2,A,A,H,-,A,D,0,,,Y,,Y,,C,02,1,0,1,0,0,0,0,0,1,"- ","- ",37.386768341064453,-121.98091125488281,"SANTA CLARA","SANTA CLARA",-121.98091125488281,37.386760711669922
92086272,2023,2023-06-05,9340,2023-05-27,1725,022938,,6,2,7,4313,0,1,3,,2,087,"SR-87 S/B","TAYLOR ST",430.00,S,N,A,-,Y,SCL,,87," "," ",6.802,H,,L,Y,2,0,1,2,A,-,08,22107,,N,B,C,A,A,H,-,A,D,0,,,,,Y,,A,01,1,0,0,0,0,0,0,0,0,"- ","- ",37.345809936523438,-121.90331268310547,"SANTA CLARA","SAN JOSE",-121.9033203125,37.345802307128906
9209053,2020,2021-02-22,4314,2020-12-20,1151,A8689,,7,5,6,4314,0,0,0,,0,006,"GREAT AMERICA PKWY","RT 237",0.00,,Y,A,-,Y,SCL,4,237,-,R,5.564,R,4,E,Y,2,0,1,2,A,-,12,21453,A,N,D,C,A,A,H,-,A,A,0,,,,,Y,,A,01,1,0,0,0,0,0,0,0,0,"- ","- ",,,"SANTA CLARA","SANTA CLARA",-121.98202514648438,37.413700103759766
92093870,2022,2023-06-14,9340,2022-10-03,0034,022758,,1,3,7,4313,0,1,1,,2,681,"I-680 S/B S/O JACKSON AVENUE","JACKSON AVENUE",820.00,S,N,B,-,Y,SCL,,680,,M,0.961,H,,L,Y,1,1,0,2,A,-,11,21954,A,N,G,B,E,A,H,-,C,D,0,Y,,,,Y,,N,60,0,0,0,1,0,0,0,0,0,"- ","- ",37.349258422851562,-121.83953857421875,"SANTA CLARA","SAN JOSE",-121.83946228027344,37.349216461181641
92114931,2023,2023-07-12,9725,2023-07-10,1453,022777,,1,2,9,4300,0,3,5,,2,003,"HALE AVE","KALANA AVE",845.00,S,N,A,-,N,,,,,,,,,,Y,2,0,1,1,A,-,08,22107,,N,E,I,A,A,H,-,A,D,0,,,,,Y,,A,07,1,0,0,0,0,0,0,0,0,"- ","- ",37.171119689941406,-121.71141815185547,"SANTA CLARA",UNINCORPORATED,-121.71138000488281,37.171173095703125
9211673,2021,2021-03-04,4308,2021-01-18,1517,311,,1,5,5,4308,0,0,0,,0,004,"N PARK VICTORIA DR","KENNEDY DR",0.00,,Y,A,-,N,,,,,,,,,,N,1,1,0,3,A,-,03,22350,,F,G,G,A,A,H,-,A,A,0,,Y,,,Y,,A,07,0,0,0,0,0,1,0,0,0,"- ","- ",37.441951751708984,-121.88629913330078,"SANTA CLARA",MILPITAS,-121.88632202148438,37.441871643066406
9211875,2020,2021-04-28,4313,2020-10-09,2052,4883,FOOTH,5,5,7,4313,0,0,0,,0,0C3,"SOUTH JACKSON AV","CINDERELLA LN",0.00,,Y,A,-,N,,,,,,,,,,,1,1,0,2,A,-,11,21954,A,N,G,B,D,A,-,-,C,A,0,Y,,,,Y,Y,-,,0,0,0,1,0,0,0,0,0,"- ","- ",37.205879211425781,-121.50498199462891,"SANTA CLARA","SAN JOSE",-121.8343505859375,37.348808288574219
92119066,2023,2023-07-17,9330,2023-07-05,1430,023253,,3,2,5,4311,0,1,2,,2,078,"US-101 NORTHBOUND","RENSTROFF AVENUE",11.00,S,N,A,-,Y,SCL,,101," "," ",49.598,H,,R,Y,2,0,4,4,A,-,03,22350,,N,C,C,A,A,H,-,A,D,0,,,,Y,Y,,F,26,1,0,3,0,0,0,0,0,0,"- ","- ",37.42095947265625,-122.09226989746094,"SANTA CLARA","MOUNTAIN VIEW",-122.09224700927734,37.420978546142578
92125117,2023,2023-07-25,9340,2023-07-09,"718 ",023219,,7,1,4,4307,0,1,3,,2,171,"SR-17 N/B",SR-9,1300.00,S,N,A,-,Y,SCL,,17," "," ",6.810,H,,R,Y,2,0,2,2,A,-,01,23152,,N,E,J,A,A,H,-,A,D,0,,,,,Y,,A,07,1,1,0,0,0,0,0,0,0,"- ","- ",37.223949432373047,-121.97836303710938,"SANTA CLARA","LOS GATOS",-121.97837829589844,37.223972320556641
92127033,2023,2023-07-27,9340,2023-07-17,1520,022803,,1,2,7,4313,0,1,1,,2,089,"I-880 S/B","OLD BAYSHORE HWY",1388.00,N,N,A,-,Y,SCL,,880," "," ",4.573,H,,L,Y,2,0,1,2,A,-,07,21658,A,N,C,C,A,A,H,-,A,A,0,,,Y,,Y,,A,07,1,0,0,0,0,0,0,0,1,"- ","- ",37.371250152587891,-121.90191650390625,"SANTA CLARA","SAN JOSE",-121.90194702148438,37.371246337890625
92132962,2023,2023-08-01,9725,2023-07-26,1530,022339,,3,2,9,4300,0,1,2,,2,016,"SR-152 EASTBOUND","PRUNEDALE AVENUE",100.00,W,N,A,-,Y,SCL,,152," "," ",14.365,H,,R,N,2,0,3,3,A,-,09,21804,A,N,D,C,A,A,H,-,A,D,0,,,Y,,Y,,A,01,1,0,2,0,0,0,0,0,1,"- ","- ",36.993938446044922,-121.49846649169922,"SANTA CLARA",UNINCORPORATED,-121.49845886230469,36.993949890136719
92134087,2023,2023-08-02,9340,2023-07-21,2150,023059,,5,2,7,4313,0,1,3,,2,083,"SR-85 N/B","BLOSSOM HILL ROAD",2903.00,N,N,A,-,Y,SCL,,85," "," ",4.495,H,,R,Y,2,0,3,2,A,-,03,22350,,N,C,2,A,A,H,-,D,D,0,,,,,Y,,D,22,1,2,0,0,0,0,0,0,0,"- ","- ",37.254978179931641,-121.84564208984375,"SANTA CLARA","SAN JOSE",-121.84564971923828,37.254966735839844
9213464,2020,2021-02-27,4313,2020-12-24,2027,4781,PAUL,4,5,7,4313,0,0,0,,0,0P5,"SAN FELIPE RD","DELTA RD",0.00,,N,-,-,N,,,,,,,,,,N,2,0,1,2,A,-,03,22350,,F,B,-,A,A,-,-,C,A,0,,Y,,,Y,,-,,1,0,0,0,0,0,1,0,0,"- ","- ",37.182159423828125,-121.46401977539062,"SANTA CLARA","SAN JOSE",-121.77789306640625,37.305931091308594
9213482,2020,2021-02-25,4313,2020-12-27,1258,4893,PAUL,7,5,7,4313,0,0,0,,0,004,"QUIMBY RD","BURDICK WY",0.00,,Y,A,-,N,,,,,,,,,,Y,2,0,2,2,A,-,09,21801,,N,D,C,A,A,H,-,A,D,0,,,,,Y,Y,A,01,1,1,0,0,0,0,0,0,0,"- ","- ",37.193199157714844,-121.48032379150391,"SANTA CLARA","SAN JOSE",-121.80013275146484,37.3255615234375
92141123,2023,2023-08-10,9340,2023-07-30,"740 ",023274,,7,1,5,4308,0,1,1,,2,089,"I-880 S/B",SR-237,2913.00,N,N,A,-,Y,SCL,,880," "," ",8.982,H,,L,Y,2,0,1,1,A,-,16,24002,A,N,F,A,A,A,H,-,A,D,0,,,Y,,Y,,C,02,1,0,0,0,0,0,0,0,1,"- ","- ",37.4334716796875,-121.91928100585938,"SANTA CLARA",MILPITAS,-121.91920471191406,37.433475494384766
92143895,2023,2023-08-15,9725,2023-08-04,1420,022111,,5,2,9,4300,0,1,2,,2,012,"US-101 SOUTHBOUND","E. MIDDLE AVENUE",528.00,N,N,A,-,Y,SCL,,101," ",R,13.940,H,,L,N,2,0,1,2,A,-,03,22350,,N,C,C,A,A,H,-,A,D,0,,,Y,,Y,,C,02,1,0,0,0,0,0,0,0,1,"- ","- ",37.106441497802734,-121.61409759521484,"SANTA CLARA",UNINCORPORATED,-121.61411285400391,37.106430053710938
92149161,2023,2023-08-21,9340,2023-01-02,1640,022680,,1,2,6,4314,0,1,2,,2,120,"US-101 S/B","LAWRENCE EXPY",2876.00,S,N,B,C,Y,SCL,,101," "," ",43.295,H,,L,Y,1,1,1,1,A,-,08,22107,,N,E,8,A,B,H,-,A,D,0,,,,,Y,Y,D,22,1,0,0,0,0,0,0,0,0,"- ","- ",37.388069152832031,-121.98622894287109,"SANTA CLARA","SANTA CLARA",-121.98616027832031,37.388240814208984
92157099,2023,2023-08-29,9340,2023-02-01,"130 ",022543,,3,3,7,4313,0,3,5,,2,020,"SR-130 (ALUM ROCK AVE.)","MOUNTAIN VIEW AVE",0.00,,Y,A,-,Y,SCL,,130," "," ",3.151,H,,R,N,1,1,0,2,A,-,11,21954,A,F,G,B,E,A,H,-,D,D,0,Y,,,,Y,Y,N,60,0,0,0,1,0,0,0,0,0,"- ","- ",37.377689361572266,-121.81999969482422,"SANTA CLARA","SAN JOSE",-121.82003021240234,37.377700805664062
92171338,2023,2023-09-15,9725,2023-08-10,2250,022836,,4,3,9,4300,0,1,2,,2,011,"US-101 S/B","SAN MARTIN AVENUE",1802.00,S,N,A,-,Y,SCL,,101," ",R,12.116,H,,L,N,1,1,0,2,A,-,11,21956,A,F,G,B,E,A,H,-,D,D,0,Y,,,,Y,,N,60,0,0,0,1,0,0,0,0,0,"- ","- ",37.084220886230469,-121.59706115722656,"SANTA CLARA",UNINCORPORATED,-121.59703826904297,37.084228515625
92171842,2023,2023-09-18,9340,2023-02-12,2250,022967,,7,3,7,4313,0,1,1,,2,681,"I-680 N/B","BERRYESSA RD",2141.00,N,N,A,-,Y,SCL,,680," ",M,4.266,H,,R,Y,1,1,1,2,A,-,01,23152,A,F,C,C,A,A,H,-,D,D,0,,,,,Y,Y,D,22,0,1,0,0,0,0,0,0,0,"- ","- ",37.389198303222656,-121.86794281005859,"SANTA CLARA","SAN JOSE",-121.86791229248047,37.38922119140625
92175932,2023,2023-09-21,9725,2023-09-09,"240 ",023169,,6,3,9,4300,0,1,2,,1,010,"US-101 SOUTHBOUND","OLD MONTEREY ROAD",528.00,S,N,A,-,Y,SCL,,101," "," ",2.090,H,,L,Y,2,0,1,1,A,-,01,23152,A,N,E,I,A,A,H,-,D,D,0,,,,,Y,Y,A,01,1,0,0,0,0,0,0,0,0,"- ","- ",36.945480346679688,-121.55303955078125,"SANTA CLARA",UNINCORPORATED,-121.552978515625,36.945480346679688
92176392,2023,2023-09-21,9340,2023-09-08,2335,023274,,5,3,7,4313,0,1,1,,2,281,"I-280 S/B","S. 11TH STREET",695.00,S,N,A,-,Y,SCL,,280," ",R,1.169,H,,L,Y,2,0,1,1,A,-,01,23152,A,N,E,I,A,A,H,-,D,D,0,,,,,Y,Y,A,07,1,0,0,0,0,0,0,0,0,"- ","- ",37.329341888427734,-121.86892700195312,"SANTA CLARA","SAN JOSE",-121.86888885498047,37.329280853271484
92197000,2023,2023-10-12,9340,2023-02-19,"435 ",022759,,7,3,7,4313,0,1,3,,2,087,"SR-87 S/B","MILL POND DRIVE",236.00,S,N,A,-,Y,SCL,,87," "," ",2.576,H,,L,Y,1,1,0,2,A,-,11,21954,A,N,G,B,E,A,H,-,C,D,0,Y,,,,Y,Y,N,60,0,0,0,1,0,0,0,0,0,"- ","- ",37.290668487548828,-121.87158966064453,"SANTA CLARA","SAN JOSE",-121.87159729003906,37.290668487548828
92204879,2023,2023-10-20,9340,2023-10-12,2040,023402,,4,2,7,4313,0,1,2,,2,120,"US-101 S/B","SANTA CLARA ST",63.00,S,N,A,-,Y,SCL,,101," ",R,35.759,H,,L,N,2,0,1,2,A,-,11,21954,A,N,G,B,E,A,H,-,D,D,0,Y,,,,Y,,N,60,1,0,0,0,1,0,0,0,0,"- ","- ",37.349819183349609,-121.86180877685547,"SANTA CLARA","SAN JOSE",-121.86180877685547,37.349819183349609
92205689,2023,2023-10-23,9340,2023-10-11,2250,023374,,3,3,7,4313,0,1,1,,2,281,"I-280 N/B TO STEVENS CREEK BLVD.","STEVENS CREEK BLVD",329.00,S,N,A,-,Y,,,,,,,,,,Y,2,0,1,1,A,-,01,23152,A,N,F,A,A,A,H,-,C,D,0,,,,,Y,Y,A,01,1,0,0,0,0,0,0,0,0,"- ","- ",37.322170257568359,-121.9398193359375,"SANTA CLARA","SAN JOSE",-121.99867248535156,37.322586059570312
92209580,2023,2023-10-26,9340,2023-10-15,2120,023161,,7,2,7,4313,0,1,1,,2,281,"I-280 NB TO STEVENS CREEK BLVD","STEVENS CREEK BLVD",200.00,S,N,A,-,Y,,,,,,,,,,N,2,0,1,1,A,-,01,23152,A,N,E,I,A,A,H,-,C,D,0,,,Y,,Y,Y,C,02,1,0,0,0,0,0,0,0,1,"- ","- ",37.322109222412109,-121.93984985351562,"SANTA CLARA","SAN JOSE",-121.99903869628906,37.322784423828125
9221033,2021,2021-03-30,4313,2021-02-04,2132,4783,SAM,4,5,7,4313,0,0,0,,0,001,"SOUTH BASCOM AV","S BASCOM AV 898",0.00,,N,A,-,N,,,,,,,,,,N,2,0,1,3,A,-,21,22106,,N,G,B,F,A,H,-,C,D,0,Y,,,,Y,Y,A,07,1,0,0,0,1,0,0,0,0,"- ","- ",37.183979034423828,-121.55522155761719,"SANTA CLARA","SAN JOSE",-121.95184326171875,37.25384521484375
9221324,2020,2021-02-26,4312,2020-12-20,1358,8702,4312,7,5,5,4312,0,0,0,,0,001,"EL CAMINO REAL","SERRA ST",0.00,,Y,A,-,Y,SCL,4,82,-,-,11.610,I,5,S,N,2,0,1,2,A,-,17,21200,A,N,D,G,A,A,H,-,A,A,0,,Y,,,Y,,L,04,1,0,0,0,0,0,1,0,0,"- ","- ",,,"SANTA CLARA","PALO ALTO",-121.94717407226562,37.354343414306641
92225210,2023,2023-11-01,9340,2023-10-22,2216,022969,,7,3,7,4313,0,1,1,,2,281,"I-280 S/B","NORTH ROAD EDGE OF S. BASCOM AVE",16.00,S,N,B,-,Y,SCL,,280," ",L,4.952,H,,L,Y,2,0,2,3,A,-,03,22350,,N,C,C,A,A,H,-,C,D,0,,,,,Y,,A,01,1,1,0,0,0,0,0,0,0,"- ","- ",37.316940307617188,-121.93202209472656,"SANTA CLARA","SAN JOSE",-121.9320068359375,37.316997528076172
92249714,2023,2023-12-01,9340,2023-05-13,2339,022921,,6,3,7,4313,0,1,2,,2,110,"US-101 N/B","TULLY RD",560.00,N,N,A,-,Y,SCL,,101," "," ",33.150,H,,R,N,1,1,0,2,A,-,11,21954,A,F,G,B,E,A,H,-,D,D,0,Y,,,,Y,,N,60,0,0,0,1,0,0,0,0,0,"- ","- ",37.319889068603516,-121.83265686035156,"SANTA CLARA","SAN JOSE",-121.83273315429688,37.319847106933594
92249736,2023,2023-12-01,9340,2023-05-16,1505,022697,,2,2,4,4307,0,1,3,,2,172,"SR-17 N/B",SR-9,761.00,N,N,A,-,Y,SCL,,17," "," ",7.232,H,,R,Y,1,1,0,1,A,-,01,23152,G,N,F,A,A,A,H,-,A,D,0,,,,,Y,Y,D,22,0,0,0,0,0,0,0,0,0,"- ","- ",37.228641510009766,-121.97355651855469,"SANTA CLARA","LOS GATOS",-121.97357177734375,37.228645324707031
92250720,2023,2023-12-04,9330,2023-12-01,"850 ",022929,,5,1,2,4306,0,1,1,,2,074,"I-280 S/B","EL MONTE RD",2112.00,N,N,A,-,Y,SCL,,280," "," ",15.512,H,,L,Y,2,0,1,1,A,-,08,22107,,N,F,A,A,A,H,-,A,D,0,,,,,Y,,A,01,1,0,0,0,0,0,0,0,0,"- ","- ",37.364639282226562,-122.12680053710938,"SANTA CLARA","LOS ALTOS HILLS",-122.12681579589844,37.364528656005859
92277104,2023,2024-01-02,9330,2023-10-28,1650,022960,,6,2,9,4300,0,3,5,,2,073,"PAGE MILL ROAD","MOODY ROAD",239.00,E,N,A,-,Y,,,,,,,,,,N,2,0,1,1,A,-,03,22350,,N,E,I,A,A,H,-,A,D,0,,,,,Y,,A,01,1,0,0,0,0,0,0,0,0,"- ","- ",37.36138916015625,-122.16973876953125,"SANTA CLARA",UNINCORPORATED,-122.16984558105469,37.361373901367188
92300511,2024,2024-01-30,9725,2024-01-07,"110 ",023415,,7,3,9,4300,0,1,2,,2,013,"US-101 S/B","METCALF RD",2112.00,S,N,A,-,Y,SCL,,101," ",R,25.155,H,,L,Y,2,0,2,3,A,-,01,23152,A,N,C,C,A,A,H,-,C,D,0,,,,,Y,Y,A,01,1,1,0,0,0,0,0,0,0,"- ","- ",37.228221893310547,-121.74520874023438,"SANTA CLARA",UNINCORPORATED,-121.74520111083984,37.228225708007812
92305315,2024,2024-02-05,9725,2024-02-03,2312,023169,,6,3,9,4300,0,1,2,,2,013,"US-101 N/B","BURNETT AVE",2640.00,N,N,C,-,Y,SCL,,101," ",R,19.283,H,,R,N,2,0,1,1,A,-,01,23152,A,N,E,I,A,B,H,-,D,D,0,,,,,Y,Y,A,01,1,0,0,0,0,0,0,0,0,"- ","- ",37.169349670410156,-121.66899108886719,"SANTA CLARA",UNINCORPORATED,-121.66909027099609,37.169288635253906
92307381,2024,2024-02-06,9340,2024-01-31,2020,021158,,3,2,4,4302,0,1,3,,2,172,"SR-17 N/B","HAMILTON AVE",1182.00,S,N,C,-,Y,SCL,,17," "," ",12.100,H,,R,N,2,0,1,2,A,-,03,22350,,M,B,C,A,B,H,-,D,D,0,,,,,Y,,-,99,1,0,0,0,0,0,0,0,0,"- ","- ",37.291179656982422,-121.93669128417969,"SANTA CLARA",CAMPBELL,-121.93670654296875,37.291175842285156