CASE_ID,ACCIDENT_YEAR,PROC_DATE,JURIS,COLLISION_DATE,COLLISION_TIME,OFFICER_ID,REPORTING_DISTRICT,DAY_OF_WEEK,CHP_SHIFT,POPULATION,CNTY_CITY_LOC,SPECIAL_COND,BEAT_TYPE,CHP_BEAT_TYPE,CITY_DIVISION_LAPD,CHP_BEAT_CLASS,BEAT_NUMBER,PRIMARY_RD,SECONDARY_RD,DISTANCE,DIRECTION,INTERSECTION,WEATHER_1,WEATHER_2,STATE_HWY_IND,CALTRANS_COUNTY,CALTRANS_DISTRICT,STATE_ROUTE,ROUTE_SUFFIX,POSTMILE_PREFIX,POSTMILE,LOCATION_TYPE,RAMP_INTERSECTION,SIDE_OF_HWY,TOW_AWAY,COLLISION_SEVERITY,NUMBER_KILLED,NUMBER_INJURED,PARTY_COUNT,PRIMARY_COLL_FACTOR,PCF_CODE_OF_VIOL,PCF_VIOL_CATEGORY,PCF_VIOLATION,PCF_VIOL_SUBSECTION,HIT_AND_RUN,TYPE_OF_COLLISION,MVIW,PED_ACTION,ROAD_SURFACE,ROAD_COND_1,ROAD_COND_2,LIGHTING,CONTROL_DEVICE,CHP_ROAD_TYPE,PEDESTRIAN_ACCIDENT,BICYCLE_ACCIDENT,MOTORCYCLE_ACCIDENT,TRUCK_ACCIDENT,NOT_PRIVATE_PROPERTY,ALCOHOL_INVOLVED,STWD_VEHTYPE_AT_FAULT,CHP_VEHTYPE_AT_FAULT,COUNT_SEVERE_INJ,COUNT_VISIBLE_INJ,COUNT_COMPLAINT_PAIN,COUNT_PED_KILLED,COUNT_PED_INJURED,COUNT_BICYCLIST_KILLED,COUNT_BICYCLIST_INJURED,COUNT_MC_KILLED,COUNT_MC_INJURED,PRIMARY_RAMP,SECONDARY_RAMP,LATITUDE,LONGITUDE,COUNTY,CITY,POINT_X,POINT_Y
9346301,2021,2021-10-18,4304,2021-08-22,1427,223,,7,5,4,4304,0,0,0,,0,,"SAN YSIDRO AV","LEAVESLEY RD",1780.00,N,N,A,-,N,,,,,,,,,,Y,2,0,1,2,A,-,08,22107,,N,D,C,A,A,H,-,A,A,0,,,,,Y,,-,,1,0,0,0,0,0,0,0,0,"- ","- ",,,"SANTA CLARA",GILROY,-121.56748199462891,37.027557373046875
9350834,2021,2021-11-20,4313,2021-10-12,1230,3389,CENTR,2,5,7,4313,0,0,0,,0,0E1,"W JULIAN ST","RT 87",0.00,,N,A,-,N,,,,,,,,,,N,2,0,1,2,A,-,17,21200,,N,D,G,A,A,H,-,A,A,0,,Y,,,Y,,L,04,1,0,0,0,0,0,1,0,0,"- ","- ",37.201129913330078,-121.53556060791016,"SANTA CLARA","SAN JOSE",-121.89775848388672,37.337032318115234
9355562,2021,2021-10-26,4308,2021-08-13,0013,323,22C01,5,5,5,4308,0,0,0,,0,002,"S PARK VICTORIA DR","PORTOLA DR",63.00,N,N,A,-,N,,,,,,,,,,Y,2,0,1,1,A,-,01,23152,A,N,A,I,A,A,H,-,C,D,0,,,,,Y,Y,A,01,1,0,0,0,0,0,0,0,0,"- ","- ",37.422340393066406,-121.87686157226562,"SANTA CLARA",MILPITAS,-121.87696075439453,37.422264099121094
9364377,2021,2021-12-30,4313,2021-11-18,0017,4909,DW,4,5,7,4313,0,0,0,,0,0W1,"PIEDMONT RD","OLD PIEDMONT RD",0.00,,Y,A,-,N,,,,,,,,,,Y,2,0,1,1,A,-,03,22350,,N,A,I,A,A,-,-,C,D,0,,,,,Y,,-,,1,0,0,0,0,0,0,0,0,"- ","- ",,,"SANTA CLARA","SAN JOSE",-121.84973907470703,37.405601501464844
9366340,2021,2021-12-17,4308,2021-09-30,2006,343,,4,5,5,4308,0,0,0,,0,,"MILPITAS BL","EAST CAPITOL AV",20.00,W,N,A,-,N,,,,,,,,,,N,2,0,1,1,A,-,03,22350,,N,E,I,A,A,H,-,C,D,0,,,,,Y,,-,,1,0,0,0,0,0,0,0,0,"- ","- ",37.410308837890625,-121.88896942138672,"SANTA CLARA",MILPITAS,-121.89112854003906,37.408950805664062
9368996,2021,2021-12-24,4313,2021-11-21,0400,4836,SOUTH,7,5,7,4313,0,0,0,,0,0Y5,"SANTA TERESA","BAILEY AV",3634.00,N,N,A,-,N,,,,,,,,,,Y,2,0,1,1,A,-,03,22350,,N,E,J,A,A,H,-,C,D,0,,,,,Y,Y,-,,1,0,0,0,0,0,0,0,0,"- ","- ",,,"SANTA CLARA","SAN JOSE",-121.74449157714844,37.208694458007812
9369709,2021,2022-01-05,4313,2021-12-04,1847,4873,DISTR,6,5,7,4313,0,0,0,,0,0P1,"TULLY RD","HURAN DR",500.00,,N,A,-,N,,,,,,,,,,Y,2,0,1,2,A,-,11,21954,A,N,A,B,D,A,H,-,C,A,0,Y,,,,Y,Y,N,60,1,0,0,0,1,0,0,0,0,"- ","- ",,,"SANTA CLARA","SAN JOSE",-121.82379913330078,37.323883056640625
9370494,2021,2022-01-06,4313,2021-12-03,1406,4936,LINCO,5,5,7,4313,0,0,0,,0,002,"TULLY RD","MCLAUGHLIN AV",501.00,W,N,A,-,N,,,,,,,,,,Y,2,0,1,2,A,-,09,21801,A,N,D,-,A,A,H,-,A,A,0,,,,,Y,,-,,1,0,0,0,0,0,0,0,0,"- ","- ",,,"SANTA CLARA","SAN JOSE",-121.83788299560547,37.314357757568359
9377202,2021,2022-01-06,4304,2021-12-01,1700,221,4304,3,5,4,4304,0,0,0,,0,001,"VIOGNER WY","CIMINO ST",0.00,,Y,A,-,N,,,,,,,,,,N,2,0,1,2,A,-,10,21950,A,N,C,B,B,A,H,-,B,A,0,Y,,,,Y,,-,,1,0,0,0,1,0,0,0,0,"- ","- ",,,"SANTA CLARA",GILROY,-121.58206939697266,36.988262176513672
9378535,2021,2021-12-31,4304,2021-07-13,0603,220,4304,2,5,4,4304,0,0,0,,0,004,"SWANSTON LN","LEAVESLEY RD",15.00,S,N,A,-,Y,,,,,,,,,,N,1,1,0,2,A,-,10,21950,A,N,G,B,B,A,H,-,B,A,0,Y,,,,Y,,A,01,0,0,0,1,0,0,0,0,0,"- ","- ",,,"SANTA CLARA",GILROY,-121.57265472412109,37.019992828369141
9379988,2022,2022-02-28,4313,2022-01-27,1906,4681,XRAY,4,5,7,4313,0,0,0,,0,0X1,"CAPITOL EXPWY","VISTA PARK DR",0.00,,Y,A,-,N,,,,,,,,,,Y,2,0,1,2,A,-,11,21954,A,N,G,B,D,A,H,-,C,A,0,Y,,,,Y,,N,60,1,0,0,0,1,0,0,0,0,"- ","- ",,,"SANTA CLARA","SAN JOSE",-121.84983062744141,37.274490356445312
9387638,2021,2022-02-01,4313,2021-12-11,2230,4618,ADAM,6,5,7,4313,0,0,0,,0,002,"CAMDEN AV","LITTLE BRANHAM AV",0.00,,-,A,-,N,,,,,,,,,,Y,2,0,1,2,A,-,03,22350,,N,A,C,A,A,H,-,C,A,0,,,,,Y,Y,A,01,1,0,0,0,0,0,0,0,0,"- ","- ",,,"SANTA CLARA","SAN JOSE",-121.90995788574219,37.248912811279297
9387866,2021,2022-01-07,4313,2021-12-17,1436,4998,X,5,5,7,4313,0,0,0,,0,005,"CARRYBACK AV","BENDORF DR",58.00,E,N,A,-,N,,,,,,,,,,N,2,0,1,2,A,-,10,21950,,F,G,B,E,A,H,-,A,D,0,Y,,,,Y,,-,"- ",1,0,0,0,1,0,0,0,0,"- ","- ",,,"SANTA CLARA","SAN JOSE",-121.80194854736328,37.259319305419922
9388130,2021,2022-01-25,4313,2021-12-20,2000,4794,LINCO,1,5,7,4313,0,0,0,,0,004,"CURTNER AV","UNIFIED WY",0.00,,N,A,-,N,,,,,,,,,,N,2,0,1,2,A,-,11,21955,,N,G,B,D,A,H,-,C,A,0,Y,,,,Y,,N,60,1,0,0,0,1,0,0,0,0,"- ","- ",,,"SANTA CLARA","SAN JOSE",-121.87255096435547,37.295116424560547
9395755,2022,2022-02-08,4313,2022-01-10,0547,4683,WESTE,1,5,7,4313,0,0,0,,0,0L3,"TULLY RD","MCLAUGHLIN AV",237.00,W,N,B,-,N,,,,,,,,,,Y,2,0,1,2,A,-,11,21954,A,N,A,B,D,A,H,-,C,D,0,Y,,,,Y,,N,60,1,0,0,0,1,0,0,0,0,"- ","- ",37.185459136962891,-121.50115966796875,"SANTA CLARA","SAN JOSE",-121.83718109130859,37.314823150634766
94019512,2024,2024-08-09,9340,2024-07-30,2345,023903,,2,3,6,4314,0,1,2,,2,120,"US-101 S/B","SAN TOMAS EXPY",3520.00,S,N,A,-,Y,SCL,,101," "," ",41.314,H,,L,Y,2,0,3,1,A,-,08,22107,,N,E,8,A,A,H,-,D,D,0,,,,,Y,,A,08,2,1,0,0,0,0,0,0,0,"- ","- ",37.378768920898438,-121.95259094238281,"SANTA CLARA","SANTA CLARA",-121.95259094238281,37.378768920898438
9405763,2022,2022-03-02,4313,2022-02-02,1833,4964,LINCO,3,5,7,4313,0,0,0,,0,0L1,"S 7TH ST","KEYES ST",0.00,,Y,A,-,N,,,,,,,,,,Y,2,0,2,2,A,-,08,22107,,N,D,C,A,A,H,-,C,A,0,,,,,Y,,-,,1,0,1,0,0,0,0,0,0,"- ","- ",,,"SANTA CLARA","SAN JOSE",-121.87193298339844,37.322731018066406
9416166,2022,2022-03-29,4313,2022-03-05,1840,4435,LINCO,6,5,7,4313,0,0,0,,0,0L6,"MCLAUGHLIN AV","IDLEWOOD DR",0.00,,Y,A,-,N,,,,,,,,,,N,2,0,1,2,A,-,10,21950,A,N,G,-,B,-,H,-,C,B,0,Y,,,,Y,,-,,1,0,0,0,1,0,0,0,0,"- ","- ",,,"SANTA CLARA","SAN JOSE",-121.83287048339844,37.311389923095703
9418752,2022,2022-03-25,4310,2022-02-05,1958,277,43635,6,5,4,4310,0,0,0,,0,001,"COCHRANE RD","BUTTERFIELD BL",0.00,,Y,A,-,N,,,,,,,,,,Y,2,0,2,2,A,-,12,21453,A,N,D,C,A,A,H,-,C,A,0,,,,,Y,,A,01,1,0,1,0,0,0,0,0,0,"- ","- ",37.147518157958984,-121.66104125976562,"SANTA CLARA","MORGAN HILL",-121.66114807128906,37.147518157958984
9422753,2022,2022-04-04,4313,2022-03-08,2130,4580,XRAY,2,5,7,4313,0,0,0,,0,0X3,"BOLERO DR","HARMONY LN",0.00,,Y,A,-,N,,,,,,,,,,N,2,0,2,2,A,-,03,22350,,N,G,B,E,A,H,-,C,D,0,Y,,,,Y,,-,,1,1,0,0,1,0,0,0,0,"- ","- ",,,"SANTA CLARA","SAN JOSE",-121.81739044189453,37.276363372802734
9426409,2022,2023-11-16,4313,2022-03-02,0534,4984,FOOTH,3,5,7,4313,0,0,0,,0,0M5,"ALUM ROCK AV","NB RT 680 FROM ALUM ROCK RP",0.00,N,-,A,-,Y,SCL,4,680,-,M,1.868,R,3,N,Y,1,1,0,2,A,-,10,21950,A,N,G,B,C,A,H,-,C,A,0,Y,,,,Y,Y,-,"- ",0,0,0,1,0,0,0,0,0,"- ","- ",37.213661193847656,-121.50241088867188,"SANTA CLARA","SAN JOSE",-121.84201812744141,37.361431121826172
9429574,2022,2022-04-14,4313,2022-03-26,0128,4719,KING,6,5,7,4313,0,0,0,,0,0K4,"N 28TH ST","E SANTA CLARA ST",0.00,,Y,A,-,N,,,,,,,,,,Y,2,0,3,1,A,-,03,22350,,N,A,I,A,A,H,-,C,A,0,,,,,Y,Y,-,,2,0,1,0,0,0,0,0,0,"- ","- ",37.205528259277344,-121.51509857177734,"SANTA CLARA","SAN JOSE",-121.86415863037109,37.348720550537109
94353157,2024,2024-08-13,9725,2024-07-29,2130,022111,,1,2,9,4300,0,1,2,,2,012,"US-101 NB","E. DUNNE AVENUE",1584.00,S,N,A,-,Y,SCL,,101," ",R,15.523,H,,R,Y,2,0,3,3,A,-,08,22107,,N,B,2,A,A,H,-,C,D,0,,,,,Y,,-,"- ",2,0,1,0,0,0,0,0,0,"- ","- ",37.125308990478516,-121.62963104248047,"SANTA CLARA",UNINCORPORATED,-121.62966918945312,37.125297546386719
94356101,2024,2024-08-15,9340,2024-08-04,1317,023729,,7,1,7,4313,0,1,3,,2,172,"SR-17 N/B","MOORPARK AVE",2906.00,S,N,A,-,Y,SCL,,17," "," ",13.306,H,,R,Y,2,0,2,2,A,-,08,22107,,N,B,2,A,A,H,-,A,D,0,,,,,Y,,A,07,1,0,1,0,0,0,0,0,0,"- ","- ",37.308059692382812,-121.94052124023438,"SANTA CLARA","SAN JOSE",-121.94049835205078,37.308059692382812
94360157,2024,2024-08-19,9340,2024-08-07,2225,023458,,3,3,7,4313,0,1,2,,2,110,"US-101 S/B","TULLY ROAD",1624.00,N,N,A,-,Y,SCL,,101," "," ",33.351,H,,L,N,2,0,1,2,A,-,07,21658,A,N,C,C,A,A,H,-,C,D,0,,,Y,,Y,,A,01,1,0,0,0,0,0,0,0,1,"- ","- ",37.321949005126953,-121.83528137207031,"SANTA CLARA","SAN JOSE",-121.83518218994141,37.322010040283203
9437297,2022,2022-05-17,4304,2022-03-23,1955,230,4304,3,5,4,4304,0,0,0,,0,001,"10TH ST","ORCHARD DR",659.00,W,N,A,-,N,,,,,,,,,,,2,0,2,2,A,-,03,22350,,N,A,C,A,A,H,-,C,D,0,,,,,Y,Y,A,01,1,0,1,0,0,0,0,0,0,"- ","- ",,,"SANTA CLARA",GILROY,-121.58025360107422,36.995700836181641
94374247,2024,2024-08-29,9340,2024-08-17,"435 ",023535,,6,3,7,4313,0,1,2,,2,110,"US-101 NB TO I-680 N/B",I-680,259.00,S,N,A,-,Y,,,,,,,,,,Y,2,0,2,1,A,-,01,23152,A,N,E,I,A,A,H,-,D,A,0,,,,,Y,Y,A,07,1,1,0,0,0,0,0,0,0,"- ","- ",37.340049743652344,-121.84950256347656,"SANTA CLARA","SAN JOSE",-121.85125732421875,37.339035034179688
94380789,2024,2024-09-04,9725,2024-08-22,1110,023919,,4,1,9,4300,0,1,3,,1,130,"SR-25 SB","BOLSA ROAD",82.00,N,N,B,-,N,,,,,,,,,,Y,2,0,3,4,A,-,05,21460,A,N,A,C,A,A,H,-,A,D,0,,,,,Y,,D,22,2,1,0,0,0,0,0,0,0,"- ","- ",36.950748443603516,-121.52352142333984,"SANTA CLARA",UNINCORPORATED,-121.52336120605469,36.950687408447266
94382561,2024,2024-09-05,9725,2024-08-25,1600,022985,,7,2,7,4313,0,3,5,,2,003,"MCKEAN RD","COUNTRY VIEW DR",475.00,N,N,A,-,N,,,,,,,,,,N,2,0,1,1,A,-,01,23152,A,N,F,I,A,A,H,-,A,D,0,,,,,Y,Y,A,01,1,0,0,0,0,0,0,0,0,"- ","- ",37.188098907470703,-121.78708648681641,"SANTA CLARA","SAN JOSE",-121.78498077392578,37.188098907470703
94387199,2024,2024-09-09,9725,2024-09-01,1335,021529,,7,1,9,4300,0,3,5,,2,003,"OAK GLEN AVE","SHADY BROOK LN",354.00,S,N,A,-,N,,,,,,,,,,N,2,0,1,1,A,-,03,22350,,N,E,J,A,A,H,-,A,D,0,,,Y,,Y,,C,02,1,0,0,0,0,0,0,0,1,"- ","- ",37.096588134765625,-121.67220306396484,"SANTA CLARA",UNINCORPORATED,-121.67225646972656,37.096519470214844
94402627,2024,2024-09-20,9330,2024-07-22,1640,023664,,1,2,9,4300,0,1,1,,2,074,"I-280 N/B","SAND HILL ROAD",1056.00,S,N,A,-,Y,SM,,280," ",R,1.293,H,,R,N,2,0,1,2,A,-,08,22107,,F,B,3,A,A,H,-,A,D,0,,,,,Y,,-,99,1,0,0,0,0,0,0,0,0,"- ","- ",37.4180908203125,-122.2139892578125,"SANTA CLARA",UNINCORPORATED,-122.21399688720703,37.418075561523438
94412685,2024,2024-09-30,9340,2024-09-12,"600 ",023776,,4,1,7,4313,0,1,3,,2,087,"SR-87 N/B","ALMADEN EXPY",82.00,S,N,A,-,Y,SCL,,87," "," ",3.370,H,,R,Y,2,0,2,3,A,-,03,22350,,N,E,I,A,A,H,-,D,D,0,,,,,Y,,A,01,1,1,0,0,0,0,0,0,0,"- ","- ",37.301609039306641,-121.87660980224609,"SANTA CLARA","SAN JOSE",-121.87655639648438,37.301639556884766
9441983,2022,2022-06-02,4313,2022-04-25,1333,4961,EDWAR,1,5,7,4313,0,0,0,,0,0F2,"THE ALAMEDA","RT 880",0.00,,Y,A,-,N,,,,,,,,,,Y,2,0,2,3,A,-,12,21453,,N,D,C,A,-,H,-,A,A,0,,,,,Y,,-,"- ",1,1,0,0,0,0,0,0,0,"- ",SF,,,"SANTA CLARA","SAN JOSE",-121.92584991455078,37.342601776123047
94420041,2024,2024-10-04,9340,2024-07-07,"555 ",023219,,7,3,7,4313,0,1,1,,2,281,"I-280 S/B","MCLAUGHLIN AVE",1686.00,N,N,A,-,Y,SCL,,280," ",R,0.723,H,,L,Y,1,1,0,1,A,-,08,22107,,N,E,8,A,D,H,-,B,D,0,,,,,Y,,A,01,0,0,0,0,0,0,0,0,0,"- ","- ",37.333011627197266,-121.86231231689453,"SANTA CLARA","SAN JOSE",-121.86241149902344,37.333114624023438
94421149,2024,2024-10-07,9340,2024-09-23,1435,023903,,1,2,7,4313,0,1,2,,2,110,"US-101 N/B TO TULLY ROAD","TULLY RD",335.00,S,N,A,-,Y,,,,,,,,,,N,2,0,1,1,A,-,03,22350,,N,E,I,A,A,H,-,A,D,0,,,,,Y,Y,D,22,1,0,0,0,0,0,0,0,0,"- ","- ",37.318138122558594,-121.83000183105469,"SANTA CLARA","SAN JOSE",-121.83073425292969,37.317817687988281
9442159,2022,2022-05-18,4313,2022-04-23,0043,4860,LINCO,6,5,7,4313,0,0,0,,0,0L1,"S 9TH ST","KEYES ST",0.00,,Y,A,-,N,,,,,,,,,,N,2,0,1,2,A,-,03,22350,,F,G,B,D,A,H,-,C,A,0,Y,,,,Y,Y,-,,1,0,0,0,1,0,0,0,0,"- ","- ",37.192531585693359,-121.52114868164062,"SANTA CLARA","SAN JOSE",-121.86981964111328,37.323719024658203
94425962,2024,2024-10-10,9725,2024-03-14,"605 ",023545,,4,1,9,4300,0,3,5,,2,003,"HALE AVENUE","LIVE OAK AVENUE",26.00,S,N,A,-,Y,,,,,,,,,,N,1,1,0,2,A,-,11,21954,A,N,G,B,D,A,H,-,D,A,0,Y,,,,Y,,N,60,0,0,0,1,0,0,0,0,0,"- ","- ",37.16107177734375,-121.69835662841797,"SANTA CLARA",UNINCORPORATED,-121.69834899902344,37.161026000976562
94434518,2024,2024-10-17,9340,2024-10-03,2315,023168,,4,3,7,4313,0,1,3,,2,087,"SR-87 N/B",US-101,961.00,S,N,A,-,Y,SCL,,87," "," ",8.971,H,,R,Y,2,0,1,1,A,-,03,22350,,N,E,I,A,A,H,-,C,D,0,,,,,Y,,A,01,1,0,0,0,0,0,0,0,0,"- ","- ",37.370349884033203,-121.92662811279297,"SANTA CLARA","SAN JOSE",-121.92655181884766,37.370376586914062
94441164,2024,2024-10-22,9340,2024-09-01,"332 ",023601,,7,3,7,4313,0,1,2,,2,110,"US-101 S/B","E. SAN ANTONIO STREET OVER CROSSING",44.00,N,N,A,-,Y,SCL,,101," ",R,35.479,H,,L,Y,1,1,2,1,A,-,01,23152,A,N,E,8,A,A,H,-,E,D,0,,,,,Y,Y,A,01,0,1,1,0,0,0,0,0,0,"- ","- ",37.346458435058594,-121.85894012451172,"SANTA CLARA","SAN JOSE",-121.85884857177734,37.346515655517578
94467700,2024,2024-11-13,9725,2024-11-05,1410,020120,,2,2,9,4300,0,3,5,,2,003,"SANTA TERESA BLVD.","HIGHLAND AVE.",1584.00,S,N,A,-,N,,,,,,,,,,Y,2,0,1,2,A,-,08,22107,,N,A,C,A,A,H,-,A,D,0,,,Y,,Y,,C,02,1,0,0,0,0,0,0,0,1,"- ","- ",37.065959930419922,-121.61367797851562,"SANTA CLARA",UNINCORPORATED,-121.61382293701172,37.066143035888672
94486477,2024,2024-11-27,9340,2024-09-30,"440 ",023374,,1,3,7,4313,0,1,1,,2,089,"I-880 N/B","THE ALAMEDA",635.00,S,N,A,-,Y,SCL,,880," "," ",1.959,H,,R,Y,2,0,1,2,A,-,03,22350,,F,C,C,A,A,C,-,C,D,0,,,Y,,Y,,C,02,1,0,0,0,0,0,0,0,1,"- ","- ",37.341419219970703,-121.92735290527344,"SANTA CLARA","SAN JOSE",-121.92736053466797,37.3414306640625
94492385,2024,2024-12-04,9340,2024-11-20,1355,023960,,3,1,9,4300,0,3,5,,2,070,"BASCOM AVE S/B","SCOTT ST",110.00,S,N,A,-,N,,,,,,,,,,Y,2,0,1,3,A,-,08,22107,,N,E,8,A,A,H,-,A,D,0,,,,,Y,,A,01,1,0,0,0,0,0,0,0,0,"- ","- ",37.319530487060547,-121.93206024169922,"SANTA CLARA",UNINCORPORATED,-121.93194580078125,37.319549560546875
9450209,2022,2022-06-20,4311,2022-04-01,2311,55081,5325,5,5,5,4311,0,0,0,,0,MV2,"CALIFORNIA ST","CHIQUITA AV",0.00,,Y,A,-,N,,,,,,,,,,Y,2,0,1,2,A,-,12,22450,A,N,D,C,A,A,H,-,C,D,0,,,,,Y,Y,A,07,1,0,0,0,0,0,0,0,0,"- ","- ",,,"SANTA CLARA","MOUNTAIN VIEW",-122.09089660644531,37.395397186279297
9451279,2022,2022-11-15,4313,2022-06-03,0643,4779,ROBER,5,5,7,4313,0,0,0,,0,003,"OLD BAYSHORE HWY","QUEENS LN",0.00,,N,A,-,N,,,,,,,,,,N,2,0,1,2,A,-,03,22350,,N,G,B,D,A,H,-,B,A,0,Y,,,,Y,,-,,1,0,0,0,1,0,0,0,0,"- ","- ",,,"SANTA CLARA","SAN JOSE",-121.90467834472656,37.368206024169922
94524215,2024,2025-01-03,9340,2024-11-26,2033,023882,,2,2,7,4313,0,1,1,,2,681,"I-680 S/B","BERRYESSA RD",249.00,S,N,A,-,Y,SCL,,680," ",M,3.787,H,,L,N,1,1,0,2,A,-,11,21954,A,N,G,B,E,A,H,-,D,D,0,Y,,,,Y,,N,60,0,0,0,1,0,0,0,0,0,"- ","- ",37.383769989013672,-121.86238861083984,"SANTA CLARA","SAN JOSE",-121.86238098144531,37.383777618408203
94526847,2024,2025-01-06,9725,2024-12-14,1130,024023,,6,1,9,4300,0,1,3,,1,170,"SR-152 W/B","DINOSAUR POINT RD",2640.00,W,N,B,C,Y,SCL,,152," "," ",34.219,H,,L,Y,2,0,1,1,A,-,08,22107,,N,E,I,A,B,H,-,A,D,0,,,,,Y,,A,01,1,0,0,0,0,0,0,0,0,"- ","- ",37.063461303710938,-121.22898864746094,"SANTA CLARA",UNINCORPORATED,-121.22902679443359,37.063507080078125
94540552,2024,2025-01-16,9340,2024-12-21,"55  ",024066,,6,3,7,4313,0,1,1,,2,681,"I-680 S/B","KING RD",68.00,N,N,A,-,Y,SCL,,680," ",M,0.435,H,,L,Y,2,0,1,1,A,-,08,22107,,N,B,I,A,A,H,-,C,D,0,,,,,Y,,A,01,1,0,0,0,0,0,0,0,0,"- ","- ",37.343929290771484,-121.84628295898438,"SANTA CLARA","SAN JOSE",-121.84609222412109,37.343784332275391
94553116,2024,2025-01-28,9725,2024-11-27,"250 ",023921,,3,3,4,4310,0,1,2,,2,012,"US-101 S/B","TENNANT AVE",2112.00,S,N,A,-,Y,SCL,,101," ",R,14.613,H,,L,Y,2,0,2,2,A,-,01,23152,,N,C,C,A,A,H,-,D,D,0,,,,Y,Y,Y,A,01,1,0,1,0,0,0,0,0,0,"- ","- ",37.113391876220703,-121.62265014648438,"SANTA CLARA","MORGAN HILL",-121.62262725830078,37.1134033203125
9456142,2023,2023-10-18,4313,2023-07-18,2125,4601,XRAY,2,5,7,4313,0,0,0,,0,0X3,"SENTER RD","SAN GREGARIO WY",0.00,,Y,A,-,N,,,,,,,,,,Y,2,0,1,2,A,-,01,23153,,N,G,B,D,A,H,-,C,A,0,Y,,,,Y,Y,-,,1,0,0,0,1,0,0,0,0,"- ","- ",37.164989471435547,-121.49244689941406,"SANTA CLARA","SAN JOSE",-121.82344055175781,37.280521392822266
9456152,2023,2023-10-04,4313,2023-07-23,1734,4915,DISTR,7,5,7,4313,0,0,0,,0,0A4,"BLOSSOM HILL","SANTA TERESA BL",138.00,W,N,A,-,N,,,,,,,,,,Y,2,0,3,5,A,-,03,22350,,N,E,C,A,A,H,-,A,A,0,,,,,Y,,A,01,1,0,2,0,0,0,0,0,0,"- ","- ",,,"SANTA CLARA","SAN JOSE",-121.85935211181641,37.250297546386719
94564548,2024,2025-02-04,9725,2024-12-31,"730 ",024176,,2,1,9,4300,0,1,2,,1,010,"US-101 N/B",SR-25,9504.00,S,N,A,-,Y,SCL,,101," ",R,1.338,H,,R,Y,2,0,2,1,A,-,08,22107,,N,F,A,A,A,H,-,A,D,0,,,,,Y,,A,07,1,1,0,0,0,0,0,0,0,"- ","- ",36.935131072998047,-121.55206298828125,"SANTA CLARA",UNINCORPORATED,-121.55201721191406,36.935138702392578
94569284,2025,2025-02-06,9340,2025-01-26,"418 ",023729,,7,3,7,4313,0,1,2,,2,110,"US-101 S/B","CAPITOL EXPRESSWAY",663.00,N,N,B,-,Y,SCL,,101," "," ",31.834,H,,L,Y,2,0,1,2,A,-,03,22350,,F,D,C,A,A,H,-,D,D,0,,,,,Y,,A,01,1,0,0,0,0,0,0,0,0,"- ","- ",37.304668426513672,-121.81832885742188,"SANTA CLARA","SAN JOSE",-121.81838226318359,37.304637908935547
94569852,2025,2025-02-07,9340,2025-01-23,"920 ",023837,,4,1,9,4300,0,1,3,,2,171,"SR-17 S/B","E MAIN ST",3000.00,S,N,A,-,Y,SCL,,17," "," ",5.924,H,,L,Y,2,0,2,2,A,-,08,22101,D,F,D,2,A,A,H,-,A,D,0,,,,,Y,,A,01,1,0,1,0,0,0,0,0,0,"- ","- ",37.214988708496094,-121.98818969726562,"SANTA CLARA",UNINCORPORATED,-121.98821258544922,37.214984893798828
9457206,2022,2022-06-30,4313,2022-06-22,2152,4336,FOOTH,3,5,7,4313,0,0,0,,0,0PN,"E CAPITOL EXP","TULLY RD",0.00,,Y,A,-,N,,,,,,,,,,Y,2,0,3,2,A,-,01,23153,A,N,-,C,A,A,H,-,C,A,0,,,,,Y,Y,-,,1,1,1,0,0,0,0,0,0,"- ","- ",37.195240020751953,-121.48461151123047,"SANTA CLARA","SAN JOSE",-121.81291961669922,37.331226348876953
9457213,2022,2022-06-30,4313,2022-06-20,2343,4790,WESTE,1,5,7,4313,0,0,0,,0,0L4,"SENTER RD","BALFOUR DR",0.00,,N,A,-,N,,,,,,,,,,Y,2,0,2,2,A,-,11,21955,,N,A,B,D,A,H,-,C,D,0,Y,,Y,,Y,Y,N,60,1,1,0,0,1,0,0,0,1,"- ","- ",,,"SANTA CLARA","SAN JOSE",-121.84017944335938,37.300121307373047
94578124,2024,2025-02-13,9330,2024-11-04,"212 ",023864,,1,3,9,4300,0,3,5,,2,077,"CLARK ROAD","R.T. JONES ROAD",264.00,E,N,A,-,Y,,,,,,,,,,N,2,0,1,1,A,-,01,23152,A,N,E,I,A,A,H,-,C,D,0,,,,,Y,Y,A,01,1,0,0,0,0,0,0,0,0,"- ","- ",37.410129547119141,-122.06253051757812,"SANTA CLARA",UNINCORPORATED,,
94581278,2025,2025-02-17,9725,2025-01-25,2240,023415,,6,3,9,4300,0,1,2,,2,013,"US-101 N/B","COYOTE CREEK",10560.00,S,N,A,-,Y,SCL,,101," ",R,19.386,H,,R,Y,2,0,1,1,A,-,01,23152,A,N,F,I,A,A,H,-,D,D,0,,,,,Y,Y,A,01,1,0,0,0,0,0,0,0,0,"- ","- ",37.170589447021484,-121.67008972167969,"SANTA CLARA",UNINCORPORATED,-121.67026519775391,37.17047119140625