CASE_ID,ACCIDENT_YEAR,PROC_DATE,JURIS,COLLISION_DATE,COLLISION_TIME,OFFICER_ID,REPORTING_DISTRICT,DAY_OF_WEEK,CHP_SHIFT,POPULATION,CNTY_CITY_LOC,SPECIAL_COND,BEAT_TYPE,CHP_BEAT_TYPE,CITY_DIVISION_LAPD,CHP_BEAT_CLASS,BEAT_NUMBER,PRIMARY_RD,SECONDARY_RD,DISTANCE,DIRECTION,INTERSECTION,WEATHER_1,WEATHER_2,STATE_HWY_IND,CALTRANS_COUNTY,CALTRANS_DISTRICT,STATE_ROUTE,ROUTE_SUFFIX,POSTMILE_PREFIX,POSTMILE,LOCATION_TYPE,RAMP_INTERSECTION,SIDE_OF_HWY,TOW_AWAY,COLLISION_SEVERITY,NUMBER_KILLED,NUMBER_INJURED,PARTY_COUNT,PRIMARY_COLL_FACTOR,PCF_CODE_OF_VIOL,PCF_VIOL_CATEGORY,PCF_VIOLATION,PCF_VIOL_SUBSECTION,HIT_AND_RUN,TYPE_OF_COLLISION,MVIW,PED_ACTION,ROAD_SURFACE,ROAD_COND_1,ROAD_COND_2,LIGHTING,CONTROL_DEVICE,CHP_ROAD_TYPE,PEDESTRIAN_ACCIDENT,BICYCLE_ACCIDENT,MOTORCYCLE_ACCIDENT,TRUCK_ACCIDENT,NOT_PRIVATE_PROPERTY,ALCOHOL_INVOLVED,STWD_VEHTYPE_AT_FAULT,CHP_VEHTYPE_AT_FAULT,COUNT_SEVERE_INJ,COUNT_VISIBLE_INJ,COUNT_COMPLAINT_PAIN,COUNT_PED_KILLED,COUNT_PED_INJURED,COUNT_BICYCLIST_KILLED,COUNT_BICYCLIST_INJURED,COUNT_MC_KILLED,COUNT_MC_INJURED,PRIMARY_RAMP,SECONDARY_RAMP,LATITUDE,LONGITUDE,COUNTY,CITY,POINT_X,POINT_Y
94582778,2023,2025-02-18,9330,2023-10-28,"330 ",023265,,6,3,2,4306,0,1,1,,2,074,"I-280 S/B","EL MONTE ROAD",6336.00,N,N,A,-,Y,SCL,,280," "," ",16.312,H,,L,Y,1,1,0,1,A,-,08,22107,,N,E,I,A,A,H,-,D,D,0,,,,,Y,Y,A,01,0,0,0,0,0,0,0,0,0,"- ","- ",37.368339538574219,-122.14010620117188,"SANTA CLARA","LOS ALTOS HILLS",-122.14017486572266,37.3682861328125
94591962,2025,2025-02-27,9340,2025-02-14,1000,024103,,5,1,9,4300,0,1,3,,2,171,"SR-17 N/B","RAINERI LANE",220.00,N,N,B,-,Y,SCL,,17," "," ",2.244,H,,R,N,2,0,1,1,A,-,03,22350,,N,A,8,A,B,H,-,A,D,0,,,,,Y,,A,01,1,0,0,0,0,0,0,0,0,"- ","- ",37.166408538818359,-121.98827362060547,"SANTA CLARA",UNINCORPORATED,-121.98823547363281,37.166419982910156
94592789,2025,2025-02-28,9340,2025-02-18,1951,024288,,2,2,7,4313,0,1,1,,2,281,"I-280 S/B","11TH STREET",1015.00,S,N,A,-,Y,SCL,,280," ",R,1.096,H,,L,N,2,0,1,1,A,-,08,22107,,N,E,I,A,A,H,-,D,D,0,,,,,Y,,A,01,1,0,0,0,0,0,0,0,0,"- ","- ",37.329761505126953,-121.86769866943359,"SANTA CLARA","SAN JOSE",-121.86776733398438,37.329833984375
94594001,2025,2025-03-03,9340,2025-02-17,1615,022864,,1,2,7,4313,0,1,3,,2,083,"SR-85 S/B","BLOSSOM HILL RD",650.00,S,N,A,-,Y,SCL,,85," "," ",3.851,H,,L,Y,2,0,2,1,A,-,08,22107,,N,E,I,A,A,H,-,A,D,0,,,,,Y,,A,01,1,0,1,0,0,0,0,0,0,"- ","- ",37.250091552734375,-121.83612060546875,"SANTA CLARA","SAN JOSE",-121.8360595703125,37.250160217285156
94594813,2025,2025-03-03,9340,2025-03-01,1321,023837,,6,1,7,4313,0,1,1,,2,088,"I-880 S/B TO N/B I-280",I-880,1372.00,N,N,A,-,Y,SCL,,280," ",L,5.667,H,,R,Y,2,0,2,1,A,-,08,22107,,N,E,I,A,A,H,-,A,D,0,,,,,Y,,A,07,1,0,1,0,0,0,0,0,0,"- ","- ",37.31719970703125,-121.94497680664062,"SANTA CLARA","SAN JOSE",-121.94496917724609,37.317092895507812
94595019,2025,2025-03-03,9330,2025-02-19,"545 ",023864,,3,3,5,4311,0,1,3,,2,076,"SR-85 N/B","EAST EVELYN AVENUE",1003.00,S,N,A,-,Y,SCL,,85," ",R,22.453,H,,R,Y,2,0,3,4,A,-,03,22350,,N,C,2,E,A,H,-,C,D,0,Y,,,,Y,,A,01,1,0,2,0,1,0,0,0,0,"- ","- ",37.388301849365234,-122.06867980957031,"SANTA CLARA","MOUNTAIN VIEW",-122.068603515625,37.388301849365234
9460170,2022,2022-07-18,4313,2022-06-05,0055,4912,PAUL,7,5,7,4313,0,0,0,,0,005,"GURDWARA AV","ROSE TERRASSE CL",0.00,,Y,A,-,N,,,,,,,,,,Y,2,0,4,1,A,-,03,22350,,N,A,I,A,A,H,-,C,D,0,,,,,Y,Y,-,,2,0,2,0,0,0,0,0,0,"- ","- ",,,"SANTA CLARA","SAN JOSE",-121.76585388183594,37.3223876953125
94607935,2024,2025-03-18,9725,2024-10-28,"33  ",023415,,1,3,9,4300,0,1,3,,1,130,"STATE ROUTE 25 NORTHBOUND","BLOOMFIELD AVENUE",1056.00,S,N,A,-,Y,SCL,,25," "," ",1.498,H,,R,Y,1,2,0,2,A,-,05,21651,A,N,A,C,A,A,H,-,D,D,0,,,,,Y,,A,01,0,0,0,0,0,0,0,0,0,"- ","- ",36.959369659423828,-121.53399658203125,"SANTA CLARA",UNINCORPORATED,-121.53401184082031,36.959362030029297
94625696,2025,2025-03-25,9340,2025-01-22,1630,023374,,3,2,9,4300,0,3,5,,2,050,"STEVENS CANYON RD","REDWOOD GULCH RD",809.00,N,N,A,-,N,,,,,,,,,,N,2,0,1,1,A,-,03,22350,,N,F,A,A,A,H,-,A,D,0,,Y,,,Y,,L,04,1,0,0,0,0,0,1,0,0,"- ","- ",37.268440246582031,-122.09129333496094,"SANTA CLARA",UNINCORPORATED,-122.09189605712891,37.268173217773438
9464246,2023,2023-06-21,4311,2023-02-09,"626 ",53580,5326,4,5,5,4311,0,0,0,,0,MV2,"RT 82 (EL CAMINO REAL)","CLARK AV",229.00,E,N,A,-,Y,SCL,4,82,-,-,20.820,H,-,S,N,1,1,0,2,A,-,11,21954,A,F,G,B,E,A,H,-,C,D,0,Y,,,,Y,,N,60,0,0,0,1,0,0,0,0,0,"- ","- ",,,"SANTA CLARA","MOUNTAIN VIEW",-122.09745025634766,37.3936767578125
9464462,2021,2023-06-19,4300,2021-10-17,0048,2203,S6,7,5,4,4315,0,0,0,,0,74C9,"SARATOGA AV","PARK PL",27.00,S,N,A,-,N,,,,,,,,,,Y,1,1,0,1,A,-,01,23152,B,N,E,I,A,A,H,-,C,D,0,,,,,Y,Y,A,01,0,0,0,0,0,0,0,0,0,"- ","- ",37.25946044921875,-122.03035736083984,"SANTA CLARA",SARATOGA,-122.03038787841797,37.259544372558594
94645315,2025,2025-04-10,9340,2025-03-25,"740 ",023882,,2,1,6,4314,0,1,2,,2,120,"US-101 N/B","BOWERS AVE",178.00,N,N,A,-,Y,SCL,,101," "," ",42.779,H,,R,Y,2,0,1,2,A,-,08,22107,,N,C,C,A,A,H,-,A,A,0,,,Y,,Y,,C,02,1,0,0,0,0,0,0,0,1,"- ","- ",37.385978698730469,-121.97760009765625,"SANTA CLARA","SANTA CLARA",-121.97757720947266,37.386032104492188
94664065,2025,2025-04-25,9725,2025-04-14,"952 ",024456,,1,1,9,4300,0,1,2,,2,013,"US 101 S/B","COYOTE CREEK GOLF DRIVE",7656.00,S,N,A,-,Y,SCL,,101," ",R,19.795,H,,L,Y,2,0,1,2,A,-,07,21658,A,N,B,C,A,A,H,-,A,D,0,,,,,Y,,A,01,1,0,0,0,0,0,0,0,0,"- ","- ",37.174819946289062,-121.67559051513672,"SANTA CLARA",UNINCORPORATED,-121.67562866210938,37.174789428710938
9468037,2022,2023-01-18,4313,2022-12-20,1349,4472,TOM,2,5,7,4313,0,0,0,,0,001,"CAMDEN AV","TAPER AV",45.00,,N,A,-,N,,,,,,,,,,N,2,0,1,2,A,-,09,21804,,N,B,G,A,A,H,-,A,D,0,,Y,,Y,Y,,L,04,1,0,0,0,0,0,1,0,0,"- ","- ",,,"SANTA CLARA","SAN JOSE",-121.92890167236328,37.261692047119141
94684305,2025,2025-05-12,9340,2025-04-27,"930 ",023967,,7,1,9,4300,0,1,3,,2,171,"SR-17 S/B","SUMMIT RD",243.00,S,N,C,-,Y,SCL,,17," "," ",0.056,H,,L,N,2,0,1,1,A,-,03,22350,,N,E,I,A,B,H,-,A,D,0,,,,,Y,,D,22,1,0,0,0,0,0,0,0,0,"- ","- ",37.144828796386719,-121.98461151123047,"SANTA CLARA",UNINCORPORATED,-121.98466491699219,37.144824981689453
9470303,2023,2023-09-21,4313,2023-08-13,1012,4779,ADAM,7,5,7,4313,0,0,0,,0,005,"MCKEAN RD","BAILEY AV",0.00,,Y,A,-,N,,,,,,,,,,Y,2,0,1,2,A,-,09,21804,,N,B,C,A,A,H,-,A,A,0,,,,,Y,,A,01,1,0,0,0,0,0,0,0,0,"- ","- ",,,"SANTA CLARA","SAN JOSE",-121.76174163818359,37.182258605957031
94709850,2024,2025-06-02,9340,2024-12-19,"317 ",023169,,4,3,7,4313,0,1,S,,2,904,"US-101 N/B","YERBA BUENA RD",1056.00,N,N,B,-,Y,SCL,,101," "," ",31.161,H,,R,Y,2,0,1,1,A,-,03,22350,,N,F,0,A,A,H,-,D,D,0,,,,,Y,,A,01,1,0,0,0,0,0,0,0,0,"- ","- ",37.29705810546875,-121.81076049804688,"SANTA CLARA","SAN JOSE",-121.81085968017578,37.297019958496094
94730688,2025,2025-06-18,9725,2025-05-31,"240 ",024210,,6,3,9,4300,0,3,5,,2,001,"BOLSA RD","BLOOMFIELD AVE",2112.00,N,N,A,-,N,,,,,,,,,,N,2,0,1,1,A,-,08,22107,,N,A,I,A,A,H,-,C,D,0,,,,,Y,,-,"- ",1,0,0,0,0,0,0,0,0,"- ","- ",36.967739105224609,-121.53822326660156,"SANTA CLARA",UNINCORPORATED,-121.53795623779297,36.967727661132812
9474849,2022,2022-07-20,4310,2022-03-12,0815,264,43635,6,5,4,4310,0,0,0,,0,,"BUTTERFIELD BL","SAN PEDRO AV",346.00,N,N,A,-,N,,,,,,,,,,Y,2,0,1,2,A,-,03,22350,,N,C,C,A,A,H,-,A,D,0,,,,Y,Y,,G,26,1,0,0,0,0,0,0,0,0,"- ","- ",37.123378753662109,-121.64169311523438,"SANTA CLARA","MORGAN HILL",-121.64246368408203,37.124137878417969
9475837,2022,2022-07-19,4308,2022-06-08,0800,279,,3,5,5,4308,0,0,0,,0,001,"GREAT MALL PKWY","S ABEL ST",0.00,,Y,A,-,N,,,,,,,,,,Y,2,0,1,4,A,-,12,21453,A,N,D,C,A,A,H,-,A,A,0,,,,,Y,,A,01,1,0,0,0,0,0,0,0,0,"- ","- ",37.41571044921875,-121.90505981445312,"SANTA CLARA",MILPITAS,-121.90507507324219,37.415752410888672
94759883,2025,2025-07-14,9340,2025-06-21,1955,024339,,6,2,7,4313,0,1,1,,2,281,"I-280 N/B","S ALMADEN BLVD",350.00,S,N,A,-,Y,SCL,,280," ",R,2.182,H,,R,N,2,0,1,1,A,-,03,22350,,N,F,A,A,A,H,-,A,D,0,,,Y,,Y,,C,02,1,0,0,0,0,0,0,0,1,"- ","- ",37.325149536132812,-121.8863525390625,"SANTA CLARA","SAN JOSE",-121.88636016845703,37.325168609619141
9477604,2022,2022-07-26,4313,2022-06-30,1927,4628,ADAM,4,5,7,4313,0,0,0,,0,0A3,"BLOOSOM HILL RD","BLOSOM HILL RD 925",0.00,,-,B,-,N,,,,,,,,,,N,2,0,1,1,A,-,03,22350,,N,E,J,A,A,H,-,B,D,0,,,,,Y,,-,,1,0,0,0,0,0,0,0,0,"- ","- ",,,"SANTA CLARA","SAN JOSE",-121.89787292480469,37.238227844238281
94783438,2024,2025-07-30,9340,2024-12-20,2000,023762,,5,2,9,4300,0,3,5,,2,010,"ALUM ROCK FALLS RD","CALAVERAS FAULT TRAIL",135.00,W,N,A,-,N,,,,,,,,,,N,1,1,0,1,A,-,08,22107,,N,E,I,A,A,H,-,D,D,0,,,,,Y,,A,07,0,0,0,0,0,0,0,0,0,"- ","- ",37.405590057373047,-121.77950286865234,"SANTA CLARA",UNINCORPORATED,,
9488870,2022,2022-08-22,4313,2022-04-29,1115,22,,5,5,7,4313,0,0,0,,0,,"S WHITE RD","CUNNINGHAM AV",0.00,,Y,A,-,N,,,,,,,,,,Y,2,0,1,2,-,-,"- ",,,N,A,C,A,A,H,-,A,A,0,,,,,Y,,-,"- ",1,0,0,0,0,0,0,0,0,"- ","- ",,,"SANTA CLARA","SAN JOSE",-121.80600738525391,37.341503143310547
9495616,2022,2022-10-21,4300,2022-07-06,1521,2184,S4,3,5,4,4315,0,0,0,,0,74S2,"PIERCE RD","SARAHILLS DR",577.00,S,N,A,-,N,,,,,,,,,,N,2,0,1,1,A,-,03,22350,,N,F,A,A,A,H,-,A,D,0,,Y,,,Y,,L,04,1,0,0,0,0,0,1,0,0,"- ","- ",37.270259857177734,-122.04579162597656,"SANTA CLARA",SARATOGA,-122.04713439941406,37.269123077392578
9496246,2022,2022-09-01,4313,2022-07-25,1517,4509,YELLO,1,5,7,4313,0,0,0,,0,0Y5,"SANTA TERESA BL","CHELTENHAM PL",0.00,,Y,A,-,N,,,,,,,,,,Y,2,0,3,2,A,-,09,21800,,N,A,C,A,A,H,-,A,D,0,,,,,Y,Y,-,,1,2,0,0,0,0,0,0,0,"- ","- ",,,"SANTA CLARA","SAN JOSE",-121.7633056640625,37.222030639648438
9496449,2022,2022-09-13,4310,2022-08-02,1238,270,,2,5,4,4310,0,0,0,,0,,"DUNNE AV","THOMAS GRADE AV",272.00,,N,A,-,N,,,,,,,,,,,2,0,2,3,A,-,12,21367,B,N,G,B,E,A,D,-,A,D,0,Y,,,,Y,,A,01,2,0,0,0,2,0,0,0,0,"- ","- ",37.142509460449219,-121.59604644775391,"SANTA CLARA","MORGAN HILL",-121.60652160644531,37.141658782958984
9496996,2022,2022-11-01,4313,2022-07-30,1433,5072,SAM,6,5,7,4313,0,0,0,,0,0S3,"PAULA ST","PAULA ST 890",0.00,,N,A,-,N,,,,,,,,,,N,2,0,1,3,A,-,08,22107,,F,B,B,E,A,H,-,A,D,0,Y,,,,Y,,-,,1,0,0,0,1,0,0,0,0,"- ","- ",,,"SANTA CLARA","SAN JOSE",-121.91272735595703,37.314117431640625
9497137,2022,2022-10-12,4313,2022-08-15,2132,5035,WILLI,1,5,7,4313,0,0,0,,0,0W2,"BERRYESSA RD","N CAPITOL AV",0.00,,Y,A,-,N,,,,,,,,,,Y,2,0,1,2,A,-,12,21453,,N,B,C,A,A,H,-,C,A,0,,,,,Y,,A,01,1,0,0,0,0,0,0,0,0,"- ","- ",37.231159210205078,-121.51381683349609,"SANTA CLARA","SAN JOSE",-121.86071014404297,37.386550903320312
9497908,2022,2022-09-22,4313,2022-09-02,0947,4779,ADAM,5,5,7,4313,0,0,0,,0,005,"MCKEAN RD","BAILEY AV",0.00,,Y,A,-,N,,,,,,,,,,N,2,0,1,2,A,-,09,21801,,N,D,G,A,A,H,-,A,A,0,,Y,,,Y,,-,,1,0,0,0,0,0,1,0,0,"- ","- ",,,"SANTA CLARA","SAN JOSE",-121.76174163818359,37.182258605957031
9498304,2022,2022-10-19,4313,2022-09-18,1751,4638,WESTE,7,5,7,4313,0,0,0,,0,0L1,"S 1ST ST","MARGARET ST",0.00,,Y,C,-,N,,,,,,,,,,N,2,0,1,2,A,-,12,22450,A,N,A,G,A,B,H,-,C,A,0,,Y,,,Y,,L,04,1,0,0,0,0,0,1,0,0,"- ","- ",,,"SANTA CLARA","SAN JOSE",-121.88269805908203,37.325592041015625
9498443,2022,2022-10-18,4308,2022-09-16,1527,323,,5,5,5,4308,0,0,0,,0,001,"GREAT MALL PKWY","S ABEL ST",289.00,E,N,A,-,N,,,,,,,,,,N,2,0,1,2,A,-,11,21954,A,N,G,B,D,A,H,-,A,D,0,Y,,,,Y,,N,60,1,0,0,0,1,0,0,0,0,"- ","- ",37.4151611328125,-121.90387725830078,"SANTA CLARA",MILPITAS,-121.90411376953125,37.415542602539062
9499215,2022,2022-10-24,4313,2022-10-06,1322,4616,LINCO,4,5,7,4313,0,0,0,,0,005,"MONTEREY RD","SOUTHSIDE DR",0.00,,Y,A,-,N,,,,,,,,,,Y,2,0,2,2,A,-,09,21801,,N,B,C,A,A,H,-,A,D,0,,,,,Y,,-,,1,0,1,0,0,0,0,0,0,"- ","- ",,,"SANTA CLARA","SAN JOSE",-121.84520721435547,37.287441253662109
9499314,2022,2022-10-25,4313,2022-10-02,1555,4932,XRAY,7,5,7,4313,0,0,0,,0,005,"COYOTE RD","CROSSLEES DR",75.00,,N,A,-,N,,,,,,,,,,N,2,0,1,2,A,-,05,21651,B,N,A,E,A,A,H,-,A,D,0,,,,,Y,Y,-,,1,0,0,0,0,0,0,0,0,"- ","- ",37.155319213867188,-121.47435760498047,"SANTA CLARA","SAN JOSE",-121.79539489746094,37.264789581298828
9504935,2022,2022-11-08,4313,2022-10-13,1439,5059,PAUL,4,5,7,4313,0,0,0,,0,0P4,"ABORN RD","ABORN CT",22.00,W,N,A,-,N,,,,,,,,,,Y,2,0,1,2,A,-,09,21801,,N,D,C,A,A,H,-,A,A,0,,,,,Y,,-,,1,0,0,0,0,0,0,0,0,"- ","- ",37.185020446777344,-121.47296905517578,"SANTA CLARA","SAN JOSE",-121.79437255859375,37.313629150390625
9505911,2022,2022-11-09,4313,2022-10-25,0805,5050,WESTE,2,5,7,4313,0,0,0,,0,0S6,"KEYES ST","S 1ST ST",0.00,,Y,A,-,N,,,,,,,,,,N,2,0,1,2,A,-,11,21456,A,N,A,B,B,A,H,-,A,A,0,Y,,,,Y,,N,60,1,0,0,0,1,0,0,0,0,"- ","- ",37.191200256347656,-121.52395629882812,"SANTA CLARA","SAN JOSE",-121.87763214111328,37.320037841796875
9507375,2022,2022-11-21,4313,2022-09-15,1252,4610,LINCO,4,5,7,4313,0,0,0,,0,0L3,"TULLY RD","SENTER RD",0.00,,N,A,-,N,,,,,,,,,,Y,2,0,3,2,A,-,05,21651,B,N,A,C,A,A,H,-,A,A,0,,,,,Y,,A,01,3,0,0,0,0,0,0,0,0,"- ","- ",,,"SANTA CLARA","SAN JOSE",-121.84780120849609,37.307960510253906
9511180,2022,2023-02-10,4311,2022-12-26,0211,56279,5421,1,5,5,4311,0,0,0,,0,MV4,"N SHORELINE BL","BILL GRAHAM PKWY",0.00,,Y,A,-,N,,,,,,,,,,Y,2,0,1,1,A,-,05,21650,,M,E,I,A,A,H,-,C,D,0,,,,,Y,Y,A,07,1,0,0,0,0,0,0,0,0,"- ","- ",,,"SANTA CLARA","MOUNTAIN VIEW",-122.07814025878906,37.428092956542969
9512795,2022,2022-11-03,4313,2022-10-21,1917,4874,DY,5,5,7,4313,0,0,0,,0,0Y2,"BLOSSOM HILL RD","SNELL AV",0.00,,-,A,-,N,,,,,,,,,,N,2,0,1,2,A,-,03,22350,,F,A,B,D,-,H,-,C,D,0,Y,,,,Y,,-,99,1,0,0,0,1,0,0,0,0,"- ","- ",,,"SANTA CLARA","SAN JOSE",-121.83091735839844,37.251216888427734
9520141,2021,2022-12-20,4313,2021-08-07,1457,4661,DY,6,5,7,4313,0,0,0,,0,0Y4,"DIDION CT","CURIE DR",0.00,,Y,A,-,N,,,,,,,,,,N,1,1,0,1,A,-,16,24002,A,N,B,I,A,A,H,-,A,D,0,,Y,,,Y,,L,04,0,0,0,0,0,1,0,0,0,"- ","- ",,,"SANTA CLARA","SAN JOSE",-121.81700134277344,37.229572296142578
9520142,2021,2023-06-20,4313,2021-08-11,2341,4910,X,3,5,7,4313,0,0,0,,0,002,"SENTER RD","CAPITAL EXPWY",0.00,,Y,A,-,N,,,,,,,,,,Y,1,1,0,2,A,-,01,23152,B,N,A,C,A,A,H,-,C,A,0,,,Y,,Y,Y,C,02,0,0,0,0,0,0,0,1,0,"- ","- ",,,"SANTA CLARA","SAN JOSE",-121.83335876464844,37.293460845947266
9520148,2021,2023-06-20,4313,2021-11-08,0620,4691,SOUTH,1,5,7,4313,0,0,0,,0,0T4,"HILLSDALE AV","JARVIS AV",0.00,,N,A,-,N,,,,,,,,,,Y,1,1,0,1,A,-,01,23152,G,N,A,J,A,A,H,-,B,A,0,,,,,Y,Y,D,22,0,0,0,0,0,0,0,0,0,"- ","- ",37.151481628417969,-121.16148376464844,"SANTA CLARA","SAN JOSE",-121.89496612548828,37.270828247070312
9520173,2022,2022-12-20,4300,2022-11-29,0852,2095,L1,2,5,2,4306,0,0,0,,0,74C5,"PURISSIMA RD","ROBLE LADERA RD",309.00,N,N,A,-,,,,,,,,,,,,1,1,0,1,C,-,18,,,N,H,I,A,A,H,-,A,D,0,,Y,,,Y,,-,"- ",0,0,0,0,0,1,0,0,0,"- ","- ",37.374290466308594,-122.14209747314453,"SANTA CLARA","LOS ALTOS HILLS",-122.14214324951172,37.374320983886719
9520218,2022,2023-01-11,4313,2022-12-14,0159,5077,DX,3,5,7,4313,0,0,0,,0,0X2,"CAPITOL EXPWY","SEVEN TREES BL",200.00,W,N,A,-,N,,,,,,,,,,Y,1,1,0,1,A,-,05,21651,A,N,E,I,A,A,H,-,C,D,0,,,,,Y,,-,,0,0,0,0,0,0,0,0,0,"- ","- ",,,"SANTA CLARA","SAN JOSE",-121.83421325683594,37.283958435058594
9520636,2023,2023-07-18,4313,2023-06-04,1532,4867,CENTR,7,5,7,4313,0,0,0,,0,0R4,"GOLDEN WHEEL PARK DR","OAKLAND RD",0.00,,N,A,-,N,,,,,,,,,,Y,1,1,0,2,A,-,03,22350,,N,C,E,A,A,H,-,A,A,0,,,Y,,Y,,C,02,0,0,0,0,0,0,0,1,0,"- ","- ",,,"SANTA CLARA","SAN JOSE",-121.89438629150391,37.373786926269531
9520911,2022,2023-09-12,4313,2022-01-05,1816,4639,CENTR,3,5,7,4313,0,0,0,,0,0R3,"OLD BAYSHORE HY","QUEENS LN",0.00,,Y,A,-,N,,,,,,,,,,N,1,1,0,2,A,-,09,21802,,F,G,G,A,A,H,-,C,A,0,,Y,,,Y,,A,08,0,0,0,0,0,1,0,0,0,"- ","- ",37.225299835205078,-121.54170989990234,"SANTA CLARA","SAN JOSE",-121.90467834472656,37.368206024169922
9526583,2023,2023-02-22,4313,2023-01-30,"810 ",4789,DISTR,1,5,7,4313,0,0,0,,0,0A2,"BLOSSOM HILL RD","CAMDEN AV",35.00,W,N,A,-,N,,,,,,,,,,N,2,0,1,2,A,-,11,21954,A,N,G,B,D,A,H,-,A,A,0,Y,,,,Y,,N,60,1,0,0,0,1,0,0,0,0,"- ","- ",37.141090393066406,-121.54128265380859,"SANTA CLARA","SAN JOSE",-121.90374755859375,37.236358642578125
9526593,2023,2023-02-21,4313,2023-01-26,1719,4305,SOUTH,4,5,7,4313,0,0,0,,0,0T2,"CURTNER AV","PARQUET CT",0.00,,Y,A,-,N,,,,,,,,,,N,2,0,1,1,A,-,03,22350,,N,H,A,A,-,H,-,A,-,0,,,,,Y,,-,,1,0,0,0,0,0,0,0,0,"- ","- ",,,"SANTA CLARA","SAN JOSE",-121.91999816894531,37.276767730712891
9526595,2023,2023-03-01,4313,2023-01-25,"801 ",4011,FOOTH,3,5,7,4313,0,0,0,,0,0P4,"CAPITOL EXPY","ABORN RD",320.00,N,N,A,-,N,,,,,,,,,,Y,2,0,5,2,A,-,04,21703,,N,C,C,A,A,H,-,A,A,0,,,,,Y,,A,01,1,0,4,0,0,0,0,0,0,"- ","- ",,,"SANTA CLARA","SAN JOSE",-121.80804443359375,37.312221527099609
9530324,2022,2022-12-13,4313,2022-11-05,0139,4935,MARY,6,5,7,4313,0,0,0,,0,005,"CAPITOL EXPWY","CAPITOL AV",56.00,S,N,A,-,N,,,,,,,,,,Y,2,0,2,2,D,-,00,,,N,A,D,A,A,H,-,C,A,0,,,,,Y,Y,-,"- ",2,0,0,0,0,0,0,0,0,"- ","- ",37.211898803710938,-121.4951171875,"SANTA CLARA","SAN JOSE",-121.83072662353516,37.355350494384766
9534973,2022,2023-02-01,4313,2022-12-29,2235,4599,TOM,4,5,7,4313,0,0,0,,0,004,"BRANHAM LN","KIRK RD",0.00,,Y,A,-,N,,,,,,,,,,Y,2,0,5,5,A,-,01,23153,A,N,D,B,F,B,-,-,A,D,0,Y,,,,Y,Y,-,,1,1,3,0,3,0,0,0,0,"- ","- ",,,"SANTA CLARA","SAN JOSE",-121.90269470214844,37.253223419189453
9537946,2022,2023-01-20,4313,2022-12-15,2201,4336,FOOTH,4,5,7,4313,0,0,0,,0,0P2,"MOUNT PLEASANT RD","WESTVIEW DR",246.00,S,N,A,-,N,,,,,,,,,,Y,2,0,2,2,A,-,01,23153,,N,C,E,A,A,H,-,D,A,0,,,,,Y,Y,A,01,1,1,0,0,0,0,0,0,0,"- ","- ",,,"SANTA CLARA","SAN JOSE",-121.79004669189453,37.346824645996094
9538131,2022,2023-01-24,4313,2022-11-16,1827,3646,FOOTH,3,5,7,4313,0,0,0,,0,0M2,"ALUM ROCK AV","N SUNSET AV",0.00,N,-,A,-,N,,,,,,,,,,Y,2,0,1,2,A,-,12,21453,A,F,-,C,A,A,H,-,C,A,0,,,,,Y,,-,,1,0,0,0,0,0,0,0,0,"- ","- ",,,"SANTA CLARA","SAN JOSE",-121.84922027587891,37.355831146240234
9538148,2022,2023-01-26,4313,2022-11-07,1616,4867,LINCO,1,5,7,4313,0,0,0,,0,004,"CURTNER AV","UNIFIED WY",0.00,,Y,B,-,N,,,,,,,,,,N,2,0,1,2,A,-,09,21804,A,N,D,C,A,B,H,-,A,D,0,,,,,Y,,-,,1,0,0,0,0,0,0,0,0,"- ","- ",37.174240112304688,-121.52210998535156,"SANTA CLARA","SAN JOSE",-121.87255096435547,37.295116424560547
9538176,2022,2023-01-18,4313,2022-11-01,0138,4883,FOOTH,2,5,7,4313,0,0,0,,0,0C5,"S WHITE RD","OCALA AV",0.00,,Y,A,-,N,,,,,,,,,,Y,2,0,2,2,A,-,12,21453,,N,D,D,A,A,H,-,C,A,0,,,,,Y,,-,,1,1,0,0,0,0,0,0,0,"- ","- ",,,"SANTA CLARA","SAN JOSE",-121.80859375,37.344562530517578
9542858,2022,2023-03-01,4313,2022-11-19,1739,4661,DP,6,5,7,4313,0,0,0,,0,0P3,"E CAPITOL EXPWY","NIEMAN BL",0.00,,Y,A,-,N,,,,,,,,,,Y,2,0,1,2,A,-,17,21208,,N,A,G,A,A,H,-,C,A,0,,Y,,,Y,,L,04,1,0,0,0,0,0,1,0,0,"- ","- ",,,"SANTA CLARA","SAN JOSE",-121.80784606933594,37.316150665283203
9548501,2023,2023-02-24,4311,2023-01-23,1628,56312,5308,1,5,5,4311,0,0,0,,0,MV1,"EL CAMINO REAL","CALDERON AV",42.00,W,N,A,-,Y,SCL,4,82,-,-,19.490,H,-,N,N,2,0,1,2,A,-,11,21950,B,N,G,B,D,A,H,-,B,A,0,Y,,,,Y,,N,60,1,0,0,0,1,0,0,0,0,"- ","- ",37.382720947265625,-122.07759094238281,"SANTA CLARA","MOUNTAIN VIEW",-122.07780456542969,37.382835388183594