CASE_ID,ACCIDENT_YEAR,PROC_DATE,JURIS,COLLISION_DATE,COLLISION_TIME,OFFICER_ID,REPORTING_DISTRICT,DAY_OF_WEEK,CHP_SHIFT,POPULATION,CNTY_CITY_LOC,SPECIAL_COND,BEAT_TYPE,CHP_BEAT_TYPE,CITY_DIVISION_LAPD,CHP_BEAT_CLASS,BEAT_NUMBER,PRIMARY_RD,SECONDARY_RD,DISTANCE,DIRECTION,INTERSECTION,WEATHER_1,WEATHER_2,STATE_HWY_IND,CALTRANS_COUNTY,CALTRANS_DISTRICT,STATE_ROUTE,ROUTE_SUFFIX,POSTMILE_PREFIX,POSTMILE,LOCATION_TYPE,RAMP_INTERSECTION,SIDE_OF_HWY,TOW_AWAY,COLLISION_SEVERITY,NUMBER_KILLED,NUMBER_INJURED,PARTY_COUNT,PRIMARY_COLL_FACTOR,PCF_CODE_OF_VIOL,PCF_VIOL_CATEGORY,PCF_VIOLATION,PCF_VIOL_SUBSECTION,HIT_AND_RUN,TYPE_OF_COLLISION,MVIW,PED_ACTION,ROAD_SURFACE,ROAD_COND_1,ROAD_COND_2,LIGHTING,CONTROL_DEVICE,CHP_ROAD_TYPE,PEDESTRIAN_ACCIDENT,BICYCLE_ACCIDENT,MOTORCYCLE_ACCIDENT,TRUCK_ACCIDENT,NOT_PRIVATE_PROPERTY,ALCOHOL_INVOLVED,STWD_VEHTYPE_AT_FAULT,CHP_VEHTYPE_AT_FAULT,COUNT_SEVERE_INJ,COUNT_VISIBLE_INJ,COUNT_COMPLAINT_PAIN,COUNT_PED_KILLED,COUNT_PED_INJURED,COUNT_BICYCLIST_KILLED,COUNT_BICYCLIST_INJURED,COUNT_MC_KILLED,COUNT_MC_INJURED,PRIMARY_RAMP,SECONDARY_RAMP,LATITUDE,LONGITUDE,COUNTY,CITY,POINT_X,POINT_Y
9695839,2024,2024-06-27,4313,2024-04-25,"221 ",3886,YELLO,4,5,7,4313,0,0,0,,0,0Y3,"BLOSSOM HILL RD","BESWICK DR",345.00,W,N,B,-,N,,,,,,,,,,Y,2,0,1,1,A,-,03,22350,A,N,E,I,A,A,H,-,C,A,0,,,,,Y,,A,01,1,0,0,0,0,0,0,0,0,"- ","- ",37.154628753662109,-121.48329162597656,"SANTA CLARA","SAN JOSE",-121.81023406982422,37.251178741455078
9697584,2024,2024-09-06,4311,2024-04-14,2150,56802,5326,7,5,5,4311,0,0,0,,0,MV2,"ESCUELA AV","LATHAM ST",156.00,S,N,-,-,N,,,,,,,,,,Y,2,0,2,2,A,-,01,23152,A,N,E,-,A,A,H,-,C,D,0,,,,Y,Y,Y,A,01,1,1,0,0,0,0,0,0,0,"- ","- ",,,"SANTA CLARA","MOUNTAIN VIEW",-122.09584045410156,37.393905639648438
9697606,2024,2024-06-04,4311,2024-04-06,2359,57100,5413,6,5,5,4311,0,0,0,,0,MV4,"BERNARDO AV","E MIDDLEFIELD RD",0.00,,Y,A,-,N,,,,,,,,,,N,2,0,1,2,A,-,00,23103,,F,G,B,E,A,H,-,C,A,0,Y,,,,Y,,A,01,1,0,0,0,1,0,0,0,0,"- ","- ",,,"SANTA CLARA","MOUNTAIN VIEW",-122.04808807373047,37.390392303466797
9697723,2024,2024-06-26,4313,2024-04-27,1639,4754,WILLI,6,5,7,4313,0,0,0,,0,002,"BERRYESSA RD","LIGHT POLE #SN227",65.00,E,-,A,-,N,,,,,,,,,,Y,1,1,1,2,A,-,09,21801,,N,D,C,A,A,H,-,A,A,0,,,,,Y,,A,07,0,1,0,0,0,0,0,0,0,"- ","- ",37.232040405273438,-121.51268005371094,"SANTA CLARA","SAN JOSE",,
9697737,2024,2024-06-04,4313,2024-04-15,2325,3931,DW,1,5,7,4313,0,0,0,,0,0W3,"TOYON AV","MCKEE RD",0.00,,N,A,-,N,,,,,,,,,,Y,2,0,1,2,A,-,08,22107,,N,B,C,A,A,H,-,C,A,0,,,,,Y,,-,,1,0,0,0,0,0,0,0,0,"- ","- ",37.225181579589844,-121.49349975585938,"SANTA CLARA","SAN JOSE",-121.82634735107422,37.381076812744141
9697834,2024,2024-05-14,4313,2024-03-31,1613,4932,ROBER,7,5,7,4313,0,0,0,,0,002,"FLICKINGER RD","MONTAGE CT",0.00,,Y,A,-,N,,,,,,,,,,Y,2,0,1,2,A,-,08,22100,,N,D,D,A,A,H,-,A,D,0,,,,,Y,Y,-,,1,0,0,0,0,0,0,0,0,"- ","- ",,,"SANTA CLARA","SAN JOSE",-121.88291931152344,37.399051666259766
9698224,2024,2024-07-09,4313,2024-04-07,1212,4572,YELLO,7,5,7,4313,0,0,0,,0,0Y5,"BAILEY AV","MCKEAN RD",0.00,,Y,A,-,N,,,,,,,,,,Y,2,0,1,2,A,-,03,22350,,N,A,C,A,A,H,-,A,D,0,,,,,Y,,A,01,1,0,0,0,0,0,0,0,0,"- ","- ",,,"SANTA CLARA","SAN JOSE",-121.76174163818359,37.182258605957031
9698225,2024,2024-07-09,4313,2024-04-10,1647,4575,DY,3,5,7,4313,0,0,0,,0,0Y2,"MIWOK DR","CHICKASAW CT",0.00,,Y,A,-,N,,,,,,,,,,Y,2,0,1,2,C,-,18,,,N,C,E,A,A,-,-,A,D,0,,,,,Y,,-,"- ",1,0,0,0,0,0,0,0,0,"- ","- ",,,"SANTA CLARA","SAN JOSE",-121.83466339111328,37.238418579101562
9716680,2024,2024-08-29,4313,2024-07-09,1726,4898,DISTR,2,5,7,4313,0,0,0,,0,0R3,"W BROKAW RD","ROGERS AV",0.00,,Y,A,-,N,,,,,,,,,,Y,2,0,2,2,A,-,06,21755,,N,D,C,A,A,H,-,A,A,0,,,,,Y,,-,,1,1,0,0,0,0,0,0,0,"- ","- ",,,"SANTA CLARA","SAN JOSE",-121.91120910644531,37.378746032714844
9716681,2024,2024-08-29,4313,2024-07-11,2121,4720,WILLI,4,5,7,4313,0,0,0,,0,0W2,"MABURY RD","N WHITE RD",0.00,,N,A,-,N,,,,,,,,,,Y,2,0,1,1,A,-,03,22350,,N,A,I,A,A,H,-,C,A,0,,,,,Y,Y,-,,1,0,0,0,0,0,0,0,0,"- ","- ",37.231739044189453,-121.50322723388672,"SANTA CLARA","SAN JOSE",-121.84223937988281,37.383811950683594
9720616,2024,2024-09-10,4313,2024-07-11,1713,5035,SAM,4,5,7,4313,0,0,0,,0,0S5,"S 1ST ST","E VIRGINIA ST",0.00,,Y,A,-,N,,,,,,,,,,Y,2,0,3,5,A,-,12,21453,A,N,A,C,A,A,H,-,A,A,0,,,,,Y,,-,,1,1,1,0,0,0,0,0,0,"- ","- ",37.192661285400391,-121.52536773681641,"SANTA CLARA","SAN JOSE",-121.88155364990234,37.324054718017578
9724207,2024,2024-10-28,4310,2024-07-27,1352,289,43635,6,5,4,4310,0,0,0,,0,001,"HALE AV","VIA LOMA",1023.00,N,N,A,-,N,,,,,,,,,,Y,2,0,3,2,A,-,01,23152,F,N,A,C,A,A,H,-,A,D,0,,,,,Y,,A,01,3,0,0,0,0,0,0,0,0,"- ","- ",37.141998291015625,-121.66799926757812,"SANTA CLARA","MORGAN HILL",-121.66981506347656,37.145107269287109
9725165,2024,2024-08-30,4313,2024-06-07,1744,5151,DK,5,5,7,4313,0,0,0,,0,0K2,"E SAN FERNANDO","9TH ST",0.00,,Y,A,-,N,,,,,,,,,,N,2,0,1,2,A,-,00,21955,B,N,G,B,C,A,H,-,A,A,0,Y,,,,Y,,N,60,1,0,0,0,1,0,0,0,0,"- ","- ",,,"SANTA CLARA","SAN JOSE",-121.88072967529297,37.338352203369141
9729982,2024,2024-09-25,4313,2024-08-25,1203,5171,YELLO,7,5,7,4313,0,0,0,,0,0Y5,"SANTA TERESA BL","BAYLISS DR",0.00,,Y,A,-,N,,,,,,,,,,Y,2,0,1,2,A,-,03,22350,,N,C,G,A,A,H,-,A,B,0,,Y,,,Y,,-,,1,0,0,0,0,0,1,0,0,"- ","- ",,,"SANTA CLARA","SAN JOSE",-121.76203155517578,37.219669342041016
9729995,2024,2024-09-23,4313,2024-07-31,1937,4650,LINCO,3,5,7,4313,0,0,0,,0,0L3,"SENTER RD","BURKE ST",0.00,,Y,A,-,N,,,,,,,,,,N,2,0,1,2,A,-,05,21650,,N,A,G,A,A,H,-,A,A,0,,Y,,,Y,,L,04,1,0,0,0,0,0,1,0,0,"- ","- ",37.184070587158203,-121.51454925537109,"SANTA CLARA","SAN JOSE",-121.85131072998047,37.311283111572266
9732360,2024,2024-09-09,4313,2024-08-18,1857,5103,FOOTH,7,5,7,4313,0,0,0,,0,0C3,"CUNNINGHAM AV",WINTERPARK,0.00,,Y,A,-,N,,,,,,,,,,N,2,0,1,2,A,-,12,22450,,N,A,E,A,A,H,-,A,D,0,,,,,Y,,-,,1,0,0,0,0,0,0,0,0,"- ","- ",,,"SANTA CLARA","SAN JOSE",-121.82585144042969,37.332298278808594
9737885,2024,2024-11-20,4313,2024-09-12,1725,4733,SAM,4,5,7,4313,0,0,0,,0,0S4,"WILLOW GLEN WY","GUADALUPE AV",0.00,,Y,A,-,N,,,,,,,,,,N,2,0,2,4,A,-,08,22105,,N,D,C,A,A,H,-,A,A,0,,,,,Y,,-,,1,0,1,0,0,0,0,0,0,"- ","- ",37.181461334228516,-121.52506256103516,"SANTA CLARA","SAN JOSE",-121.88066864013672,37.304035186767578
9740689,2024,2024-10-28,4313,2024-10-03,2146,4446,DT,4,5,7,4313,0,0,0,,0,0T5,"HILLDALE AV","NARVAEZ AV",0.00,,Y,A,-,N,,,,,,,,,,N,2,0,1,2,A,-,03,22350,,F,G,B,D,A,H,-,E,D,0,Y,,,,Y,Y,-,,1,0,0,0,1,0,0,0,0,"- ","- ",,,"SANTA CLARA","SAN JOSE",-121.86447143554688,37.279872894287109
9741792,2024,2024-10-11,4311,2024-09-15,"200 ",54231,5310,7,5,5,4311,0,0,0,,0,MV1,"EL MONTE AV","EL CAMINO REAL",67.00,S,N,A,-,N,,,,,,,,,,Y,2,0,2,1,A,-,01,23152,A,F,E,I,A,A,H,-,C,A,0,,,,,Y,Y,A,01,1,1,0,0,0,0,0,0,0,"- ","- ",,,"SANTA CLARA","MOUNTAIN VIEW",-122.09542846679688,37.391872406005859
9742011,2024,2024-10-16,4300,2024-05-24,1930,2340,C9,5,5,5,4303,0,0,0,,0,74C9,"DE ANZA BL","BOLLINGER RD",339.00,N,N,A,-,N,,,,,,,,,,N,2,0,1,2,A,-,09,21804,A,N,H,A,A,A,H,-,A,D,0,,,Y,,Y,,A,01,1,0,0,0,0,0,0,0,1,"- ","- ",37.312278747558594,-122.03224945068359,"SANTA CLARA",CUPERTINO,-122.03236389160156,37.313182830810547
9742387,2024,2024-10-23,4300,2024-08-11,"826 ",2364,C1,7,5,5,4303,0,0,0,,0,71C1,"SAINT FRANCIS DR","CANYON OAK WY",44.00,S,N,A,-,N,,,,,,,,,,N,2,0,2,2,A,-,08,22107,,N,H,G,A,A,H,-,A,D,0,,Y,,,Y,,L,04,1,1,0,0,0,0,2,0,0,"- ","- ",,,"SANTA CLARA",CUPERTINO,,
9753051,2024,2024-11-13,4311,2024-09-19,1430,55212,5321,4,5,5,4311,0,0,0,,0,MV1,"SHORELINE BL","HIGHSCHOOL WY",36.00,N,N,A,-,N,,,,,,,,,,N,2,0,1,2,A,-,11,21950,B,N,G,B,B,A,H,-,A,A,0,Y,,,,Y,,N,60,1,0,0,0,1,0,0,0,0,"- ","- ",,,"SANTA CLARA","MOUNTAIN VIEW",-122.08762359619141,37.388877868652344
9755404,2024,2025-01-30,4313,2024-10-24,"734 ",4954,FRANK,4,5,7,4313,0,0,0,,0,0F1,"MOORPARK AV","CYPRESS AV",0.00,,Y,A,-,N,,,,,,,,,,Y,2,0,2,2,A,-,09,21453,B,N,G,G,A,A,H,-,A,A,0,,Y,,,Y,,L,04,1,0,1,0,0,0,1,0,0,"- ","- ",,,"SANTA CLARA","SAN JOSE",-121.95975494384766,37.316070556640625
9767628,2024,2024-12-19,4313,2024-11-10,"740 ",5041,LINCO,7,5,7,4313,0,0,0,,0,001,"2ND ST","VIRGINIA ST",0.00,,Y,A,-,N,,,,,,,,,,Y,2,0,1,2,A,-,09,21804,A,N,D,C,A,A,H,-,A,A,0,,,Y,Y,Y,,F,25,1,0,0,0,0,0,0,0,1,"- ","- ",,,"SANTA CLARA","SAN JOSE",-121.88050079345703,37.3245849609375
9767932,2024,2024-12-19,4313,2024-11-19,"547 ",4822,YELLO,2,5,7,4313,0,0,0,,0,005,"MONTEREY HWY","OGIER AV",0.00,,Y,A,-,N,,,,,,,,,,Y,2,0,2,2,A,-,08,22107,,F,B,C,A,A,-,-,C,D,0,,,,,Y,,-,,1,1,0,0,0,0,0,0,0,"- ","- ",37.103771209716797,-121.41557312011719,"SANTA CLARA","SAN JOSE",-121.69870758056641,37.177173614501953
9772029,2024,2025-01-14,4313,2024-11-28,1913,4762,SAM,4,5,7,4313,0,0,0,,0,002,"LEIGH AV","STOKES ST",0.00,,Y,A,-,N,,,,,,,,,,Y,2,0,2,3,A,-,07,21658,A,N,D,C,A,A,H,-,C,A,0,,,,,Y,Y,D,22,1,0,1,0,0,0,0,0,0,"- ","- ",,,"SANTA CLARA","SAN JOSE",-121.92285919189453,37.301425933837891
9772051,2024,2025-01-09,4313,2024-12-03,2335,4743,FOOTH,2,5,7,4313,0,0,0,,0,0C4,"STORY RD","GALAHAD AV",178.00,W,N,A,-,N,,,,,,,,,,Y,2,0,4,2,A,-,03,22350,,N,D,C,A,A,H,-,C,A,0,,,,,Y,,-,,1,0,3,0,0,0,0,0,0,"- ","- ",,,"SANTA CLARA","SAN JOSE",-121.82954406738281,37.349178314208984
9772587,2024,2025-07-03,4313,2024-12-28,2238,5074,DC,6,5,7,4313,0,0,0,,0,0C1,"SOUTH KING RD","STORY RD",0.00,,Y,A,-,N,,,,,,,,,,Y,2,0,1,2,A,-,12,21453,,F,D,C,A,A,H,-,C,A,0,,,,,Y,Y,A,01,1,0,0,0,0,0,0,0,0,"- ","- ",37.202358245849609,-121.50353240966797,"SANTA CLARA","SAN JOSE",-121.84323120117188,37.339939117431641
9772772,2025,2025-01-24,4313,2025-01-01,"700 ",4911,X,3,5,7,4313,0,0,0,,0,001,"W CAPITOL EX","SNELL AV",0.00,,Y,A,-,N,,,,,,,,,,Y,2,0,2,2,A,-,08,22100,,N,B,C,A,A,H,-,A,D,0,,,,,Y,,-,,1,0,1,0,0,0,0,0,0,"- ","- ",,,"SANTA CLARA","SAN JOSE",-121.84204864501953,37.276973724365234
9774367,2024,2025-01-17,4300,2024-10-05,"917 ",2252,S4,6,5,4,4315,0,0,0,,0,71S1,"TEERLINK WY","HEBER WY",225.00,S,N,A,-,N,,,,,,,,,,N,2,0,1,1,A,-,03,22350,,N,H,A,A,A,H,-,A,D,0,,Y,,,Y,,L,04,1,0,0,0,0,0,1,0,0,"- ","- ",37.263721466064453,-122.05709838867188,"SANTA CLARA",SARATOGA,-122.05662536621094,37.263172149658203
9774398,2024,2025-01-22,4313,2024-12-24,"340 ",5088,CENTR,2,5,7,4313,0,0,0,,0,0E2,"3RD ST","JULIAN ST",0.00,,Y,C,-,N,,,,,,,,,,N,2,0,1,1,A,-,03,22350,,N,-,J,A,B,H,-,C,A,0,,,,,Y,,-,,1,0,0,0,0,0,0,0,0,"- ","- ",,,"SANTA CLARA","SAN JOSE",-121.89170837402344,37.341548919677734
9784681,2025,2025-03-04,4313,2025-02-09,1930,4274,DV,7,5,7,4313,0,0,0,,0,0V2,"TAYLOR ST E","9TH ST E",0.00,,Y,A,-,N,,,,,,,,,,N,2,0,1,2,A,-,05,21202,,N,A,G,A,A,H,-,C,D,0,,Y,,,Y,,L,04,1,0,0,0,0,0,1,0,0,"- ","- ",,,"SANTA CLARA","SAN JOSE",-121.8917236328125,37.353141784667969
9784687,2025,2025-03-04,4313,2025-02-07,1203,4343,KING,5,5,7,4313,0,0,0,,0,0K3,"SANTA CLARA","15 ST S",0.00,,Y,A,-,N,,,,,,,,,,N,2,0,1,2,A,-,07,21658,,N,B,C,A,A,H,-,A,A,0,,,,,Y,,M,94,1,0,0,0,0,0,0,0,0,"- ","- ",,,"SANTA CLARA","SAN JOSE",-121.876220703125,37.342979431152344
9784731,2025,2025-02-28,4313,2025-01-30,1720,4588,DT,4,5,7,4313,0,0,0,,0,0T4,"BRANHAM LN","TUPOLO DR",0.00,,Y,A,-,N,,,,,,,,,,N,2,0,1,2,A,-,08,22107,,N,D,C,A,A,H,-,B,A,0,,,Y,,Y,,A,07,1,0,0,0,0,0,0,0,1,"- ","- ",,,"SANTA CLARA","SAN JOSE",-121.90579986572266,37.252368927001953
9786003,2024,2025-03-03,4304,2024-05-19,"23  ",244,4304,7,5,4,4304,0,0,0,,0,004,"NO NAME UNO","LAS ANIMAS AV",895.00,N,N,A,-,N,,,,,,,,,,Y,1,1,0,2,A,-,11,21954,A,N,G,B,D,A,H,-,D,D,0,Y,,,,Y,,N,60,0,0,0,1,0,0,0,0,0,"- ","- ",,,"SANTA CLARA",GILROY,-121.57272338867188,37.034549713134766
9786028,2023,2025-03-05,4313,2023-09-16,1948,5077,PAUL,6,5,7,4313,0,0,0,,0,0P2,"WHITE RD","QUIMBY RD",215.00,N,N,A,-,N,,,,,,,,,,Y,1,1,0,2,A,-,00,21954,,N,G,B,D,A,H,-,D,A,0,Y,,,,Y,,N,60,0,0,0,1,0,0,0,0,0,"- ","- ",,,"SANTA CLARA","SAN JOSE",-121.79721832275391,37.325450897216797
9786366,2024,2025-07-11,4314,2024-09-20,"444 ",B9224,43471,5,5,6,4314,0,0,0,,0,006,"AGNEW RD","MONTEGUE EXPWY",170.00,N,N,A,-,N,,,,,,,,,,Y,1,1,0,1,A,-,03,22350,,N,E,I,A,A,H,-,C,D,0,,,Y,,Y,Y,C,02,0,0,0,0,0,0,0,1,0,"- ","- ",,,"SANTA CLARA","SANTA CLARA",-121.94748687744141,37.393474578857422
9786377,2024,2025-07-14,4313,2024-07-28,"618 ",4925,KING,7,5,7,4313,0,0,0,,0,006,"S 11TH ST","E WILLIAM ST",0.00,,Y,A,-,N,,,,,,,,,,Y,1,1,0,2,A,-,"- ",,,N,G,B,E,A,H,-,A,D,0,Y,,,,Y,,N,60,0,0,0,1,0,0,0,0,0,"- ","- ",37.200920104980469,-121.52277374267578,"SANTA CLARA","SAN JOSE",-121.87434387207031,37.333591461181641
9791351,2025,2025-03-14,4313,2025-02-19,1616,5077,DISTR,3,5,7,4313,0,0,0,,0,0V1,"N 1ST ST","E MISSION ST",0.00,,Y,A,-,N,,,,,,,,,,Y,2,0,1,2,A,-,11,21954,A,N,G,B,D,A,H,-,A,A,0,Y,,,,Y,,N,60,1,0,0,0,1,0,0,0,0,"- ","- ",,,"SANTA CLARA","SAN JOSE",-121.90174102783203,37.351242065429688
9792617,2025,2025-03-19,4313,2025-02-10,1000,3974,SOUTH,1,5,7,4313,0,0,0,,0,0T5,"NEWBERRY DR","NEWBERRY DR 3180",0.00,,N,A,-,N,,,,,,,,,,Y,2,0,1,3,A,-,00,20001,,F,E,B,F,A,H,-,A,D,0,Y,,,,Y,Y,-,,1,0,0,0,1,0,0,0,0,"- ","- ",,,"SANTA CLARA","SAN JOSE",,
9796212,2025,2025-04-03,4313,2025-02-21,1916,5193,CHARL,5,5,7,4313,0,0,0,,0,0C2,"SOUTH KING RD","MARSH ST",0.00,,Y,A,-,N,,,,,,,,,,N,2,0,1,2,A,-,00,21456,1,F,G,B,B,A,H,-,C,A,0,Y,,,,Y,,N,60,1,0,0,0,1,0,0,0,0,"- ","- ",,,"SANTA CLARA","SAN JOSE",-121.84133911132812,37.338047027587891
9801497,2025,2025-05-19,4313,2025-04-12,2208,5081,MARY,6,5,7,4313,0,0,0,,0,004,"JACKSON AV","RT 680",0.00,,Y,A,-,Y,SCL,4,680,-,M,0.981,R,4,S,Y,2,0,1,3,A,-,08,22107,,F,B,D,A,A,H,-,C,D,0,,,Y,,Y,,-,99,1,0,0,0,0,0,0,0,1,"- ","- ",,,"SANTA CLARA","SAN JOSE",-121.83925628662109,37.349460601806641
9801498,2025,2025-04-28,4313,2025-04-13,1230,5097,"XRAY ",7,5,7,4313,0,0,0,,0,0X3,"COYOTE RD","DELRIDGE DR",0.00,,Y,A,-,N,,,,,,,,,,Y,2,0,2,2,A,-,09,21801,,N,D,C,A,A,H,-,A,D,0,,,,,Y,,A,01,1,0,1,0,0,0,0,0,0,"- ","- ",,,"SANTA CLARA","SAN JOSE",-121.79669952392578,37.268280029296875
9801520,2025,2025-04-29,4313,2025-04-10,2159,5197,"XRAY ",4,5,7,4313,0,0,0,,0,001,"MONTEREY RD","CAPITOL EXPWY",0.00,,Y,A,-,N,,,,,,,,,,Y,2,0,2,2,A,-,01,23153,A,N,C,C,A,A,H,-,C,A,0,,,,,Y,Y,A,01,2,0,0,0,0,0,0,0,0,"- ","- ",,,"SANTA CLARA","SAN JOSE",-121.83737945556641,37.279960632324219
9802112,2025,2025-05-01,4313,2025-04-05,"210 ",5237,EDWAR,6,5,7,4313,0,0,0,,0,003,"E SAN FERNANDO ST","S 3RD ST",0.00,,Y,A,-,N,,,,,,,,,,N,2,0,3,2,A,-,01,23152,A,N,D,C,A,A,H,-,C,A,0,,,,,Y,Y,A,01,2,0,1,0,0,0,0,0,0,"- ","- ",,,"SANTA CLARA","SAN JOSE",-121.88706207275391,37.335304260253906
9803984,2025,2025-04-28,4311,2025-04-06,"135 ",57070,5324,7,5,5,4311,0,0,0,,0,MV2,"PETTIS AV","CALIFORNIA ST",222.00,S,N,A,-,N,,,,,,,,,,Y,2,0,1,2,A,-,01,23152,A,N,B,E,A,A,H,-,C,D,0,,,,,Y,Y,A,01,1,0,0,0,0,0,0,0,0,"- ","- ",,,"SANTA CLARA","MOUNTAIN VIEW",-122.08868408203125,37.393779754638672
9804369,2025,2025-05-09,4313,2025-04-16,"552 ",4961,FRANK,3,5,7,4313,0,0,0,,0,0F5,"MERIDIAN AV","PARKMOOR AV",60.00,N,N,A,-,N,,,,,,,,,,N,2,0,1,2,A,-,08,22107,,N,H,G,A,A,H,-,D,D,0,,Y,,,Y,,L,04,1,0,0,0,0,0,1,0,0,"- ","- ",,,"SANTA CLARA","SAN JOSE",-121.91442108154297,37.316780090332031
9805786,2025,2025-05-09,4313,2025-04-22,1844,5234,CHARL,2,5,7,4313,0,0,0,,0,0C1,"STORY RD","GALAHAD DR",0.00,,Y,A,-,N,,,,,,,,,,N,2,0,2,3,A,-,10,21950,A,N,G,B,B,A,H,-,A,A,0,Y,,,,Y,,-,,2,0,0,0,2,0,0,0,0,"- ","- ",,,"SANTA CLARA","SAN JOSE",-121.82907867431641,37.349494934082031
9811691,2025,2025-07-24,4300,2025-03-28,1042,2340,C5,5,5,5,4303,0,0,0,,0,74C8,"TANTAU AV","APPLE PARK WAY",1070.00,S,N,B,-,N,,,,,,,,,,N,2,0,1,1,A,-,03,22350,,N,F,A,A,A,H,-,A,D,0,,Y,,,Y,,L,04,1,0,0,0,0,0,1,0,0,"- ","- ",,,"SANTA CLARA",CUPERTINO,-122.00592803955078,37.327461242675781
9813396,2025,2025-05-21,4313,2025-04-28,1706,4963,NORA,1,5,7,4313,0,0,0,,0,0N1,"ARLINGTON LN","CHIALA LN",0.00,,Y,A,-,N,,,,,,,,,,N,2,0,1,2,A,-,10,21950,,N,A,B,D,A,H,-,A,D,0,Y,,,,Y,,A,01,1,0,0,0,1,0,0,0,0,"- ","- ",,,"SANTA CLARA","SAN JOSE",-122.02477264404297,37.3048095703125
9831537,2025,2025-07-11,4313,2025-06-28,"632 ",5212,VICTO,6,5,7,4313,0,0,0,,0,0V1,"W TAYLOR ST","SPRING ST",0.00,,Y,A,-,N,,,,,,,,,,Y,2,0,1,2,A,-,03,22350,,N,G,B,C,A,H,-,A,A,0,Y,,,,Y,,-,,1,0,0,0,1,0,0,0,0,"- ","- ",,,"SANTA CLARA","SAN JOSE",-121.90853118896484,37.344078063964844
9831538,2025,2025-07-14,4313,2025-06-26,1658,4762,LINCO,4,5,7,4313,0,0,0,,0,0L6,"E CAPITOL EXPWY","TUERS RD",0.00,,Y,A,-,N,,,,,,,,,,N,2,0,1,2,A,-,07,21658,A,F,C,J,A,A,H,-,A,-,0,,,,,Y,Y,-,,1,0,0,0,0,0,0,0,0,"- ","- ",37.175559997558594,-121.49257659912109,"SANTA CLARA","SAN JOSE",-121.82417297363281,37.298709869384766
9831543,2025,2025-07-11,4313,2025-06-20,2252,5069,XRAY,5,5,7,4313,0,0,0,,0,004,"BLOSSOM HILL RD","LEAN AV",0.00,,Y,A,-,N,,,,,,,,,,Y,2,0,1,2,A,-,12,21453,,N,A,C,A,A,H,-,C,A,0,,,,,Y,,-,,1,0,0,0,0,0,0,0,0,"- ","- ",,,"SANTA CLARA","SAN JOSE",-121.8175048828125,37.251377105712891
5912032,2014,2014-10-13,9330,2014-01-05,0402,20579,,7,3,9,4300,0,1,1,,2,074,"RT 280","PAGE MILL RD",4752.00,S,N,A,-,Y,SCL,4,280,-,-,17.440,H,-,N,Y,1,1,4,2,A,-,03,22350,,N,B,C,A,A,H,-,D,D,1,,,,,Y,,A,01,0,0,4,0,0,0,0,0,0,"- ","- ",37.383540000000004,-122.152,"SANTA CLARA",UNINCORPORATED,-122.15148662,37.381458709999997
6290149,2014,2015-12-21,9340,2014-02-07,2305,20317,,5,3,7,4313,0,1,2,,2,120,RT101,"RT 880",1099.00,N,N,B,-,Y,SCL,4,101,-,-,38.680,H,-,S,N,1,1,0,4,A,-,11,21954,A,F,G,B,D,A,H,-,D,D,1,Y,,,,Y,Y,N,60,0,0,0,1,0,0,0,0,0,"- ","- ",37.2211,-121.54389999999999,"SANTA CLARA","SAN JOSE",-121.90743384,37.367394930000003
6290266,2014,2015-12-21,9725,2014-01-12,2500,15579,,7,4,9,4300,0,1,2,,2,013,RT101,"COYOTE CREEK BRIDGE #37-349",55.00,N,N,B,-,Y,SCL,4,101,-,R,19.320,H,-,S,Y,1,1,0,1,A,-,08,22107,,N,E,I,A,A,H,-,D,D,1,,,,,Y,Y,A,01,0,0,0,0,0,0,0,0,0,"- ","- ",37.168700000000001,-121.66889999999999,"SANTA CLARA",UNINCORPORATED,-121.66984028,37.169720499999997
6290276,2014,2015-12-23,4313,2014-03-16,1652,4189,SOUTH,7,5,7,4313,0,0,0,,0,0Y5,"MONTEREY RD","BAILEY RD",0.00,,N,A,-,N,,,,,,,,,,Y,1,1,1,2,A,-,"- ",,,F,C,C,A,A,H,-,A,A,0,,,Y,,Y,Y,C,02,0,1,0,0,0,0,0,1,1,"- ","- ",,,"SANTA CLARA","SAN JOSE",-121.72914996,37.206770110000001
6290392,2014,2015-12-21,9340,2014-03-09,0415,20550,,7,3,7,4313,0,1,3,,2,083,RT85,"SNELL AV",244.00,N,N,B,-,Y,SCL,4,85,-,-,3.530,H,-,S,N,1,1,1,2,A,-,11,21954,A,F,G,B,E,A,H,-,C,D,6,Y,,,,Y,Y,N,60,0,1,0,1,0,0,0,0,0,"- ","- ",37.247999999999998,-121.83161,"SANTA CLARA","SAN JOSE",-121.83082210000001,37.24759865
6290463,2014,2014-05-05,4313,2014-04-26,1525,4306,WILLI,6,5,7,4313,0,0,0,,0,0W3,"TOYON AV","MCKEE RD",0.00,,Y,A,-,N,,,,,,,,,,Y,1,1,0,1,A,-,08,22107,,N,E,I,A,A,H,-,A,A,0,,,,,Y,Y,A,01,0,0,0,0,0,0,0,0,0,"- ","- ",,,"SANTA CLARA","SAN JOSE",-121.82634998,37.381079929999999
6290472,2014,2014-05-16,4313,2014-03-09,0137,4216,CENTR,7,5,7,4313,0,0,0,,0,0K4,"SANTA CLARA ST","24TH ST",0.00,,-,A,-,N,,,,,,,,,,Y,1,1,3,1,A,-,17,23109,A,N,E,I,A,A,H,-,C,A,0,,,,,Y,Y,-,"- ",2,0,1,0,0,0,0,0,0,"- ","- ",,,"SANTA CLARA","SAN JOSE",-121.86775993000001,37.347000039999998
6290581,2014,2015-12-29,9340,2014-04-15,0535,20313,,2,3,7,4313,0,1,2,,2,110,RT101,"TULLY RD",1594.00,S,N,A,-,Y,SCL,4,101,-,-,32.720,H,-,S,Y,1,1,1,1,A,-,08,22107,,N,E,I,A,A,H,-,C,D,1,,,,,Y,,A,01,0,1,0,0,0,0,0,0,0,"- ","- ",37.31456,-121.8282,"SANTA CLARA","SAN JOSE",-121.82826086999999,37.314837959999998