CASE_ID,ACCIDENT_YEAR,PROC_DATE,JURIS,COLLISION_DATE,COLLISION_TIME,OFFICER_ID,REPORTING_DISTRICT,DAY_OF_WEEK,CHP_SHIFT,POPULATION,CNTY_CITY_LOC,SPECIAL_COND,BEAT_TYPE,CHP_BEAT_TYPE,CITY_DIVISION_LAPD,CHP_BEAT_CLASS,BEAT_NUMBER,PRIMARY_RD,SECONDARY_RD,DISTANCE,DIRECTION,INTERSECTION,WEATHER_1,WEATHER_2,STATE_HWY_IND,CALTRANS_COUNTY,CALTRANS_DISTRICT,STATE_ROUTE,ROUTE_SUFFIX,POSTMILE_PREFIX,POSTMILE,LOCATION_TYPE,RAMP_INTERSECTION,SIDE_OF_HWY,TOW_AWAY,COLLISION_SEVERITY,NUMBER_KILLED,NUMBER_INJURED,PARTY_COUNT,PRIMARY_COLL_FACTOR,PCF_CODE_OF_VIOL,PCF_VIOL_CATEGORY,PCF_VIOLATION,PCF_VIOL_SUBSECTION,HIT_AND_RUN,TYPE_OF_COLLISION,MVIW,PED_ACTION,ROAD_SURFACE,ROAD_COND_1,ROAD_COND_2,LIGHTING,CONTROL_DEVICE,CHP_ROAD_TYPE,PEDESTRIAN_ACCIDENT,BICYCLE_ACCIDENT,MOTORCYCLE_ACCIDENT,TRUCK_ACCIDENT,NOT_PRIVATE_PROPERTY,ALCOHOL_INVOLVED,STWD_VEHTYPE_AT_FAULT,CHP_VEHTYPE_AT_FAULT,COUNT_SEVERE_INJ,COUNT_VISIBLE_INJ,COUNT_COMPLAINT_PAIN,COUNT_PED_KILLED,COUNT_PED_INJURED,COUNT_BICYCLIST_KILLED,COUNT_BICYCLIST_INJURED,COUNT_MC_KILLED,COUNT_MC_INJURED,PRIMARY_RAMP,SECONDARY_RAMP,LATITUDE,LONGITUDE,COUNTY,CITY,POINT_X,POINT_Y
6679130,2014,2014-12-23,4313,2014-10-12,1907,4332,CHARL,7,5,7,4313,0,0,0,,0,0C3,"SOUTH KING RD","OCALA AV",0.00,N,N,A,-,N,,,,,,,,,,,2,0,1,2,A,-,03,22350,,F,G,B,C,A,H,-,C,D,0,Y,,,,Y,Y,-,,1,0,0,0,1,0,0,0,0,"- ","- ",,,"SANTA CLARA","SAN JOSE",-121.83449998,37.331050050000002
6679743,2014,2015-01-12,9725,2014-09-25,1847,015579,,4,2,9,4300,0,2,4,,1,020,"UVAS RD","CASA LOMA RD",2112.00,S,N,A,-,N,,,,,,,,,,Y,2,0,1,1,A,-,08,22107,,N,E,I,A,A,H,-,B,D,0,,,,,Y,,A,01,1,0,0,0,0,0,0,0,0,"- ","- ",37.147300000000001,-121.7397,"SANTA CLARA",UNINCORPORATED,-121.74149223000001,37.148696119999997
6680125,2014,2014-12-29,4313,2014-10-08,1431,3753,,3,5,7,4313,0,0,0,,0,0P4,"MARSH MANOR WY","CEDARCREEK DR",40.00,W,N,A,-,N,,,,,,,,,,Y,2,0,2,2,A,-,05,21650,,N,A,C,A,A,H,-,A,-,0,,,,,Y,,-,,1,1,0,0,0,0,0,0,0,"- ","- ",,,"SANTA CLARA","SAN JOSE",-121.80935925,37.304400180000002
6680941,2014,2016-02-29,4313,2014-10-05,1415,3958,4313,7,5,7,4313,0,0,0,,0,0P4,"S WHITE RD","STEVENS LN",0.00,,Y,A,-,N,,,,,,,,,,Y,2,0,3,2,A,-,"- ",,,N,D,C,A,A,H,-,A,A,0,,,,,Y,,-,,1,0,2,0,0,0,0,0,0,"- ","- ",,,"SANTA CLARA","SAN JOSE",-121.79535993,37.32006011
6680944,2014,2015-02-09,4313,2014-10-05,1638,4208,SOUTH,7,5,7,4313,0,0,0,,0,0X2,"EL CAJON DR","MIRALOMA WY",0.00,,Y,A,-,N,,,,,,,,,,N,2,0,1,2,A,-,11,21954,A,N,B,B,D,A,H,-,A,D,0,Y,,,,Y,,-,,1,0,0,0,1,0,0,0,0,"- ","- ",,,"SANTA CLARA","SAN JOSE",-121.82880994999999,37.282830070000003
6680956,2014,2015-01-28,4313,2014-10-03,0734,3775,DM,5,5,7,4313,0,0,0,,0,0M1,"MCKEE RD","CHECKERS DR",0.00,,Y,A,-,N,,,,,,,,,,N,2,0,1,2,A,-,10,21950,A,N,G,B,B,A,H,-,A,A,0,Y,,,,Y,,-,,1,0,0,0,1,0,0,0,0,"- ","- ",,,"SANTA CLARA","SAN JOSE",-121.85775991,37.360189949999999
6681524,2014,2014-12-29,4311,2014-10-04,1622,T1291,,6,5,5,4311,0,0,0,,0,001,"CASTRO ST","CHURCH ST",200.00,S,N,A,-,N,,,,,,,,,,N,2,0,1,2,A,-,"- ",,,N,B,C,A,A,H,-,A,A,0,,,Y,,Y,,C,02,1,0,0,0,0,0,0,0,1,"- ","- ",,,"SANTA CLARA","MOUNTAIN VIEW",-122.08265467,37.387867270000001
6681560,2014,2014-12-29,4311,2014-10-18,2251,C3431,4,6,5,5,4311,0,0,0,,0,,"SHORELINE BL","AMPHITHEATRE PKWY",144.00,S,N,A,-,N,,,,,,,,,,N,2,0,1,2,A,-,"- ",,,N,G,B,D,A,H,-,C,D,0,Y,,,,Y,Y,N,60,1,0,0,0,1,0,0,0,0,"- ","- ",,,"SANTA CLARA","MOUNTAIN VIEW",-122.07797961999999,37.42296511
6681572,2014,2014-12-29,4311,2014-10-10,2055,M2004,,5,5,5,4311,0,0,0,,0,002,"CHIQUITA AV","CALIFORNIA ST",0.00,,Y,A,-,N,,,,,,,,,,Y,2,0,2,2,A,-,09,21802,A,F,D,C,A,A,H,-,C,A,0,,,,,Y,,A,01,2,0,0,0,0,0,0,0,0,"- ","- ",,,"SANTA CLARA","MOUNTAIN VIEW",-122.09089987999999,37.395399990000001
6694507,2014,2014-11-18,4310,2014-10-05,0206,239,2,7,5,4,4310,0,0,0,,0,,"SERENE DR","DIANA AV",76.00,N,N,A,-,N,,,,,,,,,,Y,2,0,1,3,A,-,01,23152,A,N,E,E,A,A,H,-,C,D,0,,,,,Y,Y,A,01,1,0,0,0,0,0,0,0,0,"- ","- ",,,"SANTA CLARA","MORGAN HILL",-121.63942002,37.1346183
6698982,2014,2014-12-09,4312,2014-10-04,1600,6911,,6,5,5,4312,0,0,0,,0,,"MONTE BELLO RD","PAGE MILL RD",5280.00,S,N,A,-,N,,,,,,,,,,N,2,0,1,1,A,-,08,22107,,N,F,A,A,A,A,B,A,A,0,,Y,,,Y,,L,04,1,0,0,0,0,0,1,0,0,"- ","- ",,,"SANTA CLARA","PALO ALTO",-122.16123014999999,37.321600619999998
6699088,2014,2016-06-17,9340,2014-10-31,2310,020674,,5,3,4,4307,0,1,3,,2,171,"RT 17","SUMMIT RD",1500.00,N,N,B,-,Y,SCL,4,17,-,-,0.350,H,-,N,Y,2,0,1,1,A,-,08,22107,,N,E,I,A,B,H,-,D,D,0,,,Y,,Y,,C,02,1,0,0,0,0,0,0,0,1,"- ","- ",37.148269999999997,-121.98761,"SANTA CLARA","LOS GATOS",-121.98778304,37.14778536
6702147,2014,2016-05-12,9340,2014-10-18,0035,20812,,6,3,7,4313,0,1,1,,2,681,"RT 680","JACKSON AV",700.00,S,N,A,-,Y,SCL,4,680,-,M,0.983,R,2,N,Y,2,0,1,1,A,-,08,22107,,F,F,I,A,A,H,-,D,D,1,,,,,Y,,A,01,1,0,0,0,0,0,0,0,0,TO,"- ",37.349919999999997,-121.83829,"SANTA CLARA","SAN JOSE",-121.83917086,37.349157660000003
6702455,2014,2016-07-11,9340,2014-10-16,1450,018399,,4,2,5,4303,0,1,1,,2,282,"RT 280","FOOTHILL EXPY",1000.00,S,N,A,-,Y,SCL,4,280,-,-,11.260,H,-,N,Y,2,0,1,1,A,-,08,22107,,N,E,I,A,A,H,-,A,D,1,,,,,Y,,A,01,1,0,0,0,0,0,0,0,0,"- ","- ",37.838380000000001,-122.83824,"SANTA CLARA",CUPERTINO,-122.06478855,37.334065240000001
6705837,2014,2014-11-20,4302,2014-10-18,1928,94/R2411,,6,5,4,4302,0,0,0,,0,002,"HARRIET AV","ADRIEN DR",0.00,,Y,A,-,N,,,,,,,,,,N,2,0,1,2,A,-,09,21801,A,N,D,G,A,A,H,-,C,D,0,,Y,,,Y,,-,,1,0,0,0,0,0,1,0,0,"- ","- ",,,"SANTA CLARA",CAMPBELL,-121.97649989,37.272380040000002
6712621,2014,2016-06-18,9725,2014-10-18,2120,020365,,6,2,9,4300,0,1,3,,1,160,"RT 152","CANADA RD",72.00,E,N,A,-,Y,SCL,4,152,-,-,13.260,H,-,E,N,2,0,1,2,A,-,11,21954,A,N,G,B,D,A,H,-,D,D,0,Y,,,,Y,,N,60,1,0,0,0,1,0,0,0,0,"- ","- ",37.00515,-121.51025,"SANTA CLARA",UNINCORPORATED,-121.51060280999999,37.005602490000001
6713767,2014,2016-06-17,9340,2014-10-29,0900,015694,,3,1,4,4302,0,1,3,,2,172,"RT 17","HAMILTON AV",900.00,S,N,A,-,Y,SCL,4,17,-,-,12.170,H,-,N,Y,2,0,1,2,A,-,07,21658,A,N,B,C,A,A,H,-,A,D,1,,,Y,,Y,,A,07,1,0,0,0,0,0,0,0,1,"- ","- ",37.289830000000002,-121.93646,"SANTA CLARA",CAMPBELL,-121.93700862,37.291936059999998
6714609,2014,2015-01-09,4313,2014-11-09,1855,4280,DF,7,5,7,4313,0,0,0,,0,0F2,"THE ALAMEDA",NEWHALL,7.00,E,N,A,-,N,,,,,,,,,,N,2,0,1,2,A,-,10,21950,A,N,G,B,B,A,H,-,C,A,0,Y,,,,Y,,-,,1,0,0,0,1,0,0,0,0,"- ","- ",,,"SANTA CLARA","SAN JOSE",-121.92857768,37.343472759999997
6718086,2014,2016-01-07,4313,2014-12-16,2359,4356,PAUL,2,5,7,4313,0,0,0,,0,004,"YERBA BUENA RD","CHISIN ST",1056.00,E,N,A,-,N,,,,,,,,,,Y,1,1,0,1,A,-,08,22107,,N,-,I,A,B,H,-,C,D,0,,,,,Y,,-,,0,0,0,0,0,0,0,0,0,"- ","- ",,,"SANTA CLARA","SAN JOSE",-121.79021855000001,37.295817759999998
6718126,2014,2016-01-13,9340,2014-06-27,2135,15825,,5,2,9,4300,0,3,5,,2,030,"SAN FELIPE RD","METCALF RD",8448.00,N,N,A,-,N,,,,,,,,,,Y,1,1,0,1,A,-,08,22107,,N,E,I,A,A,H,-,D,D,0,,,,,Y,Y,A,01,0,0,0,0,0,0,0,0,0,"- ","- ",37.306010000000001,-121.94504999999999,"SANTA CLARA",UNINCORPORATED,-121.70891468000001,37.25958164
6718237,2014,2015-03-13,4316,2014-07-16,2101,14314,,3,5,6,4316,0,0,0,,0,,"MARY AV","ROCKEFELLER DR",0.00,,Y,A,-,N,,,,,,,,,,Y,1,1,0,2,A,-,11,21954,A,N,G,B,D,A,H,-,A,A,0,Y,,,,Y,,N,60,0,0,0,1,0,0,0,0,0,"- ","- ",,,"SANTA CLARA",SUNNYVALE,-122.05017995999999,37.358619920000002
6718301,2015,2017-04-20,9725,2015-01-17,1445,20854,,6,2,9,4300,0,1,2,,2,013,"RT 101","BURNETT AV",3960.00,N,N,A,-,Y,SCL,4,101,-,R,19.480,H,-,S,Y,1,1,0,1,A,-,08,22107,,N,E,I,A,A,H,-,A,D,1,,,,,Y,Y,D,22,0,0,0,0,0,0,0,0,0,"- ","- ",37.171840000000003,-121.67189,"SANTA CLARA",UNINCORPORATED,-121.67173849,37.171466950000003
6718385,2015,2017-04-20,4313,2015-01-26,1201,3958,4313,1,5,7,4313,0,0,0,,0,0P4,"YERBA BUENA RD","EDENWOOD DR",0.00,E,-,A,-,N,,,,,,,,,,,1,1,2,4,-,-,"- ",,,N,G,B,F,A,H,-,A,D,0,Y,,,,Y,,-,"- ",0,1,1,1,0,0,0,0,0,"- ","- ",,,"SANTA CLARA","SAN JOSE",-121.79660995,37.297780009999997
6718450,2014,2015-12-28,4310,2014-08-30,0056,,,6,5,4,4310,0,0,0,,0,,"SANTA TERESA BL","NATIVE DANCER DR",800.00,S,N,A,-,N,,,,,,,,,,Y,1,1,3,2,A,-,01,23152,A,N,C,C,A,A,H,-,C,D,0,,,,,Y,Y,A,01,1,2,0,0,0,0,0,0,0,"- ","- ",37.092019999999998,-121.64002000000001,"SANTA CLARA","MORGAN HILL",-121.64239000000001,37.092590000000001
6718488,2014,2016-01-14,4313,2014-11-24,1228,3587,,1,5,7,4313,0,0,0,,0,0V2,"N 13TH ST","HEDDING ST",70.00,S,N,A,-,N,,,,,,,,,,Y,1,1,0,2,A,-,09,21804,A,N,-,C,A,A,H,-,A,A,0,,,,,Y,,-,,0,0,0,0,0,0,0,0,0,"- ","- ",,,"SANTA CLARA","SAN JOSE",-121.89085439999999,37.35913025
6718591,2017,2019-04-08,4304,2017-07-22,1425,M1023,4304,6,5,4,4304,0,0,0,,0,002,"WREN AV","BYERS ST",0.00,,Y,A,-,N,,,,,,,,,,Y,1,1,0,1,A,-,08,22107,,N,E,I,A,A,H,-,A,D,0,,,,,Y,Y,-,,0,0,0,0,0,0,0,0,0,"- ","- ",,,"SANTA CLARA",GILROY,-121.58649995,37.00540007
6718666,2017,2018-03-01,4311,2017-10-30,0929,M0939,,1,5,5,4311,0,0,0,,0,003,"MIDDLEFIELD RD","SIERRA VISTA AV",111.00,W,N,A,-,N,,,,,,,,,,Y,1,1,0,1,C,-,18,,,N,E,I,A,A,H,-,A,D,0,,,,,Y,,-,"- ",0,0,0,0,0,0,0,0,0,"- ","- ",,,"SANTA CLARA","MOUNTAIN VIEW",-122.08910055,37.410358530000003
6718679,2017,2018-03-01,4304,2017-12-13,2040,R07128,4304,3,5,4,4304,0,0,0,,0,004,"NO NAME UNO","E LAS ANIMAS AV",15.00,S,N,A,-,N,,,,,,,,,,Y,1,1,0,2,A,-,03,22350,,N,H,E,A,A,H,-,C,D,0,,,,,Y,,A,01,0,0,0,0,0,0,0,0,0,"- ","- ",,,"SANTA CLARA",GILROY,-121.57138,37.032389999999999
6718790,2017,2018-04-25,4313,2017-09-11,2300,4457,CHARL,1,5,7,4313,0,0,0,,0,0C5,"OCALA AV","CAPITOL EXPWY",0.00,,Y,B,-,N,,,,,,,,,,Y,1,1,0,1,A,-,03,22350,,N,E,I,A,A,H,-,C,A,0,,,,,Y,Y,-,,0,0,0,0,0,0,0,0,0,"- ","- ",,,"SANTA CLARA","SAN JOSE",-121.82017990999999,37.340680050000003
6720564,2014,2015-01-09,9340,2014-11-14,1650,020768,,5,2,6,4314,0,2,4,,2,520,"SAN TOMAS EXPWY","PRUNERIDGE AV",100.00,N,N,A,-,N,,,,,,,,,,Y,2,0,1,3,A,-,03,22350,,N,E,I,A,A,H,-,C,A,0,,,Y,,Y,,C,02,1,0,0,0,0,0,0,0,1,"- ","- ",37.330060000000003,-121.96015,"SANTA CLARA","SANTA CLARA",-121.96777,37.330224719999997
6720627,2014,2015-01-13,9340,2014-11-14,0340,20589,,5,3,7,4313,0,1,2,,2,110,"RT 101","TULLY RD",2750.00,N,N,A,-,Y,,,101,,,,,,,Y,2,0,2,2,A,-,01,23152,A,N,B,C,A,A,H,-,D,D,0,,,,,Y,Y,A,07,1,0,1,0,0,0,0,0,0,"- ","- ",37.323270000000001,-121.83653,"SANTA CLARA","SAN JOSE",-121.83647557,37.323323670000001
6723740,2014,2015-01-20,4313,2014-11-24,0904,2857,CENTR,1,5,7,4313,0,0,0,,0,0E1,"SOUTH 3RD ST","SOUTH 3RD ST 100",0.00,,N,A,-,N,,,,,,,,,,N,2,0,1,2,A,-,09,21804,A,N,G,B,E,A,G,-,A,A,0,Y,,,,Y,,-,,1,0,0,0,1,0,0,0,0,"- ","- ",,,"SANTA CLARA","SAN JOSE",-121.88657910000001,37.334646419999999
6725215,2014,2015-01-22,4313,2014-11-28,1603,2765,WESTE,5,5,7,4313,0,0,0,,0,N-6,"SAN THOMAS AQUINO RD","BUCKNALL RD",0.00,,Y,A,-,N,,,,,,,,,,N,2,0,2,3,A,-,10,21950,A,N,G,B,B,A,G,H,B,D,0,Y,,,,Y,,-,,2,0,0,0,2,0,0,0,0,"- ","- ",,,"SANTA CLARA","SAN JOSE",-121.97664,37.283588999999999
6728050,2014,2015-01-20,9340,2014-11-20,0039,018880,,4,3,6,4314,0,2,4,,2,520,"SAN TOMAS EXPWY","BENTON ST",0.00,,Y,B,-,N,,,,,,,,,,Y,2,0,1,1,A,-,01,23152,A,N,E,I,A,A,H,-,E,A,0,,,,,Y,Y,A,07,1,0,0,0,0,0,0,0,0,"- ","- ",37.346330000000002,-121.96835,"SANTA CLARA","SANTA CLARA",-121.96866986000001,37.346300050000004
6728078,2014,2016-07-05,9340,2014-11-21,1730,020513,,5,2,7,4313,0,1,1,,2,282,"RT 280","SAN TOMAS EXPWY",830.00,S,N,A,-,Y,SCL,4,280,-,-,5.150,H,-,S,Y,2,0,1,2,A,-,07,21658,A,N,B,C,A,A,H,-,D,D,1,,,Y,,Y,,A,01,1,0,0,0,0,0,0,0,1,"- ","- ",37.185899999999997,-121.57392,"SANTA CLARA","SAN JOSE",-121.96061123,37.316358280000003
6736552,2014,2014-12-22,4312,2014-07-31,1236,6453,,4,5,5,4312,0,0,0,,0,0B2,"UNIVERSITY AV","BRYANT ST",113.00,W,N,A,-,N,,,,,,,,,,Y,2,0,7,8,A,-,17,21663,,N,E,B,F,A,H,-,A,D,0,Y,,,,Y,,A,01,3,4,0,0,6,0,0,0,0,"- ","- ",,,"SANTA CLARA","PALO ALTO",-122.16185774,37.445660519999997
6748250,2014,2016-07-05,9340,2014-12-06,1530,20507,,6,2,7,4313,0,1,1,,2,281,"RT 280 N","SOUTH BASCOM AV",200.00,N,N,A,-,Y,SCL,4,280,-,L,4.980,H,-,N,Y,2,0,1,2,A,-,03,22350,,N,C,C,A,A,H,-,A,D,1,,,Y,,Y,,C,02,1,0,0,0,0,0,0,0,1,TO,"- ",37.19106,-121.56131999999999,"SANTA CLARA","SAN JOSE",-121.93256502,37.317220030000001
6750094,2014,2016-06-16,9725,2014-10-25,0940,019221,,6,1,9,4300,0,1,2,,2,011,"RT 101","LEAVESLEY RD",20.00,N,N,C,-,Y,SCL,4,101,-,R,7.550,H,-,S,Y,2,0,1,1,A,-,08,22107,,N,E,I,A,B,H,-,A,D,1,,,,,Y,,A,01,1,0,0,0,0,0,0,0,0,"- ","- ",37.022570000000002,-121.56699,"SANTA CLARA",UNINCORPORATED,-121.56698428999999,37.022613579999998
6752351,2014,2016-05-12,4313,2014-12-13,1910,3824,DISTR,6,5,7,4313,0,0,0,,0,0M4,"NORTH KING RD","RT 680",0.00,,Y,A,-,Y,SCL,4,680,-,M,0.534,R,4,N,Y,2,0,2,2,A,-,12,21453,A,N,D,C,A,A,H,-,C,A,0,,,,,Y,,-,,2,0,0,0,0,0,0,0,0,"- ","- ",,,"SANTA CLARA","SAN JOSE",-121.84476187,37.34451782
6752432,2014,2015-02-04,4305,2014-12-27,1431,357,9,6,5,4,4305,0,0,0,,0,0B2,"FOOTHILL EXPWY","SPRINGER RD",0.00,,Y,A,-,N,,,,,,,,,,Y,2,0,1,2,A,-,12,21453,A,N,D,C,A,A,H,-,A,A,0,,,Y,,Y,,A,01,1,0,0,0,0,0,0,0,1,"- ","- ",,,"SANTA CLARA","LOS ALTOS",-122.09685992,37.35995999
6753002,2014,2015-01-22,9725,2014-10-29,0039,020120,,3,3,9,4300,0,1,2,,2,012,"RT 101","E MIDDLE AV",2112.00,S,N,A,-,Y,SCL,4,101,-,R,13.320,H,-,S,Y,1,1,0,1,C,-,18,,,N,E,I,A,A,H,-,D,D,1,,,,,Y,,-,"- ",0,0,0,0,0,0,0,0,0,"- ","- ",37.1004,-121.60686,"SANTA CLARA",UNINCORPORATED,-121.60630791,37.099996150000003
6753971,2014,2016-06-16,9725,2014-12-23,1745,019415,,2,2,9,4300,0,1,2,,1,010,RT101,"RT 25",600.00,N,N,A,-,Y,SCL,4,101,-,-,3.280,H,-,N,Y,2,0,1,1,A,-,08,22107,,N,E,I,A,A,H,-,D,D,5,,,,,Y,,A,01,1,0,0,0,0,0,0,0,0,"- ","- ",,,"SANTA CLARA",UNINCORPORATED,-121.55130857,36.962972530000002
6754015,2014,2015-02-11,9340,2014-12-13,1310,20684,,6,1,9,4300,0,3,5,,2,010,"CALAVERAS RD","FELTER RD",6.00,E,N,A,-,N,,,,,,,,,,N,2,0,1,1,A,-,08,22107,,N,F,I,A,A,H,-,A,D,0,,Y,,,Y,,L,04,1,0,0,0,0,0,1,0,0,"- ","- ",37.445999999999998,-121.83259,"SANTA CLARA",UNINCORPORATED,-121.83689009,37.442784420000002
6754092,2014,2015-02-09,4313,2014-12-29,1750,4381,FOOTH,1,5,7,4313,0,0,0,,0,071,"MCKEE RD","N 34TH ST",0.00,,Y,A,-,N,,,,,,,,,,Y,2,0,1,2,A,-,10,21950,A,N,G,B,B,A,H,-,E,A,0,Y,,,,Y,,-,,1,0,0,0,1,0,0,0,0,"- ","- ",,,"SANTA CLARA","SAN JOSE",-121.86269987,37.356749899999997
6763466,2014,2016-06-22,9725,2014-11-20,1629,015579,,4,2,7,4313,0,1,2,,2,015,"RT 101","RT 85",50.00,N,N,B,-,Y,SCL,4,101,-,R,26.790,H,-,N,Y,2,0,1,2,A,-,03,22350,,N,C,C,A,A,C,-,A,D,1,,,,Y,Y,Y,F,55,1,0,0,0,0,0,0,0,0,"- ","- ",37.242199999999997,-121.7692,"SANTA CLARA","SAN JOSE",-121.76910894,37.24209226
6764048,2014,2015-02-03,4312,2014-12-18,1842,6385,,4,5,5,4312,0,0,0,,0,004,"ARASTRADERO RD",POMONA,0.00,,Y,B,-,N,,,,,,,,,,Y,2,0,1,2,A,-,09,21801,A,N,D,G,A,A,H,-,C,-,0,,Y,,,Y,,A,01,1,0,0,0,0,0,1,0,0,"- ","- ",,,"SANTA CLARA","PALO ALTO",-122.12732987,37.404679950000002
6764310,2014,2016-06-18,9725,2014-12-18,1150,013278,,4,1,9,4300,0,1,3,,1,160,"RT 152","JONES CREEK BRIDGE",528.00,E,N,B,-,Y,SCL,4,152,-,-,13.910,H,-,W,Y,2,0,1,2,A,-,08,22107,,N,A,C,A,A,H,-,A,D,0,,,,Y,Y,,G,25,1,0,0,0,0,0,0,0,0,"- ","- ",36.998609999999999,-121.50306999999999,"SANTA CLARA",UNINCORPORATED,-121.50336006000001,36.998892009999999
6765240,2014,2015-01-30,4313,2014-12-07,1706,4360,FRANK,7,5,7,4313,0,0,0,,0,0F3,"THE ALAMEDA","MCKENZIE ST",0.00,,Y,A,-,N,,,,,,,,,,N,2,0,1,2,A,-,10,21950,A,F,G,B,B,A,H,-,C,D,0,Y,,,,Y,,-,,1,0,0,0,1,0,0,0,0,"- ","- ",,,"SANTA CLARA","SAN JOSE",-121.92410855999999,37.34166888
6765470,2014,2015-02-03,4313,2014-12-13,0331,4309,WESTE,6,5,7,4313,0,0,0,,0,14-347,"TULLY RD","CITY POLE #14N451",0.00,N,N,B,-,N,,,,,,,,,,Y,2,0,3,1,A,-,01,23153,,N,E,I,A,B,H,-,C,D,0,,,,,Y,Y,-,,2,0,1,0,0,0,0,0,0,"- ","- ",,,"SANTA CLARA","SAN JOSE",,
6768484,2014,2015-02-06,9340,2014-12-10,0610,015465,,3,1,6,4314,0,2,4,,2,520,"SAN TOMAS EXPY","CABRILLO AV",0.00,,Y,B,-,N,,,,,,,,,,N,2,0,1,2,A,-,12,21453,A,N,D,G,A,A,H,-,C,A,0,,Y,,,Y,,L,04,1,0,0,0,0,0,1,0,0,"- ","- ",37.359059999999999,-121.96876,"SANTA CLARA","SANTA CLARA",-121.96874986,37.359039920000001
6775532,2014,2015-02-10,4313,2014-12-23,1836,4361,WILLI,2,5,7,4313,0,0,0,,0,001,"HOSTETTER RD","WALKINGSHAW WY",51.00,E,N,A,-,N,,,,,,,,,,N,2,0,1,2,A,-,03,22350,,N,G,B,E,A,H,-,C,D,0,Y,,,,Y,,N,60,1,0,0,0,1,0,0,0,0,"- ","- ",,,"SANTA CLARA","SAN JOSE",-121.85983659999999,37.403713240000002
6776274,2015,2016-09-07,9340,2015-01-01,2315,020685,,4,3,9,4300,0,1,3,,2,009,"RT 9","REDWOOD GULCH RD",3300.00,S,N,A,-,Y,SCL,4,9,-,-,2.410,H,-,S,Y,2,0,2,1,A,-,01,23152,A,N,E,I,A,A,H,-,D,D,0,,,,,Y,Y,A,01,1,0,1,0,0,0,0,0,0,"- ","- ",37.26211,-121.1024,"SANTA CLARA",UNINCORPORATED,-122.10247002,37.26209214
6779285,2014,2015-02-13,9725,2014-12-29,1440,020120,,1,2,9,4300,0,3,5,,2,003,"MC KEAN RD","CALERO CREEK CT",400.00,N,N,A,-,N,,,,,,,,,,N,2,0,1,1,A,-,08,22107,,N,F,A,A,A,H,-,A,D,0,,,Y,,Y,,C,02,1,0,0,0,0,0,0,0,1,"- ","- ",37.189349999999997,-121.79767,"SANTA CLARA",UNINCORPORATED,-121.79781103000001,37.189630039999997
6789645,2014,2015-02-09,9725,2014-12-27,0245,20099,,6,3,9,4300,0,3,5,,2,003,"W EDMUNDSON AV","SUNNYSIDE AV",3.00,W,N,A,-,N,,,,,,,,,,Y,2,0,1,1,A,-,01,23152,F,N,E,I,A,A,H,-,D,D,0,,,,,Y,Y,A,01,1,0,0,0,0,0,0,0,0,"- ","- ",37.105980000000002,-121.65768,"SANTA CLARA",UNINCORPORATED,-121.6577095,37.105996830000002
6790727,2014,2015-02-05,4300,2014-08-23,1031,2031,S6,6,5,4,4315,0,0,0,,0,71S1,"SARATOGA AV","HERRIMAN AV",25.00,S,N,A,-,N,,,,,,,,,,N,2,0,1,2,A,-,17,21209,A,F,H,-,A,A,H,-,A,D,0,,Y,,,Y,,D,22,1,0,0,0,0,0,1,0,0,"- ","- ",,,"SANTA CLARA",SARATOGA,-122.02195365,37.265326350000002
6791083,2015,2015-02-24,4313,2015-01-09,1406,4130,SOUTH,5,5,7,4313,0,0,0,,0,0X1,"SNELL AV","ADRAGNA CT",45.00,S,N,A,-,N,,,,,,,,,,N,2,0,1,2,A,-,07,21658,A,N,B,G,A,-,H,-,A,D,0,,Y,,,Y,Y,L,04,1,0,0,0,0,0,1,0,0,"- ","- ",,,"SANTA CLARA","SAN JOSE",-121.8354073,37.269885530000003
6795019,2015,2016-05-02,4313,2015-01-08,2157,3097,CENTR,4,5,7,4313,0,0,0,,0,0R1,"MONTAGUE EXPWY","OTOOLE AV",0.00,,Y,A,-,N,,,,,,,,,,Y,2,0,1,2,A,-,12,21453,,N,D,G,A,A,H,-,C,A,0,,Y,,,Y,,L,04,1,0,0,0,0,0,1,0,0,"- ","- ",,,"SANTA CLARA","SAN JOSE",-121.91286999,37.398040000000002
6795492,2014,2015-01-30,4300,2014-08-20,2022,1961,C9,3,5,5,4303,0,0,0,,0,81C9,"MILLER AV","PHIL LN",145.00,S,N,A,-,N,,,,,,,,,,Y,2,0,2,1,A,-,01,23152,E,N,E,I,A,A,H,-,C,D,0,,,,,Y,,A,01,1,1,0,0,0,0,0,0,0,"- ","- ",,,"SANTA CLARA",CUPERTINO,-122.01330387,37.31579189
6795516,2014,2016-04-28,4300,2014-08-31,0905,2095,S4,7,5,4,4315,0,0,0,,0,71C9,"BIG BASIN WY","TOLL GATE RD",302.00,N,N,A,-,Y,SCL,4,9,-,-,6.730,H,-,S,Y,2,0,1,1,A,-,03,22350,,N,E,I,A,A,H,-,A,D,0,,,Y,,Y,,C,02,1,0,0,0,0,0,0,0,1,"- ","- ",,,"SANTA CLARA",SARATOGA,-122.04263601,37.253741400000003
6796933,2015,2015-02-24,9725,2015-01-18,2150,020099,,7,2,9,4300,0,2,4,,1,020,"SANTA TERESA BL","LAGUNA AV",929.00,S,N,A,-,N,,,,,,,,,,Y,2,0,6,1,A,-,08,22107,,N,F,A,A,A,H,-,D,D,0,,,,,Y,,A,07,1,3,2,0,0,0,0,0,0,"- ","- ",37.189390000000003,-121.73023000000001,"SANTA CLARA",UNINCORPORATED,-121.72976857,37.189009079999998
6797995,2014,2015-02-09,4312,2014-12-19,0107,7199,,5,5,5,4312,0,0,0,,0,,"WEST BAYSHORE RD","CHANNING AV",345.00,S,N,A,-,N,,,,,,,,,,Y,2,0,2,1,A,-,01,23153,A,N,E,I,A,B,H,-,C,D,0,,,,,Y,Y,A,01,2,0,0,0,0,0,0,0,0,"- ","- ",,,"SANTA CLARA","PALO ALTO",-122.12509021,37.447958700000001