CASE_ID,ACCIDENT_YEAR,PROC_DATE,JURIS,COLLISION_DATE,COLLISION_TIME,OFFICER_ID,REPORTING_DISTRICT,DAY_OF_WEEK,CHP_SHIFT,POPULATION,CNTY_CITY_LOC,SPECIAL_COND,BEAT_TYPE,CHP_BEAT_TYPE,CITY_DIVISION_LAPD,CHP_BEAT_CLASS,BEAT_NUMBER,PRIMARY_RD,SECONDARY_RD,DISTANCE,DIRECTION,INTERSECTION,WEATHER_1,WEATHER_2,STATE_HWY_IND,CALTRANS_COUNTY,CALTRANS_DISTRICT,STATE_ROUTE,ROUTE_SUFFIX,POSTMILE_PREFIX,POSTMILE,LOCATION_TYPE,RAMP_INTERSECTION,SIDE_OF_HWY,TOW_AWAY,COLLISION_SEVERITY,NUMBER_KILLED,NUMBER_INJURED,PARTY_COUNT,PRIMARY_COLL_FACTOR,PCF_CODE_OF_VIOL,PCF_VIOL_CATEGORY,PCF_VIOLATION,PCF_VIOL_SUBSECTION,HIT_AND_RUN,TYPE_OF_COLLISION,MVIW,PED_ACTION,ROAD_SURFACE,ROAD_COND_1,ROAD_COND_2,LIGHTING,CONTROL_DEVICE,CHP_ROAD_TYPE,PEDESTRIAN_ACCIDENT,BICYCLE_ACCIDENT,MOTORCYCLE_ACCIDENT,TRUCK_ACCIDENT,NOT_PRIVATE_PROPERTY,ALCOHOL_INVOLVED,STWD_VEHTYPE_AT_FAULT,CHP_VEHTYPE_AT_FAULT,COUNT_SEVERE_INJ,COUNT_VISIBLE_INJ,COUNT_COMPLAINT_PAIN,COUNT_PED_KILLED,COUNT_PED_INJURED,COUNT_BICYCLIST_KILLED,COUNT_BICYCLIST_INJURED,COUNT_MC_KILLED,COUNT_MC_INJURED,PRIMARY_RAMP,SECONDARY_RAMP,LATITUDE,LONGITUDE,COUNTY,CITY,POINT_X,POINT_Y
6803737,2015,2015-02-24,9725,2015-01-04,1013,19331,,7,1,9,4300,0,3,5,,2,001,"MALECH RD","RT 101",1056.00,E,N,A,-,N,,,,,,,,,,Y,2,0,1,1,A,-,01,23152,A,N,E,I,A,A,H,-,A,D,0,,,,,Y,Y,A,01,1,0,0,0,0,0,0,0,0,"- ","- ",37.210630000000002,-121.71989000000001,"SANTA CLARA",UNINCORPORATED,-121.72000765999999,37.210716750000003
6804137,2014,2015-07-08,4312,2014-11-21,2142,6453,,5,5,5,4312,0,0,0,,0,,"PAGE MILL RD","JUNIPERO SERRA BL",23.00,E,N,B,-,N,,,,,,,,,,Y,2,0,1,2,A,-,11,21956,A,N,G,B,E,-,H,-,C,A,0,Y,,,,Y,,N,60,1,0,0,0,1,0,0,0,0,"- ","- ",,,"SANTA CLARA","PALO ALTO",-122.15596857,37.406393860000001
6805307,2015,2016-10-14,9340,2015-01-04,1700,20881,,7,2,7,4313,0,1,2,,2,110,"RT 101","CAPITOL EXPWY",2265.00,S,N,A,-,Y,SCL,4,101,-,-,31.120,H,-,N,Y,2,0,2,1,A,-,08,22107,,N,E,I,A,A,H,-,B,D,1,,,,,Y,,A,01,1,1,0,0,0,0,0,0,0,"- ","- ",37.299210000000002,-121.81316,"SANTA CLARA","SAN JOSE",-121.81056830999999,37.29652815
6805308,2015,2016-10-12,9340,2015-01-05,2000,20841,,1,2,9,4300,0,1,3,,2,171,"RT 17","HEBARD RD",1584.00,N,N,A,-,Y,SCL,4,17,-,-,3.050,H,-,N,Y,2,0,1,1,A,-,03,22350,,N,E,I,A,A,H,-,D,D,0,,,,,Y,,A,07,1,0,0,0,0,0,0,0,0,"- ","- ",37.175690000000003,-121.99574,"SANTA CLARA",UNINCORPORATED,-121.99595480000001,37.175966969999998
6806627,2014,2016-06-16,9340,2014-12-08,0900,020574,,1,1,6,4314,1,4,S,,2,901,"EL CAMINO REAL","NOBILI AV",0.00,,Y,A,-,Y,SCL,4,82,-,-,13.912,I,5,S,N,2,0,1,2,A,-,10,21950,A,N,B,B,A,A,H,-,A,A,0,,Y,,,Y,,H,14,1,0,0,0,0,0,1,0,0,"- ","- ",37.352400000000003,-121.98865000000001,"SANTA CLARA","SANTA CLARA",-121.98857586,37.35227545
6806974,2015,2015-03-04,4308,2015-01-07,1714,232,,3,5,5,4308,0,0,0,,0,001,"S MAIN ST","CEDAR WY",400.00,N,N,A,-,N,,,,,,,,,,Y,2,0,1,2,A,-,08,22107,,N,D,C,A,A,H,-,A,D,0,,,Y,,Y,,A,01,1,0,0,0,0,0,0,0,1,"- ","- ",37.410029999999999,-121.90246,"SANTA CLARA",MILPITAS,-121.90256852,37.409234519999998
6809533,2015,2016-09-08,4314,2015-01-30,2235,V8723,,5,5,6,4314,0,0,0,,0,001,"EL CAMINO REAL","ALPINE AV",0.00,,Y,A,-,Y,SCL,4,82,-,-,13.611,I,5,S,Y,2,0,1,2,A,-,01,23153,A,N,G,B,B,A,H,-,C,D,0,Y,,,,Y,Y,-,,1,0,0,0,1,0,0,0,0,"- ","- ",,,"SANTA CLARA","SANTA CLARA",-121.98061398,37.352285590000001
6811075,2014,2016-07-07,9340,2014-12-29,0515,20635,,1,3,5,4303,0,1,1,,2,282,"RT 280","RT 85",200.00,S,N,A,-,Y,SCL,4,280,-,-,10.550,H,-,N,Y,2,0,1,1,A,-,08,22107,,N,E,I,A,A,H,-,C,D,1,,,Y,,Y,,C,02,1,0,0,0,0,0,0,0,1,"- ","- ",37.333399999999997,-122.05159999999999,"SANTA CLARA",CUPERTINO,-122.05249034000001,37.333319150000001
6812039,2015,2015-03-04,4313,2015-01-27,1835,4384,LINCO,2,5,7,4313,0,0,0,,0,0L4,"SENTER RD","LIGHT POLE #140249",51.00,S,N,A,-,N,,,,,,,,,,N,2,0,1,2,A,-,07,21658,,F,G,G,A,A,H,-,C,B,0,,Y,,,Y,,-,,1,0,0,0,0,0,1,0,0,"- ","- ",,,"SANTA CLARA","SAN JOSE",,
6812149,2015,2015-03-03,4313,2015-01-04,1921,3987,DC,7,5,7,4313,0,0,0,,0,0C1,"STORY RD","GALAHAD AV",0.00,,Y,A,-,N,,,,,,,,,,N,2,0,1,2,A,-,00,20001,,F,G,B,B,A,H,-,C,A,0,Y,,,,Y,,-,,1,0,0,0,1,0,0,0,0,"- ","- ",,,"SANTA CLARA","SAN JOSE",-121.82907993000001,37.349499899999998
6814099,2014,2016-05-13,9340,2014-07-26,0152,20543,,6,3,7,4313,0,1,2,,2,110,"RT 101","SANTA CLARA ST",0.00,N,N,A,-,Y,SCL,4,101,-,-,35.870,H,-,S,Y,2,0,1,2,A,-,11,21954,A,N,G,B,D,A,H,-,D,D,1,Y,,,,Y,Y,N,60,1,0,0,0,1,0,0,0,0,"- ","- ",37.366419999999998,-121.90568,"SANTA CLARA","SAN JOSE",-121.86304785,37.35116532
6820521,2015,2015-03-10,4313,2015-02-01,0458,4187,D4,7,5,7,4313,0,0,0,,0,042,"SANTA TERESA BL","GERONIMO DR",160.00,E,N,A,-,N,,,,,,,,,,Y,2,0,1,2,A,-,01,23152,,N,C,E,A,A,H,-,C,D,0,,,,,Y,Y,-,,1,0,0,0,0,0,0,0,0,"- ","- ",,,"SANTA CLARA","SAN JOSE",-121.83585026,37.23677
6837429,2015,2016-10-14,4313,2015-02-28,0040,4338,VCTR,6,5,7,4313,0,0,0,,0,0V2,"OLD OAKLAND RD",RT101,0.00,,Y,A,-,Y,SCL,4,101,-,-,3.761,R,4,S,Y,2,0,1,1,A,-,03,22350,,N,F,J,A,A,H,-,C,A,0,,,,,Y,Y,-,,1,0,0,0,0,0,0,0,0,"- ",SO,,,"SANTA CLARA","SAN JOSE",-121.55348984,36.969498090000002
6837507,2015,2015-03-19,4313,2015-02-24,1655,3799,DV,2,5,7,4313,0,0,0,,0,0V2,"N 13TH ST","MISSION ST",60.00,S,N,A,-,N,,,,,,,,,,N,2,0,1,2,A,-,00,20001,,F,G,B,D,A,H,-,A,D,0,Y,,,,Y,Y,-,,1,0,0,0,1,0,0,0,0,"- ","- ",,,"SANTA CLARA","SAN JOSE",-121.88923394,37.356998580000003
6838128,2014,2015-03-18,9340,2014-12-13,0215,15825,,6,3,7,4313,0,1,1,,2,281,"RT 280","MACARTHUR AV",315.00,N,N,A,-,Y,,,280,,,,,,,Y,2,0,1,1,A,-,01,23152,A,N,E,I,A,A,H,-,C,D,0,,,,,Y,Y,A,01,1,0,0,0,0,0,0,0,0,TO,"- ",37.317740000000001,-121.93652,"SANTA CLARA","SAN JOSE",-121.9365238,37.31748752
6839723,2014,2016-06-17,4300,2014-11-05,1237,2057,S4,3,5,4,4315,0,0,0,,0,71S1,"CONGRESS SPRINGS RD","CONGRESS SPRINGS LN",1600.00,E,N,A,-,Y,SCL,4,9,-,-,6.140,H,-,S,Y,2,0,1,1,A,-,03,22350,,N,F,-,A,A,H,-,A,D,0,,,Y,,Y,Y,C,02,1,0,0,0,0,0,0,0,1,"- ","- ",,,"SANTA CLARA",SARATOGA,-122.05198328,37.251945929999998
6844322,2015,2015-03-17,4314,2015-02-16,1913,M0433,43471,1,5,6,4314,0,0,0,,0,003,"LINCOLN ST","HARRISON ST",0.00,,Y,A,-,N,,,,,,,,,,Y,2,0,3,2,A,-,09,21802,A,N,D,C,A,A,H,-,C,D,0,,,,,Y,,A,01,1,0,2,0,0,0,0,0,0,"- ","- ",,,"SANTA CLARA","SANTA CLARA",-121.95323992,37.350079970000003
6847924,2015,2016-10-05,9340,2015-02-27,0730,020091,,5,1,7,4313,0,1,3,,2,087,"RT 87","CURTNER AV",1500.00,S,N,B,-,Y,SCL,4,87,-,-,2.550,H,-,N,Y,2,0,1,3,A,-,07,21658,A,N,B,C,A,A,H,-,A,D,1,,,Y,,Y,,A,01,1,0,0,0,0,0,0,0,1,"- ","- ",37.292830000000002,-121.87202000000001,"SANTA CLARA","SAN JOSE",-121.87125147,37.290271070000003
6854082,2015,2016-06-02,4313,2015-02-28,0313,3327,SOUTH,6,5,7,4313,0,0,0,,0,0T4,"HILLSDALE AV","MERIDIAN AV",0.00,,Y,A,-,N,,,,,,,,,,Y,1,1,2,2,A,-,17,23109,A,F,E,I,A,A,H,-,C,A,0,,,,,Y,,-,,1,0,1,0,0,0,0,0,0,"- ","- ",,,"SANTA CLARA","SAN JOSE",-121.90467993999999,37.267930120000003
6854096,2014,2015-03-23,4313,2014-07-08,0910,3818,SOUTH,2,5,7,4313,0,0,0,,0,0A5,COLEMAN,"WINFIELD BL",0.00,,Y,A,-,N,,,,,,,,,,Y,1,1,0,3,A,-,00,12500,A,N,A,C,A,A,H,-,A,A,0,,,,,Y,,-,,0,0,0,0,0,0,0,0,0,"- ","- ",,,"SANTA CLARA","SAN JOSE",-121.86897996,37.24305004
6854098,2014,2015-12-30,4313,2014-08-31,2055,4246,WESTE,7,5,7,4313,0,0,0,,0,0N2,"STEVENS CREEK BL","ALBANY DR",0.00,,Y,A,-,N,,,,,,,,,,Y,1,1,0,3,D,-,00,,,N,H,C,A,A,H,-,C,A,0,,,,,Y,Y,-,"- ",0,0,0,0,0,0,0,0,0,"- ","- ",,,"SANTA CLARA","SAN JOSE",-121.98728997000001,37.323090069999999
6854244,2015,2015-04-14,4311,2015-02-16,0923,G3063,,1,5,5,4311,0,0,0,,0,003,"CHARLESTON RD","INDEPENDENCE AV",0.00,,Y,A,-,N,,,,,,,,,,Y,1,1,0,2,A,-,10,21950,A,N,G,B,B,A,H,-,A,A,0,Y,,,,Y,,A,01,0,0,0,1,0,0,0,0,0,"- ","- ",,,"SANTA CLARA","MOUNTAIN VIEW",-122.09679987,37.421579989999998
6854277,2014,2015-05-15,4313,2014-06-11,2105,2801,SOUTH,3,5,7,4313,0,0,0,,0,0A5,"CAMDEN AV","LITTLE FALLS DR",0.00,E,N,-,-,N,,,,,,,,,,Y,1,1,0,1,A,-,"- ",,,N,A,J,A,A,H,-,C,A,0,,,,,Y,,-,"- ",0,0,0,0,0,0,0,0,0,"- ","- ",,,"SANTA CLARA","SAN JOSE",-121.87159,37.222170089999999
6854294,2014,2015-12-31,4314,2014-08-09,0929,G9634,,6,5,6,4314,0,0,0,,0,003,"MONROE ST",HARRISON,0.00,,-,A,-,N,,,,,,,,,,Y,1,1,0,2,D,-,00,,,N,G,B,F,A,-,-,A,D,0,Y,,,,Y,,-,"- ",0,0,0,1,0,0,0,0,0,"- ","- ",,,"SANTA CLARA","SANTA CLARA",-121.94970997,37.351299930000003
6854378,2014,2016-01-07,4313,2014-10-30,2241,3776,DX,4,5,7,4313,0,0,0,,0,0X1,"MONTEREY RD","SENTER RD",250.00,N,N,-,-,N,,,,,,,,,,Y,1,1,0,3,C,-,18,,,F,-,B,D,-,-,-,-,-,0,Y,,,,Y,Y,-,"- ",0,0,0,1,0,0,0,0,0,"- ","- ",,,"SANTA CLARA","SAN JOSE",-121.83578369,37.278408239999997
6854521,2015,2015-07-15,9340,2015-04-07,0020,020289,,2,3,7,4313,0,1,2,,2,120,"RT 101","RT 87",1337.00,N,N,B,-,Y,SCL,4,101,-,-,40.180,H,-,N,Y,1,1,0,3,A,-,01,23152,A,F,C,C,A,A,H,-,D,D,1,,,,,Y,Y,D,22,0,0,0,0,0,0,0,0,0,"- ","- ",37.37715,-121.94327,"SANTA CLARA","SAN JOSE",-121.93249230000001,37.374977559999998
6854571,2014,2016-01-13,4314,2014-08-20,2328,O2103,43471,3,5,6,4314,0,0,0,,0,004,"CENTRAL EXPWY","COMMERCIAL ST",1046.00,E,N,A,-,N,,,,,,,,,,Y,1,1,0,1,A,-,03,22350,,N,-,I,A,A,H,-,C,D,0,,,,,Y,Y,-,,0,0,0,0,0,0,0,0,0,"- ","- ",,,"SANTA CLARA","SANTA CLARA",-122.00535788000001,37.376741180000003
6854601,2015,2015-05-15,9340,2015-02-23,2208,019986,,1,3,5,4308,0,1,1,,2,089,"RT 880","RT 237",1205.00,S,N,A,-,Y,SCL,4,880,-,-,8.073,R,2,N,Y,1,1,0,2,A,-,11,21954,A,N,G,B,E,A,H,-,D,D,1,Y,,,,Y,,N,60,0,0,0,1,0,0,0,0,0,TO,"- ",37.421790000000001,-121.91485,"SANTA CLARA",MILPITAS,-121.91475728,37.420822000000001
6854653,2014,2015-12-29,4313,2014-10-26,0059,4241,,7,5,7,4313,0,0,0,,0,0K2,"10TH ST","SAN ANTONIO",300.00,N,N,A,-,N,,,,,,,,,,Y,1,1,0,2,A,-,01,23152,,F,G,B,D,A,H,-,C,D,0,Y,,,,Y,Y,-,,0,0,0,1,0,0,0,0,0,"- ","- ",,,"SANTA CLARA","SAN JOSE",-121.8791445,37.338129790000004
6864251,2015,2017-10-23,4313,2015-03-07,1853,3155,SOUTH,6,5,7,4313,0,0,0,,0,0T1,"CURTNER AV","DRESSER CT",0.00,,Y,A,-,N,,,,,,,,,,Y,1,1,0,2,A,-,08,22107,,N,D,C,A,A,H,-,C,D,0,,,,,Y,,-,,0,0,0,0,0,0,0,0,0,"- ","- ",,,"SANTA CLARA","SAN JOSE",-121.94037989,37.272520059999998
6864302,2015,2015-04-07,4313,2015-03-25,0129,4041,FOOTH,3,5,7,4313,0,0,0,,0,0C2,"SOUTH KING RD","TULLY RD",200.00,N,N,B,-,N,,,,,,,,,,Y,2,0,1,2,A,-,08,22107,,F,D,C,A,A,H,-,C,A,0,,,,,Y,Y,-,,1,0,0,0,0,0,0,0,0,"- ","- ",,,"SANTA CLARA","SAN JOSE",-121.82640354,37.322872949999997
6865381,2015,2015-04-14,4308,2015-03-14,2346,299,,6,5,5,4308,0,0,0,,0,001,"BLUE SPRUCE WY","FALLEN LEAF",0.00,,Y,A,-,N,,,,,,,,,,Y,2,0,1,3,A,-,01,23152,A,N,A,C,A,A,H,-,C,D,0,,,,,Y,Y,A,01,1,0,0,0,0,0,0,0,0,"- ","- ",,,"SANTA CLARA",MILPITAS,-121.9072199,37.404899899999997
6865618,2015,2015-04-09,4313,2015-03-16,1009,3716,FOOTH,1,5,7,4313,0,0,0,,0,0W4,"RAINFIELD DR","RAINVIEW DR",0.00,,Y,A,-,N,,,,,,,,,,Y,2,0,4,2,A,-,05,21650,,N,A,C,A,A,H,-,A,D,0,,,,,Y,,-,,1,0,3,0,0,0,0,0,0,"- ","- ",,,"SANTA CLARA","SAN JOSE",-121.84749992,37.375449959999997
6869488,2015,2015-04-08,9340,2015-03-09,0020,20543,,1,3,9,4300,0,3,5,,2,010,"FELTER RD","MARSH RD",2640.00,E,N,A,-,N,,,,,,,,,,Y,2,0,4,1,A,-,08,22107,,N,E,J,A,A,H,-,D,D,0,,,,,Y,,A,01,1,0,3,0,0,0,0,0,0,"- ","- ",37.435949999999998,-121.81990999999999,"SANTA CLARA",UNINCORPORATED,-121.81964944000001,37.436141370000001
6869560,2015,2016-10-03,9340,2015-03-18,0655,17095,,3,1,7,4313,0,1,1,,2,281,"RT 280","LINCOLN AV",5.00,N,N,A,-,Y,SCL,4,280,-,R,3.530,H,-,N,Y,2,0,1,2,A,-,03,22350,,N,C,C,A,A,H,-,B,D,1,,,Y,,Y,,C,02,1,0,0,0,0,0,0,0,1,"- ","- ",37.316000000000003,-121.907,"SANTA CLARA","SAN JOSE",-121.90720677,37.316111460000002
6870265,2015,2015-04-15,9725,2015-03-18,0620,20967,,3,1,9,4300,0,3,5,,2,003,"HALE AV","MIRAMONTE AV",0.00,,Y,B,-,N,,,,,,,,,,N,2,0,1,2,A,-,10,21950,A,N,G,B,B,A,H,-,D,A,0,Y,,,,Y,,A,07,1,0,0,0,1,0,0,0,0,"- ","- ",,,"SANTA CLARA",UNINCORPORATED,-121.70357994,37.164230029999999
6877477,2015,2015-04-14,4304,2015-03-28,2046,B07315,,6,5,4,4304,0,0,0,,0,003,"HANNA ST","GURRIES DR",0.00,,Y,A,-,N,,,,,,,,,,N,2,0,1,2,A,-,01,23152,A,N,A,C,A,A,H,-,C,D,0,,,,,Y,Y,-,,1,0,0,0,0,0,0,0,0,"- ","- ",,,"SANTA CLARA",GILROY,-121.57751997,37.014270019999998
6880594,2015,2015-05-18,4313,2015-03-21,1812,3838,CENTR,6,5,7,4313,0,0,0,,0,0K5,"WOODBOROUGH DR","WOODPARK CT",10.00,N,N,A,-,N,,,,,,,,,,N,2,0,1,2,A,-,01,23152,,N,B,E,A,A,H,-,A,D,0,,,,,Y,Y,-,,1,0,0,0,0,0,0,0,0,"- ","- ",,,"SANTA CLARA","SAN JOSE",-121.86532497,37.335667180000002
6883488,2015,2015-04-22,9725,2015-04-01,1925,020952,,3,2,9,4300,0,3,5,,2,003,"MURPHY AV","MAPLE AV",159.00,N,N,A,-,N,,,,,,,,,,Y,2,0,1,1,A,-,08,22107,,N,E,I,A,A,H,-,C,D,0,,,,,Y,,A,07,1,0,0,0,0,0,0,0,0,"- ","- ",37.113100000000003,-121.6163,"SANTA CLARA",UNINCORPORATED,-121.61625845,37.113006609999999
6884188,2015,2016-09-07,4307,2015-03-06,1355,S042,L9300,5,5,4,4307,0,0,0,,0,003,"TAIT AV","RT 9",0.00,,Y,A,-,Y,SCL,4,9,-,-,10.970,I,6,N,N,2,0,1,2,A,-,10,21950,A,N,G,B,D,A,H,-,A,A,0,Y,,,,Y,,-,,1,0,0,0,1,0,0,0,0,"- ","- ",,,"SANTA CLARA","LOS GATOS",-121.98199391999999,37.22960415
6887090,2015,2015-04-30,4313,2015-04-10,0949,4216,XRAY,5,5,7,4313,0,0,0,,0,005,"GREY GHOST AV","DISCOVERY AV",0.00,,Y,A,-,N,,,,,,,,,,N,2,0,1,2,A,-,03,22350,,N,G,B,D,A,H,-,A,D,0,Y,,,,Y,,-,,1,0,0,0,1,0,0,0,0,"- ","- ",,,"SANTA CLARA","SAN JOSE",-121.8058099,37.265840089999998
6888931,2015,2016-09-08,4311,2015-03-21,0506,D0516,,6,5,5,4311,0,0,0,,0,001,"EL CAMINO REAL","CRESTVIEW AV",132.00,W,N,A,-,Y,SCL,4,82,-,-,18.330,H,-,S,Y,2,0,1,1,A,-,05,21650,,N,E,I,A,A,H,-,C,D,0,,,Y,,Y,Y,C,02,1,0,0,0,0,0,0,0,1,"- ","- ",,,"SANTA CLARA","MOUNTAIN VIEW",-122.0594213,37.375004060000002
6890339,2015,2015-05-11,4313,2015-04-08,1528,3171,,3,5,7,4313,0,0,0,,0,0R4,"MABURY RD","E TAYLOR ST",0.00,,Y,B,-,N,,,,,,,,,,Y,2,0,1,3,A,-,09,21802,A,N,D,C,A,A,H,-,A,A,0,,,Y,,Y,,-,,1,0,0,0,0,0,0,0,1,"- ","- ",,,"SANTA CLARA","SAN JOSE",-121.87563994,37.362729909999999
6891448,2015,2016-11-05,9725,2015-04-02,0821,20947,,4,1,7,4313,0,1,2,,2,015,"RT 101","BERNAL RD",2640.00,N,N,A,-,Y,SCL,4,101,-,R,27.490,H,-,S,Y,2,0,3,3,A,-,08,22107,,N,B,C,A,A,H,-,A,D,1,,,,,Y,,A,08,1,0,2,0,0,0,0,0,0,"- ","- ",37.249189999999999,-121.78198,"SANTA CLARA","SAN JOSE",-121.77972421,37.247782180000002
6897271,2015,2016-12-20,9340,2015-04-17,2045,20768,,5,2,9,4300,0,1,3,,2,009,"RT 9","HEATHER HEIGHTS RD",4000.00,N,N,A,-,Y,SCL,4,9,-,-,1.100,H,-,S,Y,2,0,1,1,A,-,03,22350,,N,E,I,A,A,H,-,D,D,0,,,,,Y,,A,01,1,0,0,0,0,0,0,0,0,"- ","- ",37.258450000000003,-122.1097,"SANTA CLARA",UNINCORPORATED,-122.10955045999999,37.259229810000001
6905618,2015,2017-10-02,4310,2015-04-05,1841,147,2,7,5,4,4310,0,0,0,,0,,"TENNANT AV","RT 101",72.00,W,N,A,-,Y,SCL,4,101,-,R,15.345,R,4,S,Y,1,1,0,3,A,-,01,23153,B,F,G,E,E,A,H,-,A,A,0,Y,,,,Y,Y,D,22,0,0,0,1,0,0,0,0,0,"- ","- ",,,"SANTA CLARA","MORGAN HILL",-121.62858658,37.122826979999999
6905628,2015,2015-07-10,9340,2015-04-28,0520,19986,,2,3,7,4313,0,1,2,,2,120,"RT 101","1ST ST",800.00,S,N,A,-,Y,SCL,4,101,-,-,39.140,H,-,N,Y,1,1,0,2,A,-,03,22350,,N,C,C,A,A,H,-,D,D,1,,,Y,Y,Y,,C,02,0,0,0,0,0,0,0,1,0,"- ","- ",37.370719999999999,-121.91289999999999,"SANTA CLARA","SAN JOSE",-121.91445134999999,37.37120247
6917966,2015,2016-11-19,9340,2015-04-25,2130,020968,,6,2,7,4313,0,1,1,,2,281,"RT 337","RT 87",300.00,S,N,A,-,Y,SCL,4,280,-,R,2.440,H,-,N,Y,2,0,1,2,A,-,01,23152,E,N,D,C,A,A,H,-,C,D,1,,,,,Y,,A,01,1,0,0,0,0,0,0,0,0,"- ","- ",37.193010000000001,-121.53116,"SANTA CLARA","SAN JOSE",-121.89089909,37.32426134
6921807,2015,2016-11-02,9340,2015-04-26,0030,020827,,7,3,7,4313,0,1,2,,2,110,"RT 101","STORY RD",1581.00,S,N,A,-,Y,SCL,4,101,-,-,34.250,H,-,N,Y,2,0,1,1,A,-,01,23152,A,N,E,I,A,A,H,-,C,D,1,,,,,Y,Y,A,08,1,0,0,0,0,0,0,0,0,"- ","- ",37.332459999999998,-121.8446,"SANTA CLARA","SAN JOSE",-121.84494694999999,37.332570949999997
6921854,2015,2015-05-26,4304,2015-04-29,0753,F0834,04304,3,5,4,4304,0,0,0,,0,003,"HIRASAKI AV","MORO DR",0.00,,Y,A,-,N,,,,,,,,,,Y,2,0,2,2,A,-,03,22350,,N,D,C,A,A,H,-,A,A,0,,,,,Y,,-,,1,0,1,0,0,0,0,0,0,"- ","- ",,,"SANTA CLARA",GILROY,-121.59627987,37.02537006
6923949,2015,2015-05-28,4300,2015-03-24,1913,1753,S1,2,5,4,4315,0,0,0,,0,81S1,"PROSPECT RD","PARKER RANCH RD",90.00,E,N,A,-,N,,,,,,,,,,N,2,0,1,1,A,-,03,22350,,N,H,A,A,A,H,-,B,D,0,,Y,,,Y,,L,04,1,0,0,0,0,0,1,0,0,"- ","- ",,,"SANTA CLARA",SARATOGA,-122.0483,37.286250000000003
6924637,2015,2015-06-23,4310,2015-05-04,1421,147,3,1,5,4,4310,0,0,0,,0,,"WATSONVILLE RD","SANTA TERESA BL",140.00,E,N,A,-,N,,,,,,,,,,Y,2,0,2,2,A,-,03,22350,,N,A,C,A,A,H,-,A,A,0,,,,,Y,,A,01,1,1,0,0,0,0,0,0,0,"- ","- ",,,"SANTA CLARA","MORGAN HILL",-121.6460986,37.094472580000001
6926016,2015,2015-06-01,4313,2015-04-26,1842,3906,,7,5,7,4313,0,0,0,,0,0N1,"BOLLINGER RD","WINDSOR ST",0.00,,Y,A,-,N,,,,,,,,,,N,2,0,1,2,A,-,09,21801,A,N,D,G,A,A,H,-,A,D,0,,Y,,,Y,,-,,1,0,0,0,0,0,1,0,0,"- ","- ",,,"SANTA CLARA","SAN JOSE",-122.02770996,37.311170019999999
6926056,2015,2016-06-15,4313,2015-04-27,1008,3184,SOUTH,1,5,7,4313,0,0,0,,0,0X2,"SENTER RD","SEVEN TREES BL",0.00,W,N,A,-,N,,,,,,,,,,Y,2,0,1,1,A,-,03,22350,,N,E,I,A,A,H,-,A,D,0,,,,,Y,,-,,1,0,0,0,0,0,0,0,0,"- ","- ",,,"SANTA CLARA","SAN JOSE",-121.83216,37.278110069999997
6929400,2015,2017-01-05,4304,2015-05-08,0526,C3902,43635,5,5,4,4304,0,0,0,,0,001,"RT 152","CAMINO ARROYO",0.00,,Y,A,-,Y,SCL,4,152,-,-,10.398,I,5,W,Y,2,0,1,2,-,-,"- ",,,N,A,C,A,A,H,-,B,A,0,,,Y,,Y,,-,"- ",1,0,0,0,0,0,0,0,1,"- ","- ",,,"SANTA CLARA",GILROY,-121.55079726,37.004094940000002
6930968,2015,2016-10-18,4300,2015-01-11,1257,2186,S4,7,5,4,4315,0,0,0,,0,71S3,"BIG BASIN WY","TOLL GATE RD",249.00,N,N,A,-,Y,SCL,4,9,-,-,6.720,H,-,S,N,2,0,1,1,A,-,03,22350,,N,F,-,A,A,H,-,A,D,0,,,Y,,Y,,C,02,1,0,0,0,0,0,0,0,1,"- ","- ",,,"SANTA CLARA",SARATOGA,-122.04271493,37.25357648
6944462,2015,2015-07-07,4313,2015-05-19,0111,3662,SOUTH,2,5,7,4313,0,0,0,,0,0T1,"CAMDEN AV","LENCAR WY",0.00,,Y,B,-,N,,,,,,,,,,Y,2,0,2,2,A,-,03,22350,,N,A,I,A,A,H,-,C,A,0,,,,,Y,,-,,1,1,0,0,0,0,0,0,0,"- ","- ",,,"SANTA CLARA","SAN JOSE",-121.91524994,37.25612005
6944509,2015,2015-06-27,4313,2015-05-25,1132,3509,,1,5,7,4313,0,0,0,,0,015,"CAPITOL EX",SENTER,1000.00,W,N,A,-,N,,,,,,,,,,Y,2,0,1,2,A,-,03,22350,,F,D,B,-,A,H,-,A,A,0,Y,,,,Y,,-,,1,0,0,0,1,0,0,0,0,"- ","- ",,,"SANTA CLARA","SAN JOSE",-121.83439,37.29089536
6944529,2015,2015-06-27,4313,2015-05-31,0302,4234,WESTE,7,5,7,4313,0,0,0,,0,0L4,"10TH ST","TULLY RD",0.00,,Y,A,-,N,,,,,,,,,,Y,2,0,1,2,B,-,22,,,N,D,C,A,A,H,-,C,A,0,,,,,Y,Y,-,"- ",1,0,0,0,0,0,0,0,0,"- ","- ",,,"SANTA CLARA","SAN JOSE",-121.85145989999999,37.305450090000001
6947062,2015,2015-06-09,9725,2015-04-27,1830,15579,,1,2,9,4300,0,3,5,,2,001,"COLUMBET AV","MAPLE AV",686.00,S,N,A,-,N,,,,,,,,,,Y,2,0,1,1,A,-,08,22107,,N,E,I,A,A,H,-,A,D,0,,,Y,,Y,,C,02,1,0,0,0,0,0,0,0,1,"- ","- ",37.114199999999997,-121.6046,"SANTA CLARA",UNINCORPORATED,-121.60469861999999,37.114506429999999
6953960,2015,2015-07-21,9725,2015-06-15,0550,020947,,1,3,9,4300,0,3,5,,2,001,"COLUMBET AV","E MIDDLE AV",0.00,,Y,A,-,N,,,,,,,,,,Y,2,0,4,2,A,-,12,22450,A,N,D,C,A,A,H,-,B,A,0,,,,,Y,,A,01,1,1,2,0,0,0,0,0,0,"- ","- ",37.107909999999997,-121.60111000000001,"SANTA CLARA",UNINCORPORATED,-121.60112999,37.107990049999998