CASE_ID,ACCIDENT_YEAR,PROC_DATE,JURIS,COLLISION_DATE,COLLISION_TIME,OFFICER_ID,REPORTING_DISTRICT,DAY_OF_WEEK,CHP_SHIFT,POPULATION,CNTY_CITY_LOC,SPECIAL_COND,BEAT_TYPE,CHP_BEAT_TYPE,CITY_DIVISION_LAPD,CHP_BEAT_CLASS,BEAT_NUMBER,PRIMARY_RD,SECONDARY_RD,DISTANCE,DIRECTION,INTERSECTION,WEATHER_1,WEATHER_2,STATE_HWY_IND,CALTRANS_COUNTY,CALTRANS_DISTRICT,STATE_ROUTE,ROUTE_SUFFIX,POSTMILE_PREFIX,POSTMILE,LOCATION_TYPE,RAMP_INTERSECTION,SIDE_OF_HWY,TOW_AWAY,COLLISION_SEVERITY,NUMBER_KILLED,NUMBER_INJURED,PARTY_COUNT,PRIMARY_COLL_FACTOR,PCF_CODE_OF_VIOL,PCF_VIOL_CATEGORY,PCF_VIOLATION,PCF_VIOL_SUBSECTION,HIT_AND_RUN,TYPE_OF_COLLISION,MVIW,PED_ACTION,ROAD_SURFACE,ROAD_COND_1,ROAD_COND_2,LIGHTING,CONTROL_DEVICE,CHP_ROAD_TYPE,PEDESTRIAN_ACCIDENT,BICYCLE_ACCIDENT,MOTORCYCLE_ACCIDENT,TRUCK_ACCIDENT,NOT_PRIVATE_PROPERTY,ALCOHOL_INVOLVED,STWD_VEHTYPE_AT_FAULT,CHP_VEHTYPE_AT_FAULT,COUNT_SEVERE_INJ,COUNT_VISIBLE_INJ,COUNT_COMPLAINT_PAIN,COUNT_PED_KILLED,COUNT_PED_INJURED,COUNT_BICYCLIST_KILLED,COUNT_BICYCLIST_INJURED,COUNT_MC_KILLED,COUNT_MC_INJURED,PRIMARY_RAMP,SECONDARY_RAMP,LATITUDE,LONGITUDE,COUNTY,CITY,POINT_X,POINT_Y
91736357,2022,2022-03-29,9725,2022-03-19,1210,021665,,6,1,9,4300,0,3,5,,2,003,"PALM AVE","DOUGHERTY AVE",0.00,,Y,B,-,N,,,,,,,,,,N,2,0,1,2,A,-,09,21802,A,N,D,C,A,B,H,-,A,A,0,,Y,,,Y,,L,04,1,0,0,0,0,0,1,0,0,"- ","- ",37.182048797607422,-121.70870208740234,"SANTA CLARA",UNINCORPORATED,-121.70884704589844,37.181907653808594
91741401,2022,2022-04-05,9725,2022-01-09,2131,022608,,7,2,9,4300,0,2,4,,1,019,"MONTEREY ROAD","MASTEN AVENUE",640.00,N,N,A,-,N,,,,,,,,,,N,1,1,0,2,A,-,08,22107,,F,G,B,F,A,H,-,B,D,0,Y,,,,Y,,A,01,0,0,0,1,0,0,0,0,0,"- ","- ",37.057811737060547,-121.59452819824219,"SANTA CLARA",UNINCORPORATED,-121.5946044921875,37.057750701904297
91744288,2022,2022-04-08,9340,2022-03-31,1221,018680,,4,1,5,4308,0,1,1,,2,089,"I-880 S/B",SR-237,2000.00,N,N,A,-,Y,SCL,,880,,,8.761,H,,L,Y,2,0,1,1,A,-,08,22107,,N,F,A,A,A,H,-,A,D,0,,,,,Y,,A,01,1,0,0,0,0,0,0,0,0,"- ","- ",37.430259704589844,-121.91886138916016,"SANTA CLARA",MILPITAS,-121.91871643066406,37.430286407470703
91745056,2021,2022-04-11,9340,2021-12-19,0106,022603,,7,3,7,4313,0,1,2,,2,120,"US-101 N/B","BROKAW ROAD",840.00,N,N,A,-,Y,,,101,,,,,,N,N,1,1,0,2,A,-,11,21954,A,F,G,B,E,A,H,-,D,D,0,Y,,,,Y,,N,60,0,0,0,1,0,0,0,0,0,"- ","- ",37.372550964355469,-121.92134094238281,"SANTA CLARA","SAN JOSE",-121.92134094238281,37.372547149658203
91747926,2022,2022-04-14,9340,2022-04-04,1815,022758,,1,2,7,4313,0,1,1,,2,681,"I-680 S/B TO US-101","US-101 N/B",1160.00,N,N,A,-,Y,,,,,,,,,,Y,2,0,3,1,A,-,08,22107,,N,E,I,A,A,H,-,A,D,0,,,,,Y,,A,01,1,2,0,0,0,0,0,0,0,"- ","- ",37.342319488525391,-121.84883880615234,"SANTA CLARA","SAN JOSE",-121.84883880615234,37.342319488525391
91751086,2022,2022-04-19,9725,2022-04-17,1850,021837,,7,2,9,4300,0,3,5,,2,005,"BOLSA ROAD","BLOOMFIELD AVENUE",3696.00,N,N,A,-,Y,,,,,,,,,,N,2,0,2,1,A,-,01,23152,A,N,E,I,A,A,H,-,A,D,0,,,,,Y,Y,D,22,1,1,0,0,0,0,0,0,0,"- ","- ",36.969661712646484,-121.54342651367188,"SANTA CLARA",UNINCORPORATED,-121.54271697998047,36.969600677490234
91751102,2022,2022-04-19,9725,2022-04-09,2040,021837,,6,2,7,4313,0,1,3,,2,085,"SB SR-85","COTTLE ROAD",6864.00,S,N,A,-,Y,SCL,,85,,,1.131,H,,R,Y,2,0,1,2,A,-,08,22107,,N,B,C,A,A,H,-,D,D,0,,,,,Y,,A,01,1,0,0,0,0,0,0,0,0,"- ","- ",37.239360809326172,-121.78936767578125,"SANTA CLARA","SAN JOSE",-121.78926849365234,37.239585876464844
91752485,2021,2022-04-20,9330,2021-07-10,0013,022394,,6,3,5,4311,0,1,2,,2,078,"UNITED STATES 101 SOUTHBOUND","STATE ROUTE 85 NORTHBOUND TO SHORELINE BOULEVARD",64.00,S,N,A,-,Y,,,,,,,,,,Y,1,1,0,2,A,-,01,23152,,N,B,C,A,A,H,-,C,D,0,,,,,Y,Y,A,07,0,0,0,0,0,0,0,0,0,"- ","- ",37.408210754394531,-122.06928253173828,"SANTA CLARA","MOUNTAIN VIEW",-122.07797241210938,37.411758422851562
91753739,2022,2022-04-21,9340,2022-04-09,1725,022659,,6,2,7,4313,0,1,1,,2,681,"I-680 S/B","MCKEE RD",3180.00,N,N,A,-,Y,SCL,,680,,M,2.860,H,,L,Y,2,0,5,4,A,-,03,22350,,N,C,C,A,A,H,-,A,D,0,,,Y,,Y,,A,01,1,0,4,0,0,0,0,0,1,"- ","- ",37.373390197753906,-121.85182189941406,"SANTA CLARA","SAN JOSE",-121.85177612304688,37.373416900634766
91756505,2022,2022-04-26,9725,2022-04-17,1225,022827,,7,1,9,4300,0,3,5,,2,003,"UVAS ROAD","WATSONVILLE ROAD",785.00,N,N,A,-,N,,,,,,,,,,N,2,0,1,2,A,-,09,21801,A,N,D,C,A,A,H,-,A,D,0,,,Y,,Y,,D,22,1,0,0,0,0,0,0,0,1,"- ","- ",36.061119079589844,-121.66519165039062,"SANTA CLARA",UNINCORPORATED,-121.66287994384766,37.059478759765625
91756917,2022,2022-04-26,9340,2022-04-19,0640,022541,,2,1,9,4300,0,1,3,,2,171,"SR-17 S/B","SUMMIT RD",450.00,S,N,C,-,Y,SCL,,17,,,0.007,H,,L,N,2,0,1,1,A,-,03,22350,,N,E,I,A,B,H,-,A,D,0,,,,,Y,,D,22,1,0,0,0,0,0,0,0,0,"- ","- ",37.144199371337891,-121.98490905761719,"SANTA CLARA",UNINCORPORATED,-121.98476409912109,37.144172668457031
91757651,2022,2022-04-27,9340,2022-04-15,1700,022374,,5,2,9,4300,0,1,3,,2,009,SR-9,"HEATHER HEIGHTS ROAD",1725.00,N,N,A,-,Y,SCL,,9,,,0.766,H,,R,N,2,0,1,1,A,-,03,22350,,N,F,A,A,A,H,-,A,A,0,,Y,,,Y,,L,04,1,0,0,0,0,0,1,0,0,"- ","- ",37.259960174560547,-122.11263275146484,"SANTA CLARA",UNINCORPORATED,-122.11259460449219,37.259986877441406
91763785,2022,2022-05-04,9340,2022-04-21,1645,020574,,4,2,9,4300,0,3,5,,2,020,"JERILYN DRIVE","SERRANO AVENUE",73.00,E,N,A,-,Y,,,,,,,,,,Y,2,0,1,1,A,-,08,22107,,N,A,E,A,A,H,-,A,D,0,,,,,Y,,D,22,1,0,0,0,0,0,0,0,0,"- ","- ",37.362140655517578,-121.82028961181641,"SANTA CLARA",UNINCORPORATED,-121.81980133056641,37.362430572509766
91764470,2022,2022-05-04,9340,2022-04-24,0600,022478,,7,1,7,4313,0,1,3,,2,085,"SR-85 S/B","DE ANZA BLVD",1350.00,S,N,A,-,Y,SCL,,85,,R,15.583,H,,L,Y,2,0,3,1,A,-,01,23152,A,N,E,8,A,A,H,-,B,D,0,,,,,Y,Y,D,22,2,1,0,0,0,0,0,0,0,"- ","- ",37.297821044921875,-122.02909088134766,"SANTA CLARA","SAN JOSE",-122.02922058105469,37.297760009765625
91765510,2022,2022-05-05,9340,2022-04-24,1530,022594,,7,2,9,4300,0,3,5,,2,010,"MINES RD","DEL PUERTO CANYON RD",15840.00,N,N,A,-,N,,,,,,,,,,N,2,0,1,1,A,-,03,22350,,N,F,A,A,A,H,-,A,A,0,,,Y,,Y,,C,02,1,0,0,0,0,0,0,0,1,"- ","- ",37.424098968505859,-121.50399780273438,"SANTA CLARA",UNINCORPORATED,-121.50411224365234,37.4239501953125
91767594,2022,2022-05-09,9725,2022-04-30,2315,022827,,6,3,9,4300,0,1,3,,1,054,SR-25,"BOLSA ROAD",400.00,N,N,A,-,Y,SCL,,25,,,0.720,H,,R,Y,2,0,5,3,A,-,01,23152,A,N,A,C,A,A,H,-,D,D,0,,,,,Y,Y,A,07,3,2,0,0,0,0,0,0,0,"- ","- ",36.951080322265625,-121.52448272705078,"SANTA CLARA",UNINCORPORATED,-121.52449035644531,36.951061248779297
91769397,2022,2022-05-11,9330,2022-04-30,2150,022735,,6,2,5,4312,0,1,2,,2,078,"US-101 S/B","SAN ANTONIO ROAD",290.00,N,N,A,-,Y,SCL,,101,,,50.452,H,,L,Y,2,0,2,2,A,-,01,23152,A,N,C,2,A,A,H,-,D,D,0,,,,,Y,Y,D,22,1,1,0,0,0,0,0,0,0,"- ","- ",37.429740905761719,-122.10298156738281,"SANTA CLARA","PALO ALTO",-122.10302734375,37.429706573486328
91769718,2022,2022-05-11,9340,2022-05-04,0100,022000,,3,3,7,4313,0,1,1,,2,281,"I-280 N/B TO SR-87 S/B","WEST VIRGINIA STREET OVERCROSSING",1056.00,S,N,A,-,Y,SCL,,280,,R,2.505,H,,R,Y,2,0,1,1,A,-,01,23152,A,M,E,I,A,A,H,-,D,D,0,,,,,Y,Y,A,01,1,0,0,0,0,0,0,0,0,"- ","- ",37.323940277099609,-121.89201354980469,"SANTA CLARA","SAN JOSE",-121.89205169677734,37.324050903320312
91776701,2021,2022-05-20,9340,2021-10-17,2228,022267,,7,3,6,4314,0,1,3,,2,230,"SR-237 E/B","GREAT AMERICA PKY",934.00,W,N,B,-,Y,,,237,,,,,,E,Y,1,1,1,3,A,-,08,22107,,N,G,C,E,A,H,-,D,D,0,Y,,,,Y,,A,01,0,1,0,1,0,0,0,0,0,"- ","- ",37.414291381835938,-121.98052978515625,"SANTA CLARA","SANTA CLARA",-121.98054504394531,37.414333343505859
91779418,2022,2022-05-24,9340,2022-05-17,2330,022644,,2,3,7,4313,0,1,1,,2,089,"I-880 S/B","MONTAGUE EXPRESSWAY",660.00,S,N,A,-,Y,SCL,,880,,,5.982,H,,L,Y,2,0,1,1,A,-,01,23152,A,N,E,I,A,A,H,-,D,D,0,,,,,Y,Y,A,01,1,0,0,0,0,0,0,0,0,"- ","- ",37.391330718994141,-121.9066162109375,"SANTA CLARA","SAN JOSE",-121.90665435791016,37.391323089599609
91780397,2022,2022-05-25,9340,2022-05-15,1640,022756,,7,2,9,4300,0,1,3,,2,131,"SR-130 (MOUNT HAMILTON RD.)","HOTEL TRAIL",7867.00,E,N,A,-,Y,SCL,,130,,,13.820,H,,R,Y,2,0,1,1,A,-,08,22107,,N,F,A,A,A,H,-,A,D,0,,,Y,,Y,,C,02,1,0,0,0,0,0,0,0,1,"- ","- ",37.328788757324219,-121.6923828125,"SANTA CLARA",UNINCORPORATED,-121.69240570068359,37.328826904296875
91786267,2022,2022-06-01,9725,2022-05-20,1810,022112,,5,2,9,4300,0,1,2,,2,012,"US-101 SB","E. MIDDLE AVENUE",1113.40,S,N,A,-,Y,SCL,,101,,R,13.561,H,,L,Y,2,0,1,2,A,-,03,22350,,N,C,C,A,A,H,-,A,D,0,,,Y,,Y,,C,02,1,0,0,0,0,0,0,0,1,"- ","- ",37.102680206298828,-121.60910034179688,"SANTA CLARA",UNINCORPORATED,-121.60922241210938,37.102584838867188
91786821,2022,2022-06-02,9725,2022-05-23,0725,019215,,1,1,9,4300,0,1,3,,1,170,"SR-152 E/B","DINOSAUR POINT ROAD",9504.00,W,N,A,-,Y,SCL,,152,,,33.035,H,,R,N,2,0,1,1,A,-,08,22107,,N,E,I,A,A,H,-,A,D,0,,,,,Y,,D,22,1,0,0,0,0,0,0,0,0,"- ","- ",37.054161071777344,-121.24739074707031,"SANTA CLARA",UNINCORPORATED,-121.24744415283203,37.054225921630859
91789757,2022,2022-06-07,9340,2022-05-31,1805,021560,,2,2,7,4313,0,1,2,,2,120,"US101 S/B","BROKAW RD",1320.00,N,N,A,-,Y,SCL,,101,,,39.706,H,,L,Y,2,0,2,2,A,-,03,22350,,N,C,C,A,A,H,-,A,D,0,,,,,Y,,A,01,1,1,0,0,0,0,0,0,0,"- ","- ",37.372798919677734,-121.92420959472656,"SANTA CLARA","SAN JOSE",-121.92421722412109,37.372783660888672
91790020,2022,2022-06-07,9725,2022-05-29,0417,022334,,7,3,7,4313,0,1,2,,2,015,"US-101 S/B","BLOSSOM HILL RD",380.00,S,N,A,-,Y,SCL,,101,,R,28.522,H,,L,N,2,0,1,2,A,-,03,22350,,N,C,C,A,A,H,-,D,D,0,,,Y,,Y,,C,02,1,0,0,0,0,0,0,0,1,"- ","- ",37.256378173828125,-121.79531860351562,"SANTA CLARA","SAN JOSE",-121.79534149169922,37.256359100341797
91791311,2022,2022-06-08,9725,2022-05-31,2054,022111,,2,2,9,4300,0,1,3,,1,160,SR-152,"BLOOMFILED AVENUE",700.00,E,N,A,-,N,,,,,,,,,,Y,2,0,3,4,A,-,03,22350,,N,C,C,A,A,H,-,D,D,0,,,,,Y,Y,D,22,2,0,1,0,0,0,0,0,0,"- ","- ",36.987800598144531,-121.48883819580078,"SANTA CLARA",UNINCORPORATED,-121.48886108398438,36.987754821777344
91792790,2022,2022-06-10,9340,2022-06-03,1045,018665,,5,1,7,4313,0,1,1,,2,681,"I-680 S/B TO US-101 N/B","STORY RD.",2621.00,N,N,A,-,Y,SCL,,101,,,35.052,H,,R,Y,2,0,1,1,A,-,08,22107,,N,E,I,A,A,H,-,A,D,0,,,,Y,Y,,G,25,1,0,0,0,0,0,0,0,0,"- ","- ",37.341880798339844,-121.85372161865234,"SANTA CLARA","SAN JOSE",-121.85391235351562,37.341766357421875
91795840,2022,2022-06-15,9330,2022-04-29,0530,021927,,5,3,9,4300,0,1,1,,2,074,"I-280 NB","ALPINE RD.",0.30,S,N,A,-,Y,SCL,,280,,,20.382,H,,R,Y,2,0,1,1,A,-,08,22107,,N,E,I,A,A,H,-,B,D,0,,,,,Y,,A,01,1,0,0,0,0,0,0,0,0,"- ","- ",37.407611846923828,-122.19003295898438,"SANTA CLARA",UNINCORPORATED,-122.19014739990234,37.407478332519531
9179613,2020,2020-12-21,4310,2020-10-22,1823,264,2,4,5,4,4310,0,0,0,,0,,"E DUNNE AVE","MURPHY AV",0.00,,Y,A,-,N,,,,,,,,,,Y,2,0,1,2,A,-,01,23152,A,F,D,C,A,A,H,-,B,A,0,,,,,Y,Y,A,01,1,0,0,0,0,0,0,0,0,"- ","- ",,,"SANTA CLARA","MORGAN HILL",-121.62848663330078,37.133560180664062
91799813,2022,2022-06-21,9330,2022-06-04,1755,022394,,6,2,4,4305,0,3,5,,2,073,"FAIRFWAY DRIVE","ARBOR AVENUE",15.00,W,N,B,-,N,,,,,,,,,,N,2,0,1,2,A,-,08,22107,,N,B,G,A,A,H,-,A,D,0,,Y,,,Y,,-,"- ",1,0,0,0,0,0,1,0,0,"- ","- ",37.358470916748047,-122.097412109375,"SANTA CLARA","LOS ALTOS",-122.09730529785156,37.358539581298828
9180181,2020,2020-12-03,4316,2020-10-26,2312,16552,,1,5,6,4316,0,0,0,,0,,"EL CAMINO REAL","POPLAR AV",129.00,E,N,A,-,Y,SCL,4,82,-,-,14.880,H,-,S,N,2,0,1,2,A,-,11,21955,,F,G,B,D,A,H,-,C,D,0,Y,,,,Y,,-,,1,0,0,0,1,0,0,0,0,"- ","- ",37.352359771728516,-122.00923156738281,"SANTA CLARA",SUNNYVALE,-122.00740051269531,37.352108001708984
91803025,2022,2022-06-24,9340,2022-01-16,1820,022374,,7,2,4,4307,0,1,3,,2,171,"SR-17 S/B","THE CATS",2180.00,S,N,A,-,Y,SCL,,17,,,5.468,H,,L,N,2,0,1,1,A,-,01,23152,A,N,E,I,A,A,H,-,D,D,0,,,,,Y,Y,D,22,1,0,0,0,0,0,0,0,0,"- ","- ",37.209049224853516,-121.98975372314453,"SANTA CLARA","LOS GATOS",-121.98971557617188,37.209056854248047
91805725,2022,2022-06-29,9725,2022-06-11,1800,022827,,6,2,9,4300,0,1,2,,2,011,"US-101 S/B","LEAVESLEY ROAD",1584.00,N,N,A,-,Y,SCL,,101,,R,7.870,H,,L,N,2,0,2,1,A,-,08,22107,,N,E,I,A,A,H,-,A,D,0,,,,,Y,,D,22,1,0,1,0,0,0,0,0,0,"- ","- ",37.026821136474609,-121.56936645507812,"SANTA CLARA",UNINCORPORATED,-121.56926727294922,37.02685546875
91807252,2022,2022-08-05,9725,2022-06-18,1725,022112,,6,2,9,4300,0,3,5,,2,003,"FITZGERALD AVE","BONINO STREET",30.00,E,N,A,-,N,,,,,,,,,,N,2,0,1,2,A,-,08,22107,,N,A,C,A,A,H,-,A,D,0,,,,,Y,,A,01,1,0,0,0,0,0,0,0,0,"- ","- ",37.0543212890625,-121.60175323486328,"SANTA CLARA",UNINCORPORATED,-121.60153961181641,37.054378509521484
9181001,2020,2020-12-14,4313,2020-10-30,2346,4875,PAUL,5,5,7,4313,0,0,0,,0,0P5,"SAN FELIPE RD","KEATON LP",0.00,,Y,A,-,N,,,,,,,,,,Y,2,0,3,2,A,-,05,21651,C,N,A,C,A,A,H,-,C,D,0,,,,,Y,Y,-,,1,0,2,0,0,0,0,0,0,"- ","- ",,,"SANTA CLARA","SAN JOSE",-121.79051208496094,37.313060760498047
9181012,2020,2020-12-24,4313,2020-10-22,0610,,,4,5,7,4313,0,0,0,,0,,"ALMADEN EXPWY","CANOAS GARDEN AV",0.00,,Y,A,-,N,,,,,,,,,,Y,2,0,1,2,A,-,"- ",,,N,B,C,A,A,H,-,C,D,0,,,,,Y,,-,,1,0,0,0,0,0,0,0,0,"- ","- ",,,"SANTA CLARA","SAN JOSE",-121.87673950195312,37.29595947265625
91812425,2022,2023-02-28,9725,2022-06-09,1823,022827,,4,2,9,4300,0,3,5,,2,001,"FOOTHILL AVENUE","MAPLE AVENUE",1056.00,N,N,A,-,N,,,,,,,,,,N,2,0,1,2,A,-,08,22107,,N,G,B,E,A,H,-,A,D,0,Y,,,,Y,,-,"- ",1,0,0,0,1,0,0,0,0,"- ","- ",37.122661590576172,-121.59700012207031,"SANTA CLARA",UNINCORPORATED,-121.59690856933594,37.122524261474609
91814121,2022,2022-07-11,9725,2022-04-16,0935,022827,,6,1,9,4300,0,1,2,,1,056,"US-101 N/B","ROCKS ROAD",1056.00,S,N,B,C,Y,SBT,,101,,,1.360,H,,R,N,1,1,0,1,A,-,08,22107,,N,E,I,A,B,H,-,A,D,0,,,,,Y,,A,01,0,0,0,0,0,0,0,0,0,"- ","- ",36.8602294921875,-121.60861968994141,"SANTA CLARA",UNINCORPORATED,-121.60865020751953,36.860118865966797
91821403,2022,2022-07-20,9330,2022-05-18,1440,022244,,3,2,2,4306,0,1,1,,2,074,"I-280 S/B","PAGE MILL ROAD",2374.00,S,N,A,-,Y,SCL,,280,,,17.904,H,,L,N,1,1,0,1,A,-,03,22350,,N,E,I,A,A,H,-,A,D,0,,,,,Y,,-,"- ",0,0,0,0,0,0,0,0,0,"- ","- ",37.387409210205078,-122.15518188476562,"SANTA CLARA","LOS ALTOS HILLS",-122.15515899658203,37.387443542480469
91822314,2022,2022-07-21,9725,2022-07-09,0020,022571,,6,3,9,4300,0,1,2,,2,011,"US-101 S/B","CHURCH AVE",150.00,S,N,A,-,Y,SCL,,101,,R,11.116,H,,L,Y,2,0,1,1,A,-,03,22350,,N,F,A,A,A,H,-,D,D,0,,,Y,,Y,,C,02,1,0,0,0,0,0,0,0,1,"- ","- ",37.070899963378906,-121.58985137939453,"SANTA CLARA",UNINCORPORATED,-121.58982086181641,37.070911407470703
91822677,2022,2022-07-22,9725,2022-07-10,0110,022873,,7,3,9,4300,0,1,2,,2,011,"US-101 N/B","LEAVESLEY ROAD",2640.00,N,N,A,-,Y,SCL,,101,,R,7.992,H,,R,Y,2,0,6,2,A,-,03,22350,,F,C,C,A,A,H,-,D,D,0,,,,,Y,,A,01,1,0,5,0,0,0,0,0,0,"- ","- ",37.028591156005859,-121.56971740722656,"SANTA CLARA",UNINCORPORATED,-121.56978607177734,37.028568267822266
91824977,2022,2022-07-26,9340,2022-07-14,0640,022877,,4,1,7,4313,0,1,2,,2,110,"US-101 TO N/B I-680","KING ROAD",500.00,S,N,A,-,Y,SCL,,680,,M,0.299,H,,R,Y,2,0,1,2,A,-,08,22107,,F,B,C,A,A,H,-,B,D,0,,,Y,,Y,,-,99,1,0,0,0,0,0,0,0,1,"- ","- ",37.342071533203125,-121.84750366210938,"SANTA CLARA","SAN JOSE",-121.84767913818359,37.342235565185547
91825021,2022,2022-07-26,9725,2022-07-17,0350,022985,,7,3,4,4310,0,1,2,,2,013,"US 101 S/B","COCHRANE ROAD",2440.00,N,N,A,-,Y,SCL,,101,,R,18.291,H,,R,Y,2,0,2,1,A,-,08,22107,,N,E,I,A,A,H,-,D,D,0,,,,,Y,,A,07,1,1,0,0,0,0,0,0,0,"- ","- ",37.158390045166016,-121.65769195556641,"SANTA CLARA","MORGAN HILL",-121.65767669677734,37.158401489257812
91826099,2022,2022-07-27,9330,2022-07-15,1755,022876,,5,2,5,4311,0,1,2,,2,078,"US-101 S/B","N SHORELINE BOULEVARD",206.00,S,N,A,-,Y,SCL,,101,,,48.545,H,,L,Y,2,0,1,3,A,-,03,22350,,N,C,C,A,A,H,-,A,D,0,,,,,Y,,A,01,1,0,0,0,0,0,0,0,0,"- ","- ",37.411460876464844,-122.0772705078125,"SANTA CLARA","MOUNTAIN VIEW",-122.07723999023438,37.411502838134766
91826495,2022,2022-07-27,9725,2022-07-20,0710,021811,,3,1,9,4300,0,1,3,,1,130,SR-25,"SR-25 FROM US-101 N/B",0.00,,Y,A,-,Y,SCL,,25,,,2.380,H,,R,Y,2,0,2,2,A,-,09,21802,A,N,D,C,A,A,H,-,A,A,0,,,,,Y,,A,01,1,0,1,0,0,0,0,0,0,"- ","- ",36.961948394775391,-121.54846954345703,"SANTA CLARA",UNINCORPORATED,-121.54850769042969,36.9620361328125
91832896,2022,2022-08-04,9340,2022-07-13,1925,022968,,3,2,7,4313,0,1,1,,2,681,"I-680 N/B","CROPLEY AVE",265.00,S,N,A,-,Y,SCL,,680,,M,5.486,H,,R,Y,2,0,1,3,A,-,08,22107,,M,B,C,A,A,H,-,A,D,0,,,,,Y,,-,99,1,0,0,0,0,0,0,0,0,"- ","- ",37.404788970947266,-121.87722015380859,"SANTA CLARA","SAN JOSE",-121.87730407714844,37.404773712158203
91832974,2022,2022-08-04,9725,2022-07-27,0645,021811,,3,1,9,4300,0,1,3,,1,170,SR-152,"WALNUT AVE",1584.00,W,N,B,-,Y,SCL,,152,,R,22.387,H,,L,Y,2,0,1,3,A,-,06,21755,A,N,D,C,A,A,H,-,B,D,0,,,Y,,Y,,C,02,1,0,0,0,0,0,0,0,1,"- ","- ",36.974590301513672,-121.38197326660156,"SANTA CLARA",UNINCORPORATED,-121.38188171386719,36.974578857421875
91833080,2022,2022-08-04,9330,2022-07-28,0945,022169,,4,1,5,4311,0,1,2,,2,078,"US-101 SOUTHBOUND","OREGON EXPRESSWAY",1584.00,S,N,A,-,Y,SCL,,101,,,51.669,H,,L,Y,2,0,1,2,A,-,08,22107,,N,B,C,A,A,H,-,A,D,0,,,Y,,Y,,A,01,1,0,0,0,0,0,0,0,1,"- ","- ",37.44329833984375,-122.11724090576172,"SANTA CLARA","MOUNTAIN VIEW",-122.11734771728516,37.443229675292969
91834137,2022,2022-08-05,9330,2022-07-14,1614,022960,,4,2,9,4300,0,3,5,,2,071,"CAMPUS DRIVE","SEARSVILLE ROAD",0.00,,Y,A,-,N,,,,,,,,,,Y,2,0,1,1,A,-,08,22107,,N,E,I,A,A,H,-,A,A,0,,,Y,,Y,,C,02,1,0,0,0,0,0,0,0,1,"- ","- ",37.428329467773438,-122.18079376220703,"SANTA CLARA",UNINCORPORATED,-122.18087005615234,37.428264617919922
91836317,2022,2022-08-09,9725,2022-05-29,2500,022571,,7,4,9,4300,0,1,2,,2,015,"US-101 S/B","BLOSSOM HILL RD",1267.00,S,N,A,-,Y,SCL,,101,,R,28.370,H,,L,Y,1,1,0,1,A,-,08,22107,,N,E,I,A,A,H,-,D,D,0,,,,,Y,,A,01,0,0,0,0,0,0,0,0,0,"- ","- ",37.254970550537109,-121.79315185546875,"SANTA CLARA",UNINCORPORATED,-121.79308319091797,37.255043029785156
91838905,2022,2022-08-23,9725,2022-08-02,1725,022873,,2,2,9,4300,0,3,5,,2,001,"BOLSA ROAD","BLOOMFILED AVENUE",0.30,N,N,A,-,N,,,,,,,,,,N,2,0,2,2,A,-,01,23152,A,N,A,C,A,A,H,-,A,D,0,,,,,Y,Y,A,01,2,0,0,0,0,0,0,0,0,"- ","- ",36.967689514160156,-121.53714752197266,"SANTA CLARA",UNINCORPORATED,-121.53150177001953,36.965480804443359
91839755,2022,2022-08-15,9340,2022-08-04,0705,020208,,4,1,5,4308,0,1,3,,2,240,"SR-237 W/B","MCCARTHY BLVD",882.00,W,N,A,-,Y,SCL,,237,,R,8.760,H,,L,Y,2,0,1,3,A,-,03,22350,,F,C,C,A,A,H,-,A,D,0,,,Y,,Y,,C,02,1,0,0,0,0,0,0,0,1,"- ","- ",37.422760009765625,-121.92640686035156,"SANTA CLARA",MILPITAS,-121.92642211914062,37.422809600830078
91840362,2022,2022-08-15,9340,2022-08-04,1620,022877,,4,2,6,4316,0,1,3,,2,220,"SR-237 E/B","LAWRENCE EXPY.",170.00,W,N,A,-,Y,SCL,,237,,R,4.557,H,,R,Y,2,0,1,2,A,-,08,22107,,N,C,C,A,A,H,-,A,D,0,,,Y,,Y,,C,02,1,0,0,0,0,0,0,0,1,"- ","- ",37.409011840820312,-121.9993896484375,"SANTA CLARA",SUNNYVALE,-121.9993896484375,37.409004211425781