CASE_ID,ACCIDENT_YEAR,PROC_DATE,JURIS,COLLISION_DATE,COLLISION_TIME,OFFICER_ID,REPORTING_DISTRICT,DAY_OF_WEEK,CHP_SHIFT,POPULATION,CNTY_CITY_LOC,SPECIAL_COND,BEAT_TYPE,CHP_BEAT_TYPE,CITY_DIVISION_LAPD,CHP_BEAT_CLASS,BEAT_NUMBER,PRIMARY_RD,SECONDARY_RD,DISTANCE,DIRECTION,INTERSECTION,WEATHER_1,WEATHER_2,STATE_HWY_IND,CALTRANS_COUNTY,CALTRANS_DISTRICT,STATE_ROUTE,ROUTE_SUFFIX,POSTMILE_PREFIX,POSTMILE,LOCATION_TYPE,RAMP_INTERSECTION,SIDE_OF_HWY,TOW_AWAY,COLLISION_SEVERITY,NUMBER_KILLED,NUMBER_INJURED,PARTY_COUNT,PRIMARY_COLL_FACTOR,PCF_CODE_OF_VIOL,PCF_VIOL_CATEGORY,PCF_VIOLATION,PCF_VIOL_SUBSECTION,HIT_AND_RUN,TYPE_OF_COLLISION,MVIW,PED_ACTION,ROAD_SURFACE,ROAD_COND_1,ROAD_COND_2,LIGHTING,CONTROL_DEVICE,CHP_ROAD_TYPE,PEDESTRIAN_ACCIDENT,BICYCLE_ACCIDENT,MOTORCYCLE_ACCIDENT,TRUCK_ACCIDENT,NOT_PRIVATE_PROPERTY,ALCOHOL_INVOLVED,STWD_VEHTYPE_AT_FAULT,CHP_VEHTYPE_AT_FAULT,COUNT_SEVERE_INJ,COUNT_VISIBLE_INJ,COUNT_COMPLAINT_PAIN,COUNT_PED_KILLED,COUNT_PED_INJURED,COUNT_BICYCLIST_KILLED,COUNT_BICYCLIST_INJURED,COUNT_MC_KILLED,COUNT_MC_INJURED,PRIMARY_RAMP,SECONDARY_RAMP,LATITUDE,LONGITUDE,COUNTY,CITY,POINT_X,POINT_Y
91840422,2022,2022-08-15,9340,2022-08-06,1930,022819,,6,2,7,4313,0,1,1,,2,281,"I-280 S/B",SR-87,1200.00,N,N,A,-,Y,SCL,,280,,R,2.779,H,,L,Y,2,0,1,1,A,-,08,22107,,N,E,8,A,A,H,-,A,D,0,,,,,Y,,D,22,1,0,0,0,0,0,0,0,0,"- ","- ",37.322761535644531,-121.89668273925781,"SANTA CLARA","SAN JOSE",-121.89672088623047,37.322837829589844
91840433,2022,2022-08-15,9725,2022-08-06,1655,022111,,6,2,9,4300,0,2,4,,1,020,"WATSONVILLE ROAD","PHARMER ROAD",528.00,N,N,A,-,N,,,,,,,,,,Y,2,0,3,2,A,-,05,21460,A,N,A,C,A,A,H,-,A,D,0,,,,,Y,,A,01,1,1,1,0,0,0,0,0,0,"- ","- ",37.024299621582031,-121.65512847900391,"SANTA CLARA",UNINCORPORATED,-121.65507507324219,37.024188995361328
91841229,2022,2022-08-16,9340,2022-08-09,1704,022868,,2,2,7,4313,0,1,2,,2,120,"US-101 S/B","TRIMBLE RD",1442.00,S,N,A,-,Y,SCL,,101,,,40.410,H,,L,N,2,0,1,3,A,-,08,22107,,N,B,C,A,A,H,-,A,D,0,,,Y,,Y,,C,02,1,0,0,0,0,0,0,0,1,"- ","- ",37.375720977783203,-121.93675231933594,"SANTA CLARA","SAN JOSE",-121.936767578125,37.375667572021484
91841582,2022,2022-08-16,9340,2022-08-12,0645,018508,,5,1,7,4313,0,1,1,,2,089,"I-880 S/B TO US101 S/B","N. FIRST STREET",2112.00,N,N,A,-,Y,,,,,,,,,,Y,2,0,4,1,A,-,03,22350,,N,E,I,A,A,H,-,A,D,0,,,,,Y,,A,07,2,2,0,0,0,0,0,0,0,"- ","- ",37.363109588623047,-121.90318298339844,"SANTA CLARA","SAN JOSE",-121.90318298339844,37.363109588623047
91844270,2022,2022-08-19,9340,2022-08-09,1845,022877,,2,2,5,4308,0,1,3,,2,240,"SR-237 W/B","ZANKER ROAD",1460.00,W,N,A,-,Y,SCL,,237,,,7.706,H,,L,Y,2,0,1,1,A,-,08,22107,,N,F,A,A,A,H,-,A,D,0,,,Y,,Y,,C,02,1,0,0,0,0,0,0,0,1,"- ","- ",37.419418334960938,-121.94492340087891,"SANTA CLARA",MILPITAS,-121.94492340087891,37.419456481933594
91845583,2022,2022-08-22,9340,2022-08-09,1600,022759,,2,2,9,4300,0,3,5,,2,030,"ALAMITOS RD","HICKS RD",1500.00,E,N,A,-,N,,,,,,,,,,Y,2,0,1,1,A,-,03,22350,,N,E,I,A,A,H,-,A,D,0,,,Y,,Y,,C,02,1,0,0,0,0,0,0,0,1,"- ","- ",37.163028717041016,-121.83854675292969,"SANTA CLARA",UNINCORPORATED,-121.83878326416016,37.162929534912109
91848063,2022,2022-08-24,9725,2022-08-18,2120,022836,,4,2,9,4300,0,1,3,,1,130,SR-25,US-101,1848.00,S,N,A,-,Y,SCL,,25,,,2.165,H,,R,Y,2,0,2,2,A,-,01,23152,A,N,A,C,A,A,H,-,D,D,0,,,,Y,Y,Y,A,01,1,1,0,0,0,0,0,0,0,"- ","- ",36.9627685546875,-121.54485321044922,"SANTA CLARA",UNINCORPORATED,-121.54485321044922,36.962757110595703
91850592,2022,2022-08-26,9340,2022-08-18,0315,022668,,4,3,7,4313,0,1,1,,2,681,"I-680 S/B FROM CAPITOL EXPRESSWAY W/B","CAPITOL EXPRESSWAY",204.00,N,N,A,-,Y,SCL,,680,,M,1.488,H,,L,N,2,0,3,1,A,-,01,23152,A,F,E,I,A,A,H,-,C,D,0,,,,,Y,Y,A,07,1,1,1,0,0,0,0,0,0,"- ","- ",37.356300354003906,-121.83946990966797,"SANTA CLARA","SAN JOSE",-121.83925628662109,37.356380462646484
91854149,2022,2022-08-31,9340,2022-08-20,1513,022756,,6,2,9,4300,0,1,3,,2,171,"SR-17 N/B","SUMMIT RD",3430.00,N,N,A,-,Y,SCL,,17,,,0.908,H,,R,N,2,0,1,2,A,-,08,22107,,N,B,C,A,A,H,-,A,D,0,,,Y,,Y,,C,02,1,0,0,0,0,0,0,0,1,"- ","- ",37.154838562011719,-121.98531341552734,"SANTA CLARA",UNINCORPORATED,-121.98529815673828,37.154834747314453
91854370,2022,2022-08-31,9340,2022-03-27,1156,021624,,7,1,7,4313,0,1,1,,2,089,"I-880 S/B","MONTAGUE EXPWY.",2486.00,S,N,B,-,Y,SCL,,880,,,6.247,H,,L,Y,1,1,0,2,A,-,03,22350,,N,C,C,A,A,H,-,A,D,0,,,Y,,Y,,-,"- ",0,0,0,0,0,0,0,1,0,"- ","- ",37.395050048828125,-121.90754699707031,"SANTA CLARA","SAN JOSE",-121.90753173828125,37.395053863525391
91856756,2022,2022-09-05,9340,2022-08-24,0230,022758,,3,3,7,4313,0,1,3,,2,087,"SR-87 N/B TO TAYLOR ST","TAYLOR ST",80.00,S,N,A,-,Y,SCL,,87,,,6.885,H,,R,Y,2,0,1,1,A,-,01,23152,A,N,E,I,A,A,H,-,C,A,0,,,,,Y,Y,A,01,1,0,0,0,0,0,0,0,0,"- ","- ",37.346820831298828,-121.90416717529297,"SANTA CLARA","SAN JOSE",-121.90419769287109,37.346790313720703
91857845,2021,2022-09-06,9340,2021-08-30,2039,022374,,1,2,7,4313,0,1,1,,2,681,"I-680 S/B","BERRYESSA RD",1488.00,S,N,A,-,Y,,,680,,,,,,S,N,1,1,0,3,A,-,11,21954,A,F,G,B,E,A,H,-,C,D,0,Y,,,,Y,,N,60,0,0,0,1,0,0,0,0,0,"- ","- ",37.381019592285156,-121.85964965820312,"SANTA CLARA","SAN JOSE",-121.85953521728516,37.381137847900391
9185822,2020,2021-02-23,4314,2020-11-01,1102,P7447,43471,7,5,6,4314,0,0,0,,0,001,"WARREN DR","MALABAR AV",198.00,N,N,A,-,N,,,,,,,,,,,2,0,1,3,A,-,03,22350,,N,G,B,E,A,H,-,A,D,0,Y,,,,Y,,A,01,1,0,0,0,1,0,0,0,0,"- ","- ",37.324558258056641,-121.97669982910156,"SANTA CLARA","SANTA CLARA",-121.97614288330078,37.325550079345703
9185867,2020,2021-02-05,4313,2020-11-08,0624,4505,DN,7,5,7,4313,0,0,0,,0,0N6,"COLOMBO DR","COLOMBO DR 17790",0.00,,Y,A,-,N,,,,,,,,,,Y,2,0,1,2,A,-,03,22350,,M,A,E,A,A,H,-,B,D,0,,,,,Y,,-,,1,0,0,0,0,0,0,0,0,"- ","- ",,,"SANTA CLARA","SAN JOSE",-121.98137,37.299003999999996
91859590,2021,2022-09-08,9340,2021-06-05,0805,022332,,6,1,9,4300,0,3,5,,2,050,"MONTEVINA RD","BLACK RD",0.00,,Y,A,-,Y,,,,,,,,,,Y,1,1,2,4,A,-,03,22350,,N,E,I,A,A,H,-,A,A,0,,,,Y,Y,,F,76,0,2,0,0,0,0,0,0,0,"- ","- ",37.194538116455078,-121.99395751953125,"SANTA CLARA",UNINCORPORATED,-121.99404907226562,37.194553375244141
91859598,2021,2022-09-08,9340,2021-10-24,0508,022447,,7,3,7,4313,0,1,1,,2,681,"I-680 S/B","BERRYESSA RD",363.00,S,N,B,-,Y,,,680,,,,,,S,Y,1,1,1,2,A,-,01,23152,A,N,A,C,A,B,H,-,D,D,0,,,,,Y,Y,A,01,1,0,0,0,0,0,0,0,0,"- ","- ",37.383518218994141,-121.86200714111328,"SANTA CLARA","SAN JOSE",-121.86205291748047,37.383472442626953
9186148,2020,2020-12-07,4314,2020-10-19,0647,A8689,,1,5,6,4314,0,0,0,,0,006,"LAURELWOOD RD","THOMAS RD",0.00,,Y,A,-,N,,,,,,,,,,,2,0,1,2,A,-,12,22450,A,F,B,C,A,A,H,-,B,D,0,,,Y,,Y,,-,99,1,0,0,0,0,0,0,0,1,"- ","- ",37.380649566650391,-121.95757293701172,"SANTA CLARA","SANTA CLARA",-121.95764923095703,37.380489349365234
9186150,2020,2020-12-07,4314,2020-10-17,1854,N3759,43471,6,5,6,4314,0,0,0,,0,001,"PRUNERIDGE AV","KIELY BL",200.00,W,N,A,-,N,,,,,,,,,,,2,0,1,2,A,-,11,21955,,F,G,B,D,A,H,-,A,D,0,Y,,,,Y,,N,60,1,0,0,0,1,0,0,0,0,"- ","- ",37.329971313476562,-121.97463226318359,"SANTA CLARA","SANTA CLARA",-121.97551727294922,37.3299560546875
91864143,2022,2023-01-05,9340,2022-08-31,2105,022868,,3,2,5,4308,0,1,1,,2,089,"I-880 S/B","DIXON LANDING RD",4819.00,S,N,A,-,Y,SCL,,880,,,9.509,H,,L,Y,2,0,1,2,A,-,03,22350,,F,C,2,A,A,H,-,B,D,0,,,,,Y,,A,01,1,0,0,0,0,0,0,0,0,"- ","- ",37.44110107421875,-121.92050170898438,"SANTA CLARA",MILPITAS,-121.92047119140625,37.441104888916016
91865128,2022,2022-09-15,9340,2022-09-03,0030,022447,,6,3,5,4303,0,1,1,,2,282,"I-280 S/B TO WOLFE ROAD","WOLFE RD",350.00,N,N,A,-,Y,,,,,,,,,,N,2,0,1,1,A,-,01,23152,A,N,E,8,A,A,H,-,C,A,0,,,,,Y,Y,A,07,1,0,0,0,0,0,0,0,0,"- ","- ",37.330101013183594,-122.01548767089844,"SANTA CLARA",CUPERTINO,-122.01548767089844,37.330101013183594
91870914,2022,2022-09-22,9340,2022-09-13,1500,022635,,2,2,7,4313,0,1,3,,2,083,"SR-85 S/B","UNION AVE",1460.00,N,N,A,-,Y,SCL,,85,,,9.562,H,,L,N,2,0,1,2,A,-,08,22107,,F,E,A,A,A,H,-,A,D,0,,,Y,,Y,,-,99,1,0,0,0,0,0,0,0,1,"- ","- ",37.251789093017578,-121.93643188476562,"SANTA CLARA","SAN JOSE",-121.93644714355469,37.251728057861328
91876478,2022,2022-09-29,9340,2022-09-18,1015,023054,,7,1,9,4300,0,1,3,,2,171,"SR-17 S/B","RAINERI LANE",70.00,S,N,B,C,Y,SCL,,17,,,2.194,H,,L,Y,2,0,1,1,A,-,03,22350,,N,F,A,A,B,H,-,A,D,0,,,Y,,Y,,C,02,1,0,0,0,0,0,0,0,1,"- ","- ",37.165748596191406,-121.98821258544922,"SANTA CLARA",UNINCORPORATED,-121.98823547363281,37.165752410888672
91884964,2022,2022-10-07,9340,2022-09-27,0225,022921,,2,3,6,4316,0,1,3,,2,230,"SR-237 E/B FROM LAWRENCE EXRESSWAY","LAWRENCE EXPY",178.00,E,N,A,-,Y,,,,,,,,,,Y,2,0,1,1,A,-,08,22107,,M,E,J,A,A,H,-,D,D,0,,,,,Y,Y,A,07,1,0,0,0,0,0,0,0,0,"- ","- ",37.408470153808594,-121.99732971191406,"SANTA CLARA",SUNNYVALE,-121.99732971191406,37.408470153808594
91889898,2022,2022-10-13,9340,2022-10-06,1030,018665,,4,1,9,4300,0,3,5,,2,040,"HICKS RD.","PHEASANT RD.",973.00,S,N,A,-,N,,,,,,,,,,Y,2,0,2,1,A,-,03,22350,,N,E,I,A,A,H,-,A,D,0,,,,,Y,,A,01,1,0,1,0,0,0,0,0,0,"- ","- ",37.210670471191406,-121.90650177001953,"SANTA CLARA",UNINCORPORATED,-121.90660858154297,37.210605621337891
91890619,2022,2022-10-14,9340,2022-10-04,1850,022374,,2,2,7,4313,0,1,3,,2,087,"SR-87 N/B","CAROL DRIVE",1210.00,S,N,A,-,Y,SCL,,87,,,2.279,H,,R,Y,2,0,1,1,A,-,01,23152,A,N,E,J,A,A,H,-,B,D,0,,,,,Y,Y,A,01,1,0,0,0,0,0,0,0,0,"- ","- ",37.286930084228516,-121.86898040771484,"SANTA CLARA","SAN JOSE",-121.8690185546875,37.286911010742188
91892653,2022,2022-10-18,9340,2022-10-09,1235,022686,,7,1,9,4300,0,3,5,,2,050,"MONTEBELLO RD","PEACOCK CT",492.00,E,N,A,-,N,,,,,,,,,,N,2,0,1,2,A,-,09,21801,A,N,D,G,A,A,H,-,A,D,0,,Y,,,Y,,A,07,1,0,0,0,0,0,1,0,0,"- ","- ",37.295021057128906,-122.09059143066406,"SANTA CLARA",UNINCORPORATED,-122.0914306640625,37.295375823974609
91893971,2022,2022-10-19,9340,2022-10-08,0325,022921,,6,3,4,4302,0,1,3,,2,172,"SR-17 S/B","CAMDEN AVE",4037.00,N,N,A,-,Y,SCL,,17,,,11.329,H,,L,Y,2,0,4,1,A,-,01,23152,A,N,E,I,A,A,D,-,C,D,0,,,,,Y,Y,A,08,2,2,0,0,0,0,0,0,0,"- ","- ",37.281898498535156,-121.94278717041016,"SANTA CLARA",CAMPBELL,-121.94268035888672,37.281806945800781
91894392,2022,2022-10-19,9340,2022-10-10,1235,022686,,1,1,7,4313,0,1,3,,2,172,"SR-17 N/B","HAMILTON AVE",4699.00,N,N,A,-,Y,SCL,,17,,,13.257,H,,R,Y,2,0,3,2,A,-,01,23152,A,N,C,C,A,A,H,-,A,D,0,,,,,Y,Y,A,01,2,0,1,0,0,0,0,0,0,"- ","- ",37.307338714599609,-121.94043731689453,"SANTA CLARA","SAN JOSE",-121.94049835205078,37.307338714599609
91906339,2022,2022-11-01,9340,2022-06-29,2130,022704,,3,2,6,4314,0,1,3,,2,230,"SR-237 E/B","GREAT AMERICA PKWY",1400.00,W,N,A,-,Y,SCL,,237,,R,5.586,H,,R,Y,1,1,0,1,A,-,01,23152,,N,E,8,A,A,H,-,C,D,0,,,,,Y,Y,A,07,0,0,0,0,0,0,0,0,0,"- ","- ",37.413619995117188,-121.9818115234375,"SANTA CLARA","SANTA CLARA",-121.98189544677734,37.413753509521484
91909709,2022,2022-11-04,9330,2022-07-11,1520,022590,,1,2,5,4311,0,1,3,,2,075,"SR-85 S/B","EL CAMINO REAL",528.00,N,N,A,-,Y,SCL,,85,,R,21.936,H,,L,Y,2,0,2,2,A,-,03,22350,,N,C,C,A,D,H,-,A,D,0,,,Y,,Y,,C,02,1,1,0,0,0,0,0,0,2,"- ","- ",37.380889892578125,-122.06807708740234,"SANTA CLARA","MOUNTAIN VIEW",-122.06802368164062,37.380893707275391
9191801,2020,2021-02-03,4312,2020-11-30,1620,8734,SANTA,1,5,5,4312,0,0,0,,0,,"ALMA ST","HAMILTON AV",0.00,,Y,A,-,N,,,,,,,,,,N,2,0,1,2,A,-,12,21453,A,N,A,G,A,A,H,-,A,A,0,,Y,,,Y,,A,01,1,0,0,0,0,0,1,0,0,"- ","- ",,,"SANTA CLARA","PALO ALTO",-122.16275024414062,37.442668914794922
91918486,2022,2022-11-15,9340,2022-02-06,1130,022686,,7,1,9,4300,0,1,3,,2,009,"SR-9 (CONGRESS SPRINGS RD.)","25561 BIG BASIN WAY",980.00,N,N,A,-,Y,SCL,,9,,,1.003,H,,R,Y,1,1,0,1,A,-,03,22350,,N,E,I,A,A,H,-,A,A,0,,,,,Y,,A,01,0,0,0,0,0,0,0,0,0,"- ","- ",37.260440826416016,-122.10935974121094,"SANTA CLARA",UNINCORPORATED,-122.10929107666016,37.260459899902344
91919424,2022,2022-11-16,9340,2022-01-01,0101,022601,,6,3,7,4313,0,1,1,,2,681,"I-680 S/B TO CAPITOL AVE S/B","CAPITOL AVENUE",235.00,S,N,A,-,Y,,,,,,,,,,Y,1,1,1,1,A,-,01,23152,A,N,E,8,A,A,H,-,D,A,0,,,,,Y,Y,A,01,1,0,0,0,0,0,0,0,0,"- ","- ",37.398639678955078,-121.87610626220703,"SANTA CLARA","SAN JOSE",-121.87610626220703,37.398639678955078
91920106,2022,2022-11-17,9340,2022-03-10,2316,021745,,4,3,7,4313,0,1,1,,2,282,"I-280 N/B","SARATOGA AVENUE",850.00,S,N,A,-,Y,SCL,,280,,,5.697,H,,R,Y,2,0,1,2,A,-,03,22350,,N,C,C,A,A,C,-,E,D,0,,,,,Y,,A,01,1,0,0,0,0,0,0,0,0,"- ","- ",37.316440582275391,-121.97052764892578,"SANTA CLARA","SAN JOSE",-121.97052764892578,37.316448211669922
91926607,2022,2022-11-28,9340,2022-11-10,0930,023025,,4,1,7,4313,0,1,3,,2,083,"SR-85 N/B","LEIGH AVE",200.00,N,N,A,-,Y,SCL,,85,,,8.894,H,,R,Y,2,0,1,3,A,-,07,21658,A,N,C,C,A,A,H,-,A,D,0,,,Y,,Y,,A,07,1,0,0,0,0,0,0,0,1,"- ","- ",37.250579833984375,-121.92440795898438,"SANTA CLARA","SAN JOSE",-121.92440795898438,37.250656127929688
91936176,2022,2022-12-07,9340,2022-11-26,1300,022921,,6,1,9,4300,0,3,5,,2,010,"SR-130 (MT HAMILTON RD)","OBSERVATORY PEAK ROAD",4652.00,W,N,A,-,Y,SCL,,130,,,19.342,H,,R,N,2,0,1,1,A,-,03,22350,,N,E,J,A,D,B,-,A,D,0,,Y,,,Y,,L,04,1,0,0,0,0,0,1,0,0,"- ","- ",37.33905029296875,-121.65660858154297,"SANTA CLARA",UNINCORPORATED,-121.65666961669922,37.33905029296875
91937459,2022,2022-12-08,9340,2022-11-29,0200,023059,,2,3,7,4313,0,1,1,,2,281,"I-280 S/B FROM MOORPARK AVENUE","MERIDIAN AVE",385.00,N,N,A,-,Y,SCL,,280,,R,3.905,H,,L,Y,2,0,1,1,A,-,01,23152,A,N,E,I,A,A,H,-,C,A,0,,,,,Y,Y,A,01,1,0,0,0,0,0,0,0,0,"- ","- ",37.314620971679688,-121.91368865966797,"SANTA CLARA","SAN JOSE",-121.91361236572266,37.3148193359375
91938784,2022,2022-12-09,9340,2022-11-29,0725,023020,,2,1,7,4313,0,1,3,,2,083,"SR-85 N/B","SANTA THERESA BLVD.",817.00,N,N,A,-,Y,SCL,,85,,,5.389,H,,R,N,2,0,1,3,A,-,08,22107,,N,B,C,A,A,H,-,A,D,0,,,Y,,Y,,A,08,1,0,0,0,0,0,0,0,1,"- ","- ",37.255611419677734,-121.86192321777344,"SANTA CLARA","SAN JOSE",-121.86192321777344,37.255638122558594
91939254,2022,2022-12-12,9340,2022-11-16,0305,022779,,3,3,9,4300,0,1,3,,2,171,"SR-17 N/B","REDWOOD ESTATES ROAD",2435.00,N,N,A,-,Y,SCL,,17,,,1.627,H,,R,Y,2,0,2,1,A,-,01,23152,A,N,E,8,A,A,H,-,D,A,0,,,,,Y,Y,A,01,2,0,0,0,0,0,0,0,0,"- ","- ",37.162429809570312,-121.98706817626953,"SANTA CLARA",UNINCORPORATED,-121.98707580566406,37.162303924560547
9193987,2020,2021-02-06,4313,2020-11-30,1106,4683,CENTR,1,5,7,4313,0,0,0,,0,0R1,"ORCHARD PY","W TRIMBLE RD",0.00,,Y,A,-,N,,,,,,,,,,N,2,0,1,1,A,-,03,22350,A,N,F,A,A,A,H,-,A,A,0,,,,,Y,,-,"- ",1,0,0,0,0,0,0,0,0,"- ","- ",,,"SANTA CLARA","SAN JOSE",-121.93170166015625,37.384269714355469
91940040,2022,2022-12-12,9340,2022-11-30,1825,020574,,3,2,7,4313,0,1,3,,2,087,"SR-87 S/B","TAYLOR ST",390.00,N,N,A,-,Y,SCL,,87,,,6.993,H,,L,N,2,0,1,2,A,-,03,22350,,N,C,C,A,A,H,-,C,D,0,,,Y,,Y,,C,02,1,0,0,0,0,0,0,0,1,"- ","- ",37.347579956054688,-121.90596771240234,"SANTA CLARA","SAN JOSE",-121.90598297119141,37.347557067871094
91942071,2022,2022-12-14,9340,2022-11-22,2300,023075,,2,3,7,4313,0,1,3,,2,131,"SR-130 (ALUM ROCK AVE)","KIRK AVE",414.00,E,N,A,-,N,,,,,,,,,,Y,2,0,1,3,A,-,01,23152,A,M,E,I,A,A,H,-,C,D,0,,,,,Y,Y,A,01,1,0,0,0,0,0,0,0,0,"- ","- ",37.376949310302734,-121.82035064697266,"SANTA CLARA","SAN JOSE",-121.82044219970703,37.377006530761719
9194943,2020,2021-01-14,4316,2020-11-13,1426,17222,,5,5,6,4316,0,0,0,,0,014,"MATHILDA AV","ALMANOR AV",0.00,,Y,A,-,N,,,,,,,,,,Y,2,0,1,1,A,-,08,22107,,N,E,I,A,A,H,-,A,A,0,,,,,Y,,A,01,1,0,0,0,0,0,0,0,0,"- ","- ",37.395740509033203,-122.02838897705078,"SANTA CLARA",SUNNYVALE,-122.02864074707031,37.395771026611328
91949451,2022,2022-12-22,9330,2022-12-21,0824,022200,,3,1,5,4312,0,1,2,,2,078,"US-101 S/B","SAN ANTONIO RD",1330.00,S,N,A,-,Y,SCL,,101,,,50.195,H,,L,Y,2,0,1,4,A,-,07,21658,A,N,B,C,A,A,H,-,A,D,0,,,,,Y,,A,01,1,0,0,0,0,0,0,0,0,"- ","- ",37.426841735839844,-122.10002136230469,"SANTA CLARA","PALO ALTO",-122.10002136230469,37.426841735839844
91955403,2022,2022-12-29,9340,2022-12-19,2230,022447,,1,3,7,4313,0,1,1,,2,281,"I-280 N/B TO STEVENS CREEK","SETVENS CREEK BOULEVARD",196.00,S,N,A,-,Y,,,,,,,,,,N,2,0,2,1,A,-,03,22350,,N,E,I,A,A,H,-,C,D,0,,,,,Y,,A,01,1,1,0,0,0,0,0,0,0,"- ","- ",37.322170257568359,-121.93982696533203,"SANTA CLARA","SAN JOSE",-121.99904632568359,37.322792053222656
9195850,2020,2021-01-22,4313,2020-11-28,1440,4628,MARY,6,5,7,4313,0,0,0,,0,0M4,"SOUTH KING RD","RT 680",24.00,S,N,A,-,Y,SCL,4,680,-,M,0.660,R,4,S,N,2,0,1,2,A,-,12,21453,A,N,G,G,A,A,H,-,A,A,0,,Y,,,Y,,L,04,1,0,0,0,0,0,1,0,0,"- ",SF,,,"SANTA CLARA","SAN JOSE",-121.84341430664062,37.345924377441406
91958865,2022,2023-01-03,9340,2022-12-23,0540,022819,,5,3,7,4313,0,1,3,,2,087,"SR-87 N/B","CAPITOL EXPY",985.00,N,N,A,-,Y,SCL,,87,,,1.540,H,,R,Y,2,0,4,4,A,-,03,22350,,N,C,C,A,A,H,-,D,D,0,,,,,Y,,A,01,1,1,2,0,0,0,0,0,0,"- ","- ",37.277111053466797,-121.86358642578125,"SANTA CLARA","SAN JOSE",-121.8636474609375,37.277095794677734
91958936,2022,2023-01-03,9725,2022-12-26,2115,021618,,1,2,9,4300,0,1,3,,1,150,SR-152,"BLACKHAWK CANYON ROAD",3696.00,W,N,B,-,Y,SCL,,152,,,2.172,H,,R,Y,2,0,2,2,A,-,01,23152,A,N,A,C,A,B,H,-,D,D,0,,,,,Y,Y,A,01,1,0,1,0,0,0,0,0,0,"- ","- ",36.993919372558594,-121.68856048583984,"SANTA CLARA",UNINCORPORATED,-121.68852996826172,36.993915557861328
91965367,2022,2023-01-11,9725,2022-12-30,1330,020120,,5,1,9,4300,0,2,4,,1,018,"LEAVESLEY RD.","NEW AVE.",792.00,E,N,B,C,N,,,,,,,,,,Y,2,0,3,1,A,-,03,22350,,N,F,A,A,B,H,-,A,D,0,,,,,Y,,A,07,1,1,1,0,0,0,0,0,0,"- ","- ",37.0343017578125,-121.53447723388672,"SANTA CLARA",UNINCORPORATED,-121.53498077392578,37.034416198730469
91972755,2023,2023-01-20,9340,2023-01-09,"700 ",023025,,1,1,7,4313,0,1,1,,2,681,"I-680 N/B","MCKEE RD",845.00,S,N,C,-,Y,SCL,,680," ",M,2.202,H,,R,N,2,0,1,2,A,-,03,22350,,N,C,C,A,B,H,-,A,D,0,,,,,Y,,A,01,1,0,0,0,0,0,0,0,0,"- ","- ",37.365810394287109,-121.84464263916016,"SANTA CLARA","SAN JOSE",-121.84461975097656,37.365818023681641
91980397,2023,2023-05-29,9340,2023-01-19,1149,020591,,4,1,7,4313,0,1,1,,2,282,"I-280 S/B","SARATOGA AVE",853.00,N,N,A,-,Y,SCL,,280," "," ",6.199,H,,L,Y,1,1,0,1,A,-,03,22350,,N,F,A,A,A,H,-,A,D,0,,,Y,,Y,,C,02,0,0,0,0,0,0,0,1,0,"- ","- ",37.317890167236328,-121.97940063476562,"SANTA CLARA","SAN JOSE",-121.97939300537109,37.317974090576172
91980804,2022,2023-01-27,9330,2022-10-21,1430,022589,,5,2,9,4300,0,1,3,,2,052,"SR-35 S/B","CASTANEA RIDGE ROAD",1056.00,N,N,A,-,Y,,,,,,,,,,N,2,0,1,2,A,-,09,21802,A,F,D,C,A,A,H,-,A,D,0,,,Y,,Y,,-,99,1,0,0,0,0,0,0,0,1,"- ","- ",37.174530029296875,-122.09520721435547,"SANTA CLARA",UNINCORPORATED,,
91984877,2023,2023-02-02,9340,2023-01-23,"610 ",023025,,1,1,7,4313,0,1,2,,2,110,"US-101 N/B","BLOSSOM HILL RD",2471.00,N,N,A,-,Y,SCL,,101," "," ",28.802,H,,R,Y,2,0,1,1,A,-,08,22107,,N,E,I,A,A,H,-,D,D,0,,,,,Y,,A,01,1,0,0,0,0,0,0,0,0,"- ","- ",37.264041900634766,-121.80104064941406,"SANTA CLARA","SAN JOSE",-121.80091094970703,37.264068603515625
91986369,2022,2023-02-03,9330,2022-06-23,1712,022575,,4,2,5,4312,0,1,2,,2,078,"US-101 SOUTHBOUND","OREGON EXPRESSWAY",2585.00,S,N,A,-,Y,SCL,,101,,,51.500,H,,L,Y,1,1,0,2,A,-,07,21658,A,N,B,C,A,A,H,-,A,D,0,,,Y,,Y,,A,01,0,0,0,0,0,0,0,1,0,"- ","- ",37.441421508789062,-122.11525726318359,"SANTA CLARA","PALO ALTO",-122.11534118652344,37.441364288330078