CASE_ID,ACCIDENT_YEAR,PROC_DATE,JURIS,COLLISION_DATE,COLLISION_TIME,OFFICER_ID,REPORTING_DISTRICT,DAY_OF_WEEK,CHP_SHIFT,POPULATION,CNTY_CITY_LOC,SPECIAL_COND,BEAT_TYPE,CHP_BEAT_TYPE,CITY_DIVISION_LAPD,CHP_BEAT_CLASS,BEAT_NUMBER,PRIMARY_RD,SECONDARY_RD,DISTANCE,DIRECTION,INTERSECTION,WEATHER_1,WEATHER_2,STATE_HWY_IND,CALTRANS_COUNTY,CALTRANS_DISTRICT,STATE_ROUTE,ROUTE_SUFFIX,POSTMILE_PREFIX,POSTMILE,LOCATION_TYPE,RAMP_INTERSECTION,SIDE_OF_HWY,TOW_AWAY,COLLISION_SEVERITY,NUMBER_KILLED,NUMBER_INJURED,PARTY_COUNT,PRIMARY_COLL_FACTOR,PCF_CODE_OF_VIOL,PCF_VIOL_CATEGORY,PCF_VIOLATION,PCF_VIOL_SUBSECTION,HIT_AND_RUN,TYPE_OF_COLLISION,MVIW,PED_ACTION,ROAD_SURFACE,ROAD_COND_1,ROAD_COND_2,LIGHTING,CONTROL_DEVICE,CHP_ROAD_TYPE,PEDESTRIAN_ACCIDENT,BICYCLE_ACCIDENT,MOTORCYCLE_ACCIDENT,TRUCK_ACCIDENT,NOT_PRIVATE_PROPERTY,ALCOHOL_INVOLVED,STWD_VEHTYPE_AT_FAULT,CHP_VEHTYPE_AT_FAULT,COUNT_SEVERE_INJ,COUNT_VISIBLE_INJ,COUNT_COMPLAINT_PAIN,COUNT_PED_KILLED,COUNT_PED_INJURED,COUNT_BICYCLIST_KILLED,COUNT_BICYCLIST_INJURED,COUNT_MC_KILLED,COUNT_MC_INJURED,PRIMARY_RAMP,SECONDARY_RAMP,LATITUDE,LONGITUDE,COUNTY,CITY,POINT_X,POINT_Y
9199222,2020,2020-12-30,4300,2020-08-05,1517,2095,C8,3,5,5,4303,0,0,0,,0,74C5,"DE ANZA BL","MC CLELLAN RD",0.00,,Y,A,-,N,,,,,,,,,,N,2,0,1,2,A,-,12,21453,A,N,H,G,A,A,H,-,A,A,0,,Y,,,Y,,L,04,1,0,0,0,0,0,1,0,0,"- ","- ",37.316028594970703,-122.03218841552734,"SANTA CLARA",CUPERTINO,-122.03237915039062,37.315879821777344
91996439,2023,2023-02-16,9340,2023-02-08,2239,022684,,3,3,4,4307,0,1,3,,2,172,"SR-17 N/B","BLOSSOM HILL RD",1805.00,N,N,A,-,Y,SCL,,17," "," ",8.030,H,,R,Y,2,0,1,1,A,-,08,22107,,N,E,I,A,A,H,-,D,D,0,,,,,Y,,A,01,1,0,0,0,0,0,0,0,0,"- ","- ",37.239391326904297,-121.96797180175781,"SANTA CLARA","LOS GATOS",-121.96806335449219,37.239429473876953
91997061,2022,2023-02-17,9725,2022-09-18,0150,022836,,7,3,9,4300,0,1,3,,1,170,"SR-152 E/B","DINOSAUR POINT ROAD",9240.00,W,N,A,-,Y,SCL,,152,,,33.057,H,,R,Y,1,1,1,2,A,-,07,21658,A,F,B,C,A,A,H,-,D,D,0,,,,,Y,,A,01,1,0,0,0,0,0,0,0,0,"- ","- ",37.054378509521484,-121.24710083007812,"SANTA CLARA",UNINCORPORATED,-121.24712371826172,37.054405212402344
9199782,2020,2021-01-13,4300,2020-09-03,1846,2290,L4,4,5,2,4306,0,0,0,,0,81L1,"SUMMIT WOOD RD","BASSET LN",12.00,S,N,A,-,N,,,,,,,,,,N,2,0,1,1,A,-,03,22350,,N,-,A,A,A,H,-,A,D,0,,Y,,,Y,,L,04,1,0,0,0,0,0,1,0,0,"- ","- ",,,"SANTA CLARA","LOS ALTOS HILLS",-122.13501739501953,37.35357666015625
91998793,2023,2023-02-21,9725,2023-02-12,1930,022882,,7,2,9,4300,0,3,5,,2,003,"SANTA TERESA BOULEVARD","FITZGERALD AVENUE",1056.00,S,N,A,-,N,,,,,,,,,,Y,2,0,1,2,A,-,01,23152,A,N,C,C,A,A,H,-,D,D,0,,,,,Y,Y,D,22,1,0,0,0,0,0,0,0,0,"- ","- ",37.050159454345703,-121.60350036621094,"SANTA CLARA",UNINCORPORATED,-121.60389709472656,37.050907135009766
92007664,2022,2023-03-02,9340,2022-08-31,2212,022712,,3,3,5,4308,0,1,1,,2,681,"I-680 N/B","EAST CALAVERAS BOULEVARD",390.00,S,N,A,-,Y,SCL,,680,,M,7.589,H,,R,N,1,1,0,2,A,-,11,21954,A,N,G,B,E,A,H,-,C,D,0,Y,,,,Y,,N,60,0,0,0,1,0,0,0,0,0,"- ","- ",37.433990478515625,-121.88800048828125,"SANTA CLARA",MILPITAS,-121.88804626464844,37.433975219726562
9201015,2020,2021-02-24,4313,2020-12-18,1630,4650,XRAY,5,5,7,4313,0,0,0,,0,0X2,"SENTER RD","FORESTBROOK WY",0.00,,Y,A,-,N,,,,,,,,,,N,2,0,1,2,A,-,11,21955,,N,G,B,D,A,H,-,A,D,0,Y,,,,Y,,N,60,1,0,0,0,1,0,0,0,0,"- ","- ",37.171848297119141,-121.49275970458984,"SANTA CLARA","SAN JOSE",-121.82438659667969,37.283771514892578
9201389,2021,2021-03-09,4313,2021-01-09,2328,4713,DM,6,5,7,4313,0,0,0,,0,0M5,"ALUM ROCK AV","ALEXANDER AV",0.00,,Y,A,-,N,,,,,,,,,,Y,2,0,1,1,A,-,08,22107,,N,A,I,A,A,H,-,C,A,0,,,,,Y,,-,,1,0,0,0,0,0,0,0,0,"- ","- ",,,"SANTA CLARA","SAN JOSE",-121.83809661865234,37.361152648925781
92014094,2023,2023-03-09,9340,2023-02-25,1930,023059,,6,2,4,4302,0,1,3,,2,172,"SR-17 N/B","E. CAMPBELL AVENUE",234.00,S,N,A,-,Y,SCL,,17," "," ",11.777,H,,R,Y,2,0,2,5,A,-,03,22350,,N,B,2,E,A,H,-,D,D,0,Y,,,,Y,,D,22,2,0,0,0,2,0,0,0,0,"- ","- ",37.286540985107422,-121.93692779541016,"SANTA CLARA",CAMPBELL,-121.93698120117188,37.28656005859375
92016314,2023,2023-03-13,9330,2023-02-04,1905,022575,,6,2,5,4311,0,1,2,,2,078,"US-101 S/B","ELLIS STREET",2400.00,N,N,B,-,Y,SCL,,101," "," ",47.494,H,,L,Y,2,0,1,3,A,-,01,23152,A,M,B,C,A,B,H,-,C,D,0,,,,,Y,Y,A,01,1,0,0,0,0,0,0,0,0,"- ","- ",37.405990600585938,-122.05944061279297,"SANTA CLARA","MOUNTAIN VIEW",-122.05942535400391,37.406021118164062
92017317,2023,2023-03-14,9725,2023-03-07,1100,018458,,2,1,9,4300,0,1,3,,1,150,SR-152,"POLE LINE ROAD",9504.00,E,N,A,-,Y,SCL,,152," "," ",1.778,H,,R,Y,2,0,2,1,A,-,08,22107,,N,F,A,A,B,H,-,A,D,0,,,,,Y,,A,01,1,1,0,0,0,0,0,0,0,"- ","- ",36.991081237792969,-121.69393920898438,"SANTA CLARA",UNINCORPORATED,-121.69398498535156,36.991138458251953
9202070,2020,2021-02-17,4313,2020-12-09,1807,4874,XRAY,3,5,7,4313,0,0,0,,0,0X1,"SNELL AV","W CAPITOL EX",0.00,,Y,A,-,N,,,,,,,,,,N,2,0,2,3,A,-,03,22350,,F,-,B,D,A,H,-,C,A,0,Y,,,,Y,,-,,1,0,1,0,2,0,0,0,0,"- ","- ",,,"SANTA CLARA","SAN JOSE",-121.84204864501953,37.276969909667969
9202079,2020,2021-02-17,4313,2020-12-05,1136,4386,SOUTH,6,5,7,4313,0,0,0,,0,0X2,"SENTER RD","HELLYER AV",0.00,,Y,A,-,N,,,,,,,,,,Y,2,0,2,2,A,-,03,22350,,N,C,C,A,A,H,-,A,A,0,,,,,Y,Y,-,,1,0,1,0,0,0,0,0,0,"- ","- ",,,"SANTA CLARA","SAN JOSE",-121.82498931884766,37.284481048583984
9202080,2020,2021-02-17,4313,2020-12-08,0954,4505,NORA,2,5,7,4313,0,0,0,,0,0N6,"SARA AV","LATIMER AV",0.00,,Y,A,-,N,,,,,,,,,,Y,2,0,2,2,A,-,09,21801,,N,D,C,A,A,H,-,A,D,0,,,,,Y,,-,,1,1,0,0,0,0,0,0,0,"- ","- ",,,"SANTA CLARA","SAN JOSE",,
92021256,2022,2023-03-17,9340,2022-07-14,2100,022681,,4,2,9,4300,0,1,3,,2,009,SR-9,"REDWOOD GULCH RD",1421.00,S,N,A,-,Y,SCL,,9,,,2.080,H,,R,Y,1,1,0,1,A,-,08,22107,,N,E,I,A,A,H,-,D,D,0,,,,,Y,,A,01,0,0,0,0,0,0,0,0,0,"- ","- ",37.259319305419922,-122.09950256347656,"SANTA CLARA",UNINCORPORATED,-122.09951019287109,37.259365081787109
9202392,2020,2021-02-19,4313,2020-12-09,1005,3627,WESTE,3,5,7,4313,0,0,0,,0,0N1,"SOUTH DE ANZA BL","BOLLINGER RD",0.00,,Y,A,-,N,,,,,,,,,,Y,2,0,1,2,A,-,12,21453,A,N,D,G,A,A,H,-,A,A,0,,Y,,,Y,,L,04,1,0,0,0,0,0,1,0,0,"- ","- ",37.184398651123047,-122.15802001953125,"SANTA CLARA","SAN JOSE",-122.0323486328125,37.312248229980469
92027748,2023,2024-05-17,9340,2023-03-14,1555,020574,,2,2,7,4313,0,1,3,,2,087,"SR-87 N/B","BRANHAM LANE",595.00,N,N,A,-,Y,SCL,,87," "," ",0.395,H,,R,N,1,1,0,1,A,-,01,23152,A,N,E,8,A,A,H,-,A,D,0,,,,,Y,Y,A,01,0,0,0,0,0,0,0,0,0,"- ","- ",37.261409759521484,-121.85880279541016,"SANTA CLARA","SAN JOSE",-121.85846710205078,37.261402130126953
92029456,2023,2023-03-27,9725,2023-03-17,1733,022339,,5,2,9,4300,0,1,3,,1,160,"SR-152 EASTBOUND","LOVERS LANE",448.00,W,N,A,-,Y,SCL,,152," ",R,18.756,H,,R,Y,2,0,4,3,A,-,01,23152,A,N,A,C,A,A,H,-,A,D,0,,,,,Y,Y,A,08,2,1,1,0,0,0,0,0,0,"- ","- ",36.97283935546875,-121.43292999267578,"SANTA CLARA",UNINCORPORATED,-121.43292236328125,36.972846984863281
92029512,2023,2023-03-27,9340,2023-03-17,"930 ",022227,,5,1,7,4313,0,1,1,,2,089,"I-880 S/B","BROKAW RD",2300.00,N,N,A,-,Y,SCL,,880," "," ",5.789,H,,L,Y,2,0,2,4,A,-,03,22350,,N,C,2,A,A,H,-,A,D,0,,,,,Y,,A,01,1,1,0,0,0,0,0,0,0,"- ","- ",37.388591766357422,-121.90602874755859,"SANTA CLARA","SAN JOSE",-121.90601348876953,37.388591766357422
92031871,2023,2023-05-08,9725,2023-03-21,"810 ",021529,,2,1,7,4313,0,1,3,,2,085,"SR-85 S/B","COTTLE RD",3432.00,S,N,C,-,Y,SCL,,85," "," ",1.309,H,,L,Y,2,0,3,2,A,-,07,21658,A,N,B,C,A,B,H,-,A,D,0,,,,,Y,,-,"- ",2,1,0,0,0,0,0,0,0,"- ","- ",37.239841461181641,-121.79263305664062,"SANTA CLARA","SAN JOSE",-121.79263305664062,37.239833831787109
92040139,2023,2023-04-10,9330,2023-04-06,1335,023060,,4,1,5,4311,0,1,2,,2,078,"US-101 N/B","SHORELINE BOULEVARD",321.00,N,N,A,-,Y,SCL,,101," "," ",48.670,H,,R,Y,2,0,1,1,A,-,07,21658,A,N,E,I,A,A,H,-,A,D,0,,,,,Y,,A,01,1,0,0,0,0,0,0,0,0,"- ","- ",37.412418365478516,-122.07929229736328,"SANTA CLARA","MOUNTAIN VIEW",-122.07920074462891,37.412555694580078
92040983,2023,2023-04-10,9340,2023-03-29,1420,023020,,3,2,7,4313,0,1,1,,2,281,"I-280 N/B","ALMADEN AVE",530.00,S,N,A,-,Y,SCL,,280," ",R,2.105,H,,R,N,2,0,2,1,A,-,03,22350,,N,E,I,A,B,H,-,A,D,0,,,,,Y,,A,01,1,0,1,0,0,0,0,0,0,"- ","- ",37.325710296630859,-121.88511657714844,"SANTA CLARA","SAN JOSE",-121.88504028320312,37.325565338134766
92047653,2023,2023-04-18,9725,2023-04-14,1701,023192,,5,2,9,4300,0,1,3,,1,130,SR-25,"BOLSA ROAD",0.00,,Y,A,-,Y,SCL,,25," "," ",0.643,H,,R,Y,2,0,1,2,A,-,09,21802,A,N,D,C,A,A,H,-,A,A,0,,,,,Y,,A,01,1,0,0,0,0,0,0,0,0,"- ","- ",36.950668334960938,-121.52317810058594,"SANTA CLARA",UNINCORPORATED,-121.52318572998047,36.950645446777344
92049832,2023,2023-04-20,9340,2023-04-14,1400,022938,,5,2,4,4307,0,1,3,,2,172,"SR-17 S/B","LARK AVENUE",734.00,S,N,A,-,Y,SCL,,17," "," ",8.737,H,,L,Y,2,0,2,3,A,-,03,22350,,N,C,C,A,A,H,-,A,D,0,,,,,Y,,A,07,1,0,1,0,0,0,0,0,0,"- ","- ",37.247600555419922,-121.96063232421875,"SANTA CLARA","LOS GATOS",-121.96067047119141,37.247611999511719
92051538,2023,2023-04-24,9725,2023-04-17,1154,022571,,1,1,9,4300,0,1,2,,2,011,"US-101 S/B","BUENA VISTA AVE",1056.00,N,N,B,-,Y,SCL,,101," ",R,9.330,H,,L,Y,2,0,2,2,A,-,08,22107,,N,B,C,A,A,H,-,A,D,0,,,,,Y,,B,07,1,0,1,0,0,0,0,0,0,"- ","- ",37.046451568603516,-121.57916259765625,"SANTA CLARA",UNINCORPORATED,-121.57915496826172,37.046451568603516
92053482,2023,2023-04-26,9340,2023-04-14,1320,022543,,5,1,7,4313,0,3,5,,2,010,"MCKEE RD W/B","CRAGMONT AVE",0.00,,Y,A,-,N,,,,,,,,,,N,2,0,1,2,A,-,08,22107,,N,C,G,A,A,H,-,A,D,0,,Y,,,Y,,L,04,1,0,0,0,0,0,1,0,0,"- ","- ",37.377639770507812,-121.8319091796875,"SANTA CLARA","SAN JOSE",-121.83180999755859,37.377693176269531
92053527,2023,2023-04-26,9340,2023-04-14,2330,023059,,5,3,7,4313,0,1,2,,2,110,"US-101 S/B","YERBA BUENA ROAD",930.00,S,N,A,-,Y,SCL,,101," "," ",30.818,H,,L,Y,2,0,1,1,A,-,01,23152,A,N,E,8,A,A,H,-,D,D,0,,,,,Y,Y,A,01,1,0,0,0,0,0,0,0,0,"- ","- ",37.292049407958984,-121.80980682373047,"SANTA CLARA","SAN JOSE",-121.80998229980469,37.292045593261719
92057822,2022,2023-05-01,9340,2022-09-13,1505,022759,,2,2,7,4313,0,1,2,,2,110,"US-101 N/B","COYOTE RD",89.00,S,N,A,-,Y,SCL,,101,,,29.695,H,,R,Y,1,1,0,1,A,-,08,22107,,N,E,8,A,A,H,-,A,D,0,,,,,Y,,A,01,0,0,0,0,0,0,0,0,0,"- ","- ",37.276561737060547,-121.80484008789062,"SANTA CLARA","SAN JOSE",-121.80500793457031,37.276504516601562
92058091,2023,2023-05-01,9725,2023-04-06,1153,022571,,4,1,9,4300,0,1,2,,2,012,"US-101 SOUTHBOUND","MIDDLE AVENUE",1584.00,S,N,A,-,Y,SCL,,101," ",R,13.361,H,,L,Y,1,1,1,1,A,-,08,22107,,N,F,0,A,A,H,-,A,D,0,,,,,Y,,A,07,1,0,0,0,0,0,0,0,0,"- ","- ",37.100551605224609,-121.60661315917969,"SANTA CLARA",UNINCORPORATED,-121.60675811767578,37.100456237792969
92062492,2022,2023-05-05,9340,2022-11-08,1234,018508,,2,1,9,4300,0,1,3,,2,171,"SR-17 N/B","MADRONE DR",2112.00,N,N,B,C,Y,SCL,,17,,,1.596,H,,R,Y,2,0,2,4,A,-,03,22350,,N,C,4,E,B,H,-,A,A,0,Y,,,,Y,,A,07,1,1,0,0,1,0,0,0,0,"- ","- ",37.162269592285156,-121.98651885986328,"SANTA CLARA",UNINCORPORATED,-121.98654174804688,37.162212371826172
92073903,2022,2023-05-22,9340,2022-12-11,0440,022684,,7,3,7,4313,0,1,2,,2,120,"US-101 S/B","N. FIRST STREET",2700.00,S,N,C,-,Y,SCL,,101,,,38.802,H,,L,Y,1,2,0,3,A,-,11,21954,A,N,G,B,D,B,H,-,C,D,0,Y,,,,Y,Y,-,"- ",0,0,0,2,0,0,0,0,0,"- ","- ",37.368648529052734,-121.90883636474609,"SANTA CLARA","SAN JOSE",-121.90890502929688,37.368595123291016
92074417,2023,2023-05-22,9340,2023-05-10,1715,022864,,3,2,7,4313,0,1,1,,2,281,"I-280 S/B","ALMADEN AVE",70.00,N,N,A,-,Y,SCL,,280," ",R,2.222,H,,L,N,2,0,1,3,A,-,08,22107,,N,B,C,A,A,H,-,A,D,0,,,Y,,Y,,C,02,1,0,0,0,0,0,0,0,1,"- ","- ",37.324760437011719,-121.88691711425781,"SANTA CLARA","SAN JOSE",-121.88694000244141,37.324810028076172
92075415,2023,2023-05-23,9725,2023-05-11,1920,023192,,4,2,9,4300,0,2,4,,1,020,"WATSONVILLE RD","OAK GLEN AVE",233.00,S,N,A,-,N,,,,,,,,,,Y,2,0,1,1,A,-,03,22350,,N,F,A,A,A,H,-,A,D,0,,,Y,,Y,,C,02,1,0,0,0,0,0,0,0,1,"- ","- ",37.125820159912109,-121.73329162597656,"SANTA CLARA",UNINCORPORATED,-121.65584564208984,37.078693389892578
92077201,2023,2023-10-06,9340,2023-05-13,1525,022877,,6,2,7,4313,0,1,2,,2,120,"US-101 N/B","OLD OAKLAND RD.",75.00,N,N,A,-,Y,SCL,,101," "," ",37.750,H,,R,Y,2,0,3,4,A,-,08,22107,,N,C,C,A,A,H,-,A,D,0,,,,,Y,,A,01,1,2,0,0,0,0,0,0,0,"- ","- ",37.36322021484375,-121.89193725585938,"SANTA CLARA","SAN JOSE",-121.89195251464844,37.363151550292969
92077324,2023,2023-05-25,9340,2023-05-13,"920 ",020208,,6,1,7,4313,0,1,3,,2,087,"SR-87 S/B TO CAPITOL EXPRESSWAY","CAPITOL EXPRESSWAY",174.00,N,N,A,-,Y,SCL,,87," "," ",1.416,H,,L,Y,2,0,3,4,A,-,03,22350,,N,B,C,A,A,H,-,A,A,0,,,,,Y,,A,07,1,0,2,0,0,0,0,0,0,"- ","- ",37.275291442871094,-121.86379241943359,"SANTA CLARA","SAN JOSE",-121.86347198486328,37.275333404541016
92084626,2023,2023-06-02,9340,2023-05-21,1655,023170,,7,2,7,4313,0,1,1,,2,681,"I-680 S/B FROM CAPITOL EXPRESSWAY","EAST CAPITOL EXPY",282.00,N,N,A,-,Y,,,,,,,,,,N,2,0,3,2,A,-,08,22107,,N,D,C,A,A,H,-,A,D,0,,,Y,,Y,,C,06,2,1,0,0,0,0,0,0,3,"- ","- ",37.356430053710938,-121.83981323242188,"SANTA CLARA","SAN JOSE",-121.83981323242188,37.356430053710938
92085710,2023,2023-06-05,9340,2023-05-24,1750,022374,,3,2,9,4300,0,1,3,,2,009,SR-9,"HEATHER HEIGHTS RD",1753.00,N,N,A,-,Y,SCL,,9," "," ",0.801,H,,R,N,2,0,1,1,A,-,03,22350,,N,F,A,A,A,H,-,A,D,0,,Y,,,Y,,L,04,1,0,0,0,0,0,1,0,0,"- ","- ",37.260398864746094,-122.1126708984375,"SANTA CLARA",UNINCORPORATED,-122.1126708984375,37.260410308837891
92085777,2023,2023-06-05,9340,2023-05-23,1645,022374,,2,2,9,4300,0,1,3,,2,009,SR-9,"HEATHER HEIGHTS RD",2468.00,N,N,A,-,Y,SCL,,9," "," ",0.995,H,,R,Y,2,0,2,2,A,-,03,22350,,N,A,C,A,A,H,-,A,D,0,,,,,Y,,A,01,2,0,0,0,0,0,0,0,0,"- ","- ",37.260570526123047,-122.10935211181641,"SANTA CLARA",UNINCORPORATED,-122.10935974121094,37.260562896728516
92086284,2022,2023-06-05,9340,2022-12-16,0515,022660,,5,3,7,4313,0,1,2,,2,110,"US-101 S/B","MCKEE RD",515.00,N,N,A,-,Y,SCL,,101,,R,36.248,H,,L,N,1,1,0,3,A,-,11,21954,A,M,G,B,E,A,H,-,C,D,0,Y,,,,Y,,N,60,0,0,0,1,0,0,0,0,0,"- ","- ",37.355220794677734,-121.86753082275391,"SANTA CLARA","SAN JOSE",-121.86751556396484,37.355232238769531
92086352,2022,2023-06-05,9340,2022-12-10,0915,022969,,6,1,9,4300,0,1,3,,2,171,"SR-17 N/B","IDYLWILD RD",0.00,,Y,C,-,Y,SCL,,17,,,2.529,H,,R,Y,1,1,1,2,A,-,09,21802,A,N,D,C,A,B,H,-,A,A,0,,,,,Y,,A,01,0,1,0,0,0,0,0,0,0,"- ","- ",37.170101165771484,-121.98963928222656,"SANTA CLARA",UNINCORPORATED,-121.98963165283203,37.170101165771484
92086380,2022,2023-06-05,9340,2022-11-26,1543,022681,,6,2,9,4300,0,3,5,,2,020,"SAN FELIPE RD","METCALF RD",4748.00,N,N,A,-,N,,,,,,,,,,Y,1,1,1,1,A,-,01,23152,G,N,E,I,A,A,H,-,A,D,0,,,,,Y,Y,A,01,0,1,0,0,0,0,0,0,0,"- ","- ",37.256511688232422,-121.69936370849609,"SANTA CLARA",UNINCORPORATED,-121.69731903076172,37.257358551025391
92088100,2023,2023-06-07,9340,2023-05-25,1635,022686,,4,2,7,4313,0,1,2,,2,120,"US-101 N/B TO OLD BAYSHORE HWY",I-880,2440.00,N,N,A,-,Y,SCL,,101," "," ",38.784,H,,R,N,2,0,1,2,A,-,03,22350,,N,E,I,A,A,H,-,A,D,0,,,Y,,Y,,C,02,1,0,0,0,0,0,0,0,1,"- ","- ",37.368690490722656,-121.90831756591797,"SANTA CLARA","SAN JOSE",-121.90847015380859,37.368560791015625
92089003,2023,2023-06-08,9340,2023-05-26,1230,020591,,5,1,9,4300,0,1,3,,2,131,SR-130,"LICK OBSERVATORY",11088.00,E,N,A,-,N,,,,,,,,,,N,2,0,1,1,A,-,03,22350,,N,E,I,A,A,H,-,A,D,0,,Y,,,Y,,L,04,1,0,0,0,0,0,1,0,0,"- ","- ",37.349781036376953,-121.60018920898438,"SANTA CLARA",UNINCORPORATED,,
92089622,2023,2023-06-08,9330,2023-06-03,"917 ",023039,,6,1,2,4306,0,3,5,,2,073,"PAGE MILL ROAD W/B","MOODY ROAD",426.00,W,N,A,-,Y,,,,,,,,,,N,2,0,1,1,A,-,08,22107,,N,A,I,A,A,H,-,A,D,0,,Y,,,Y,,L,04,1,0,0,0,0,0,1,0,0,"- ","- ",37.360889434814453,-122.17156982421875,"SANTA CLARA","LOS ALTOS HILLS",-122.17153167724609,37.360874176025391
92090312,2023,2023-07-18,9340,2023-06-01,1710,015825,,4,2,7,4313,0,1,1,,2,089,"I-880 S/B","MONTAGUE EXPRESSWAY",2178.00,S,N,A,-,Y,SCL,,880," "," ",6.280,H,,L,N,2,0,1,2,A,-,03,22350,,N,C,C,A,A,H,-,A,D,0,,,Y,,Y,,C,02,1,0,0,0,0,0,0,0,1,"- ","- ",37.395519256591797,-121.90762329101562,"SANTA CLARA","SAN JOSE",-121.90763854980469,37.395519256591797
92090476,2022,2023-06-09,9330,2022-12-31,0155,022735,,6,3,5,4311,0,1,3,,2,076,"STATE ROUTE 85 NORTHBOUND","STATE ROUTE 237 EASTBOUND",120.00,S,N,C,G,Y,SCL,,85,,R,22.131,H,,R,Y,1,1,1,2,A,-,01,23152,A,N,A,C,A,B,H,-,D,D,0,,,,,Y,Y,A,01,1,0,0,0,0,0,0,0,0,"- ","- ",37.383781433105469,-122.06816101074219,"SANTA CLARA","MOUNTAIN VIEW",-122.06815338134766,37.383781433105469
92093460,2023,2023-06-14,9330,2023-06-08,1123,022768,,4,1,5,4311,0,1,3,,2,076,"SR-85 N/B","MOFFETT BOULEVARD",100.00,N,N,A,-,Y,SCL,,85," ",R,23.483,H,,R,Y,2,0,1,3,A,-,03,22350,,N,C,C,A,A,H,-,A,D,0,,,,,Y,,A,01,1,0,0,0,0,0,0,0,0,"- ","- ",37.403369903564453,-122.06977844238281,"SANTA CLARA","MOUNTAIN VIEW",-122.06977081298828,37.403369903564453
92094696,2023,2023-06-15,9340,2023-06-04,"256 ",023026,,7,3,9,4300,0,1,S,,2,904,"I-880 N/B TO US-101 N/B","US-101 N/B",250.00,S,N,A,-,Y,SCL,,880," "," ",3.951,H,,R,Y,2,0,3,2,A,-,08,22107,,N,B,2,A,A,H,-,C,D,0,,,,,Y,,A,01,1,0,2,0,0,0,0,0,0,"- ","- ",37.362449645996094,-121.90274810791016,"SANTA CLARA",UNINCORPORATED,-121.90283966064453,37.362499237060547
92095689,2023,2023-06-16,9725,2023-05-01,"358 ",022827,,1,3,9,4300,0,1,3,,1,160,"STATE ROUTE 152","BLOOMFIELD AVENUE",413.00,W,N,A,-,Y,SCL,,152," "," ",14.818,H,,R,N,1,1,0,1,A,-,08,22107,,N,E,I,A,A,H,-,D,D,0,,,,,Y,,A,01,0,0,0,0,0,0,0,0,0,"- ","- ",36.989059448242188,-121.49223327636719,"SANTA CLARA",UNINCORPORATED,-121.49220275878906,36.989109039306641
92097285,2023,2023-06-19,9340,2023-06-11,1605,022803,,7,2,9,4300,0,1,3,,2,171,"SR-17 N/B","THE CATS",1290.00,S,N,A,-,Y,SCL,,17," "," ",5.644,H,,R,Y,2,0,1,2,A,-,03,22350,,N,C,C,A,A,H,-,A,D,0,,,Y,,Y,,C,02,1,0,0,0,0,0,0,0,1,"- ","- ",37.211471557617188,-121.9893798828125,"SANTA CLARA",UNINCORPORATED,-121.9893798828125,37.211467742919922
92100293,2023,2023-06-22,9340,2023-06-13,1715,022685,,2,2,5,4303,0,1,1,,2,282,"I-280 S/B","STEVENS CREEK BLVD",2190.00,N,N,A,-,Y,SCL,,280," "," ",7.951,H,,L,Y,2,0,1,2,A,-,03,22350,,N,C,2,A,A,H,-,A,D,0,,,Y,,Y,,C,02,1,0,0,0,0,0,0,0,1,"- ","- ",37.3271484375,-122.00791168212891,"SANTA CLARA",CUPERTINO,-122.00796508789062,37.327083587646484
92100748,2023,2023-06-23,9340,2023-06-17,"555 ",022659,,6,3,6,4316,0,1,3,,2,220,"SR-237 WB","FAIR OAKS AVE",1536.00,W,N,A,-,Y,SCL,,237," ",R,3.657,H,,L,Y,2,0,1,1,A,-,08,22107,,N,E,I,A,A,H,-,A,D,0,,,,,Y,,A,01,1,0,0,0,0,0,0,0,0,"- ","- ",37.405689239501953,-122.01528930664062,"SANTA CLARA",SUNNYVALE,-122.0152587890625,37.405612945556641
92101009,2023,2023-06-23,9340,2023-06-13,1230,022864,,2,1,9,4300,0,1,3,,2,131,SR-130,"KEPLER PEAK RD",5000.00,E,N,A,-,Y,,,,,,,,,,N,2,0,1,1,A,-,08,22107,,N,F,A,A,A,H,-,A,D,0,,,Y,,Y,,C,02,1,0,0,0,0,0,0,0,1,"- ","- ",37.350269317626953,-121.62069702148438,"SANTA CLARA",UNINCORPORATED,,