CASE_ID,ACCIDENT_YEAR,PROC_DATE,JURIS,COLLISION_DATE,COLLISION_TIME,OFFICER_ID,REPORTING_DISTRICT,DAY_OF_WEEK,CHP_SHIFT,POPULATION,CNTY_CITY_LOC,SPECIAL_COND,BEAT_TYPE,CHP_BEAT_TYPE,CITY_DIVISION_LAPD,CHP_BEAT_CLASS,BEAT_NUMBER,PRIMARY_RD,SECONDARY_RD,DISTANCE,DIRECTION,INTERSECTION,WEATHER_1,WEATHER_2,STATE_HWY_IND,CALTRANS_COUNTY,CALTRANS_DISTRICT,STATE_ROUTE,ROUTE_SUFFIX,POSTMILE_PREFIX,POSTMILE,LOCATION_TYPE,RAMP_INTERSECTION,SIDE_OF_HWY,TOW_AWAY,COLLISION_SEVERITY,NUMBER_KILLED,NUMBER_INJURED,PARTY_COUNT,PRIMARY_COLL_FACTOR,PCF_CODE_OF_VIOL,PCF_VIOL_CATEGORY,PCF_VIOLATION,PCF_VIOL_SUBSECTION,HIT_AND_RUN,TYPE_OF_COLLISION,MVIW,PED_ACTION,ROAD_SURFACE,ROAD_COND_1,ROAD_COND_2,LIGHTING,CONTROL_DEVICE,CHP_ROAD_TYPE,PEDESTRIAN_ACCIDENT,BICYCLE_ACCIDENT,MOTORCYCLE_ACCIDENT,TRUCK_ACCIDENT,NOT_PRIVATE_PROPERTY,ALCOHOL_INVOLVED,STWD_VEHTYPE_AT_FAULT,CHP_VEHTYPE_AT_FAULT,COUNT_SEVERE_INJ,COUNT_VISIBLE_INJ,COUNT_COMPLAINT_PAIN,COUNT_PED_KILLED,COUNT_PED_INJURED,COUNT_BICYCLIST_KILLED,COUNT_BICYCLIST_INJURED,COUNT_MC_KILLED,COUNT_MC_INJURED,PRIMARY_RAMP,SECONDARY_RAMP,LATITUDE,LONGITUDE,COUNTY,CITY,POINT_X,POINT_Y
92113679,2023,2023-07-11,9725,2023-07-05,"25  ",023192,,3,3,9,4300,0,1,3,,1,150,"SR-152 E/B","BELLA VISTA LN",53.00,E,N,A,-,Y,SCR,,152," "," ",7.662,H,,R,Y,2,0,1,1,A,-,08,22107,,N,E,I,A,A,H,-,D,D,0,,,,,Y,,A,01,1,0,0,0,0,0,0,0,0,"- ","- ",36.990489959716797,-121.71315765380859,"SANTA CLARA",UNINCORPORATED,-121.7132568359375,36.990474700927734
92113811,2023,2023-07-11,9340,2023-06-30,"840 ",022598,,5,1,7,4313,0,1,3,,2,240,"SR-237 W/B","ZANKER RD",1885.00,W,N,A,-,Y,SCL,,237," "," ",7.621,H,,L,Y,2,0,1,1,A,-,08,22107,,N,E,I,A,A,H,-,A,D,0,,,,,Y,,A,01,1,0,0,0,0,0,0,0,0,"- ","- ",37.419368743896484,-121.94645690917969,"SANTA CLARA","SAN JOSE",-121.94645690917969,37.419460296630859
92115098,2023,2023-07-20,9340,2023-06-04,1845,023161,,7,2,7,4313,0,1,1,,2,681,"I-680 S/B","KING RD",1953.00,N,N,A,-,Y,SCL,,680," ",M,0.815,H,,L,Y,2,0,7,5,A,-,07,21658,A,F,B,2,E,A,H,-,A,D,0,Y,,,,Y,,A,01,1,6,0,0,2,0,0,0,0,"- ","- ",37.347698211669922,-121.84127044677734,"SANTA CLARA","SAN JOSE",-121.84121704101562,37.34765625
9211526,2020,2021-11-24,4316,2020-12-09,2336,10452,51,3,5,6,4316,0,0,0,,0,005,"RT 82","BERNARDO AV",0.00,,Y,A,-,Y,SCL,4,82,-,-,18.142,I,5,S,N,1,1,0,2,A,-,11,21461,5,F,G,B,B,A,H,-,C,A,0,Y,,,,Y,Y,N,60,0,0,0,1,0,0,0,0,0,"- ","- ",37.373851776123047,-122.05629730224609,"SANTA CLARA",SUNNYVALE,-122.05630493164062,37.373794555664062
9211530,2020,2021-01-28,4314,2020-09-21,1940,D3648,,1,5,6,4314,0,0,0,,0,004,"MONROE ST","FRANCIS AV",39.00,E,N,A,-,N,,,,,,,,,,Y,1,1,0,1,A,-,03,22350,,N,E,I,A,A,H,-,C,D,0,,,,,Y,,A,01,0,0,0,0,0,0,0,0,0,"- ","- ",37.363399505615234,-121.98072052001953,"SANTA CLARA","SANTA CLARA",-121.98117065429688,37.363674163818359
92116142,2023,2023-07-13,9725,2023-05-22,2136,022571,,1,2,9,4300,0,1,3,,1,170,"SR-152 WESTBOUND","DINOSAUR POINT RD",15312.00,W,N,B,-,Y,SCL,,152," "," ",31.834,H,,L,Y,1,1,2,2,C,-,18,,,N,D,C,A,A,H,-,D,D,0,,,,,Y,,-,"- ",2,0,0,0,0,0,0,0,0,"- ","- ",37.044868469238281,-121.26447296142578,"SANTA CLARA",UNINCORPORATED,-121.26446533203125,37.044879913330078
9211632,2020,2021-02-18,4304,2020-07-25,2340,D07820,4304,6,5,4,4304,0,0,0,,0,001,"10TH ST",EIGLEBERRY,16.00,W,N,A,-,N,,,,,,,,,,N,1,1,0,2,A,-,11,21954,A,F,G,B,D,A,H,-,C,D,0,Y,,,,Y,,-,99,0,0,0,1,0,0,0,0,0,"- ","- ",,,"SANTA CLARA",GILROY,-121.56700134277344,36.999984741210938
9211683,2020,2021-03-09,4312,2020-11-05,1038,8069,4312,4,5,5,4312,0,0,0,,0,002,"WAVERLEY ST","LYTTON AV",12.00,S,N,A,-,N,,,,,,,,,,Y,1,1,0,2,A,-,17,21451,A,N,-,B,B,A,H,-,A,A,0,Y,,,,Y,,A,01,0,0,0,1,0,0,0,0,0,"- ","- ",,,"SANTA CLARA","PALO ALTO",-122.16162872314453,37.447879791259766
92117598,2023,2023-07-17,9340,2023-07-04,2245,022819,,2,3,7,4313,0,1,3,,2,083,"SR-85 S/B","BLOSSOM HILL RD",2191.00,N,N,A,-,Y,SCL,,85," "," ",4.371,H,,L,Y,2,0,8,2,A,-,03,22350,,N,B,8,A,A,H,-,D,D,0,,,,,Y,,A,01,1,1,6,0,0,0,0,0,0,"- ","- ",37.254009246826172,-121.84374237060547,"SANTA CLARA","SAN JOSE",-121.84378814697266,37.253948211669922
9211872,2020,2021-04-28,4313,2020-04-26,1038,4777,20-11,7,5,7,4313,0,0,0,,0,0P1,"TULLY RD","SOUTH KING RD",0.00,,Y,A,-,N,,,,,,,,,,Y,1,1,0,2,A,-,11,21955,,N,G,B,D,A,H,-,C,A,0,Y,,,,Y,,N,60,0,0,0,1,0,0,0,0,0,"- ","- ",,,"SANTA CLARA","SAN JOSE",-121.82598114013672,37.322441101074219
9211874,2020,2021-04-28,4313,2020-09-27,0816,4628,MARY,7,5,7,4313,0,0,0,,0,0M5,"ALUM ROCK AV","ALEXANDER AV",0.00,,Y,A,-,N,,,,,,,,,,Y,1,2,0,2,A,-,00,23103,A,N,D,C,A,A,H,-,A,A,0,,,,,Y,,-,,0,0,0,0,0,0,0,0,0,"- ","- ",37.214000701904297,-121.50167846679688,"SANTA CLARA","SAN JOSE",-121.83809661865234,37.361148834228516
9211876,2020,2021-04-28,4313,2020-12-06,0316,4759,CHARL,7,5,7,4313,0,0,0,,0,003,"STORY RD","SOUTH KING RD",150.00,E,N,A,-,N,,,,,,,,,,Y,1,1,2,1,A,-,03,22350,,N,E,I,A,A,H,-,C,A,0,,,,,Y,,-,,2,0,0,0,0,0,0,0,0,"- ","- ",37.202369689941406,-121.50350189208984,"SANTA CLARA","SAN JOSE",-121.84283447265625,37.340202331542969
92119587,2023,2023-07-18,9725,2023-07-10,"555 ",021665,,1,3,9,4300,0,1,3,,1,130,"SR-25 N/B","US-101 N/B TO SR-25",0.00,,Y,A,-,Y,SCL,,25," "," ",2.365,H,,R,Y,2,0,3,2,A,-,09,21802,A,N,D,C,A,A,H,-,A,D,0,,,,,Y,,A,01,1,2,0,0,0,0,0,0,0,"- ","- ",36.962120056152344,-121.54824829101562,"SANTA CLARA",UNINCORPORATED,-121.54824829101562,36.96209716796875
92120661,2023,2023-07-19,9725,2023-07-10,2140,023169,,1,2,9,4300,0,3,5,,2,001,"SAN FELIPE RD SOUTHBOUND","METCALF RD",1320.00,N,N,A,-,N,,,,,,,,,,Y,2,0,2,1,A,-,03,22350,,N,F,I,A,A,H,-,D,D,0,,,,,Y,,A,01,2,0,0,0,0,0,0,0,0,"- ","- ",37.252861022949219,-121.68843841552734,"SANTA CLARA",UNINCORPORATED,-121.68828582763672,37.252765655517578
92121826,2023,2023-07-20,9340,2023-07-09,"950 ",023222,,7,1,9,4300,0,1,2,,2,110,"SR-130 (MOUNT HAMILTON RD)","KINCAID RD",3097.00,W,N,A,-,Y,SCL,,130," "," ",15.136,H,,R,N,2,0,1,1,A,-,03,22350,,N,F,A,A,A,H,-,A,D,0,,Y,,,Y,,L,04,1,0,0,0,0,0,1,0,0,"- ","- ",37.329391479492188,-121.67706298828125,"SANTA CLARA",UNINCORPORATED,-121.67705535888672,37.329391479492188
92122180,2023,2023-07-20,9725,2023-07-18,1313,022111,,2,1,9,4300,0,3,5,,2,001,"ROOP ROAD","LEAVESLEY ROAD",528.00,N,N,A,-,N,,,,,,,,,,N,1,1,0,1,C,-,18,,,N,H,J,A,A,H,-,A,D,0,,Y,,,Y,,-,"- ",0,0,0,0,0,1,0,0,0,"- ","- ",37.060791015625,-121.52072906494141,"SANTA CLARA",UNINCORPORATED,-121.52020263671875,37.060070037841797
9212353,2020,2021-03-04,4312,2020-12-29,0224,7190,,2,5,5,4312,0,0,0,,0,001,"RT 82","QUARRY RD",261.00,N,N,A,-,Y,SCL,4,82,-,-,26.110,H,-,S,N,2,0,1,2,A,-,11,21950,B,N,G,-,E,A,H,-,C,D,0,Y,,,,Y,Y,N,60,1,0,0,0,1,0,0,0,0,"- ","- ",,,"SANTA CLARA","PALO ALTO",-122.16829681396484,37.444129943847656
92125124,2023,2023-07-25,9340,2023-01-14,"100 ",022825,,6,3,7,4313,0,1,2,,2,120,"US-101 N/B","N. FIRST ST",442.00,S,N,B,C,Y,SCL,,101," "," ",39.210,H,,R,Y,1,1,0,2,A,-,08,22107,,N,B,2,A,B,H,-,C,D,0,,,,,Y,Y,A,01,0,0,0,0,0,0,0,0,0,"- ","- ",37.371509552001953,-121.91549682617188,"SANTA CLARA","SAN JOSE",-121.91549682617188,37.371517181396484
92126559,2023,2023-07-26,9330,2023-07-11,"805 ",023256,,2,1,5,4311,0,1,2,,2,078,"US-101 N/B","SAN ANTONIO ROAD",528.00,S,N,A,-,Y,SCL,,101," "," ",50.068,H,,R,N,2,0,1,2,A,-,08,22107,,N,B,C,A,A,H,-,A,D,0,,,Y,,Y,,C,02,1,0,0,0,0,0,0,0,1,"- ","- ",37.425609588623047,-122.09850311279297,"SANTA CLARA","MOUNTAIN VIEW",-122.09842681884766,37.425662994384766
9212956,2020,2021-02-09,4308,2020-12-16,1615,279,,3,5,5,4308,0,0,0,,0,001,"RT 237","N ABEL ST",213.00,W,N,B,-,Y,SCL,4,237,-,T,9.830,H,-,W,Y,2,0,3,2,A,-,08,22107,,N,A,C,A,A,H,-,A,D,0,,,,,Y,,A,07,1,2,0,0,0,0,0,0,0,"- ","- ",37.430248260498047,-121.90894317626953,"SANTA CLARA",MILPITAS,-121.90970611572266,37.4296875
92130972,2023,2023-07-28,9330,2023-07-18,"559 ",022774,,2,3,9,4300,0,3,5,,2,071,"CAMPUS DRIVE","QUARRY ROAD",0.00,,Y,A,-,N,,,,,,,,,,N,2,0,1,2,A,-,12,22450,A,N,D,J,A,A,H,-,B,A,0,,,,,Y,,A,07,1,0,0,0,0,0,0,0,0,"- ","- ",37.434299468994141,-122.17240905761719,"SANTA CLARA",UNINCORPORATED,-122.17266845703125,37.434211730957031
92133090,2023,2023-08-01,9725,2023-07-28,"650 ",021321,,5,1,9,4300,0,3,5,,2,001,"MAPLE AVENUE","SYCAMORE AVENUE",0.00,,Y,A,-,N,,,,,,,,,,N,2,0,1,2,A,-,09,21802,A,N,D,C,A,A,H,-,A,D,0,,,Y,,Y,,D,22,1,0,0,0,0,0,0,0,1,"- ","- ",37.114459991455078,-121.61086273193359,"SANTA CLARA",UNINCORPORATED,-121.61083984375,37.114433288574219
92142771,2023,2023-08-14,9330,2023-08-10,1615,023011,,4,2,5,4311,0,1,2,,2,078,"US-101 N/B","ELLIS ST",1056.00,N,N,A,-,Y,SCL,,101," "," ",47.223,H,,R,N,2,0,2,1,A,-,03,22350,,N,E,I,A,A,H,-,A,D,0,,,Y,,Y,,C,02,2,0,0,0,0,0,0,0,2,"- ","- ",37.405078887939453,-122.0546875,"SANTA CLARA","MOUNTAIN VIEW",-122.05466461181641,37.405139923095703
92146708,2023,2023-08-17,9340,2023-08-04,2025,022938,,5,2,7,4313,0,1,1,,2,281,"I-280 N/B","LINCOLN AVENUE",1380.00,S,N,A,-,Y,SCL,,280," ",R,3.249,H,,R,Y,2,0,2,2,A,-,01,23152,A,N,B,2,A,A,H,-,D,D,0,,,,,Y,Y,A,07,2,0,0,0,0,0,0,0,0,"- ","- ",37.31842041015625,-121.90300750732422,"SANTA CLARA","SAN JOSE",-121.90298461914062,37.318397521972656
9214803,2020,2021-02-03,4300,2020-11-15,2035,2349,S8,7,5,4,4315,0,0,0,,0,81C5,"COX AV","PASEO PRESADA",8.00,W,N,A,-,N,,,,,,,,,,N,2,0,1,1,B,-,22,,,N,H,A,A,A,H,-,C,A,0,,Y,,,Y,,L,04,1,0,0,0,0,0,1,0,0,"- ","- ",37.280490875244141,-121.99833679199219,"SANTA CLARA",SARATOGA,-121.99832916259766,37.280570983886719
92148075,2023,2023-08-21,9340,2023-07-30,1244,023222,,7,1,9,4300,0,3,5,,2,010,"MINES RD","TURNER GULCH RD",422.00,N,N,A,-,N,,,,,,,,,,Y,2,0,1,1,A,-,03,22350,,N,E,J,A,A,B,-,A,D,0,,,Y,,Y,,C,02,1,0,0,0,0,0,0,0,1,"- ","- ",37.469329833984375,-121.52182006835938,"SANTA CLARA",UNINCORPORATED,,
9214815,2020,2021-02-03,4300,2020-11-26,1136,2095,L3,4,5,2,4306,0,0,0,,0,74C5,"PAGE MILL RD","PASEO DEL ROBLE S",56.00,N,N,A,-,N,,,,,,,,,,N,2,0,1,1,C,-,18,,,N,H,H,A,A,H,-,A,D,0,,Y,,,Y,,-,"- ",1,0,0,0,0,0,1,0,0,"- ","- ",37.376499176025391,-122.16603851318359,"SANTA CLARA","LOS ALTOS HILLS",-122.16597747802734,37.376571655273438
92148685,2023,2023-08-21,9340,2023-08-08,1810,022685,,2,2,6,4316,0,1,2,,2,120,"US-101 S/B","FAIR OAKS AVENUE",2530.00,S,N,A,-,Y,SCL,,101," "," ",44.340,H,,L,N,2,0,1,6,A,-,01,23152,F,N,C,C,A,A,H,-,A,D,0,,,,,Y,,A,01,1,0,0,0,0,0,0,0,0,"- ","- ",37.393459320068359,-122.00433349609375,"SANTA CLARA",SUNNYVALE,-122.00431823730469,37.393489837646484
9215482,2021,2021-03-12,4316,2021-01-05,2012,13828,61,2,5,6,4316,0,0,0,,0,006,"REMINGTON DR","MANET DR",308.00,E,N,A,-,N,,,,,,,,,,Y,2,0,1,2,-,-,"- ",,,N,G,B,E,A,H,-,C,D,0,Y,,,,Y,,-,"- ",1,0,0,0,1,0,0,0,0,"- ","- ",37.359199523925781,-122.02778625488281,"SANTA CLARA",SUNNYVALE,-122.0267333984375,37.359283447265625
92157594,2023,2023-08-29,9340,2023-08-19,"245 ",023175,,6,3,7,4313,0,1,3,,2,087,"SR-87 N/B","WEST VIRGINIA ST",282.00,N,N,A,-,Y,SCL,,87," "," ",4.919,H,,R,N,2,0,1,1,A,-,08,22107,,N,E,I,A,A,H,-,D,D,0,,,,,Y,,A,01,1,0,0,0,0,0,0,0,0,"- ","- ",37.320728302001953,-121.89034271240234,"SANTA CLARA","SAN JOSE",-121.89028167724609,37.320747375488281
92159454,2023,2023-08-31,9725,2023-08-24,1330,023370,,4,1,9,4300,0,1,3,,1,160,"SR-152 W/B","LAKE RD.",10560.00,E,N,A,-,N,,,,,,,,,,Y,2,0,4,2,A,-,08,22107,,N,A,C,A,A,H,-,A,D,0,,,,,Y,,A,01,2,2,0,0,0,0,0,0,0,"- ","- ",36.983428955078125,-121.46592712402344,"SANTA CLARA",UNINCORPORATED,-121.46591186523438,36.983386993408203
92159766,2023,2023-08-31,9340,2023-08-20,"820 ",023056,,7,1,7,4313,0,1,1,,2,088,"I-880 S/B TO BASCOME AVE","BASCOM AVE",242.00,N,N,A,-,Y,SCL,,880," "," ",1.324,H,,L,Y,2,0,1,1,A,-,03,22350,,N,E,I,A,A,H,-,A,D,0,,,,,Y,,A,01,1,0,0,0,0,0,0,0,0,"- ","- ",37.335220336914062,-121.93589782714844,"SANTA CLARA","SAN JOSE",-121.93569183349609,37.335052490234375
92167509,2023,2023-09-11,9340,2023-08-28,2110,022868,,1,2,7,4313,0,1,3,,2,087,"SR-87 N/B TO I-280 S/B",I-280,605.00,S,N,A,-,Y,,,,,,,,,,Y,2,0,2,2,A,-,03,22350,,N,C,C,A,A,H,-,C,D,0,,,,,Y,,A,01,1,0,1,0,0,0,0,0,0,"- ","- ",37.322280883789062,-121.89025115966797,"SANTA CLARA","SAN JOSE",-121.89025115966797,37.322280883789062
92173314,2023,2023-09-19,9340,2023-09-02,1750,020684,,6,2,9,4300,0,1,3,,2,009,SR-9,"REDWOOD GULCH RD",2460.00,S,N,A,-,Y,SCL,,9," "," ",2.507,H,,R,Y,2,0,2,2,A,-,05,21460,A,N,A,C,A,A,H,-,A,D,0,,,,,Y,,A,01,1,0,1,0,0,0,0,0,0,"- ","- ",37.26123046875,-122.10111999511719,"SANTA CLARA",UNINCORPORATED,-122.10112762451172,37.261226654052734
92174767,2023,2023-09-20,9340,2023-03-22,2354,022877,,3,3,5,4308,0,1,1,,2,089,"I-880 S/B",SR-237,808.00,N,N,A,-,Y,SCL,,880," "," ",8.586,H,,L,Y,1,1,0,1,A,-,08,22107,,N,E,8,A,A,H,-,C,D,0,,,,,Y,,D,22,0,0,0,0,0,0,0,0,0,"- ","- ",37.427810668945312,-121.91786956787109,"SANTA CLARA",MILPITAS,-121.917724609375,37.427860260009766
92179646,2023,2023-09-26,9340,2023-09-09,"236 ",023246,,6,3,7,4313,0,1,2,,2,110,"US-101 S/B","CAPITOL EXPY",2662.00,N,N,A,-,Y,SCL,,101," "," ",32.211,H,,L,Y,2,0,1,2,A,-,01,23152,A,N,C,C,A,A,H,-,C,D,0,,,,,Y,Y,A,07,1,0,0,0,0,0,0,0,0,"- ","- ",37.308921813964844,-121.82260131835938,"SANTA CLARA","SAN JOSE",-121.82256317138672,37.308940887451172
92180315,2023,2024-01-10,9725,2023-08-09,1231,019331,,3,1,9,4300,0,1,2,,2,011,"US-101 S/B","E. SAN MARTIN AVE",1832.00,S,N,A,-,Y,SCL,,101," ",R,12.111,H,,L,N,1,1,0,3,A,-,08,22107,,N,G,B,E,A,H,-,A,D,0,Y,,,Y,Y,,F,26,0,0,0,1,0,0,0,0,0,"- ","- ",37.084121704101562,-121.59709167480469,"SANTA CLARA",UNINCORPORATED,-121.59700012207031,37.084152221679688
92182467,2023,2023-09-28,9340,2023-09-17,2253,023222,,7,3,6,4316,0,1,2,,2,120,"US-101 S/B","FAIR OAKS AVE",1557.00,S,N,A,-,Y,SCL,,101," "," ",44.542,H,,L,Y,2,0,1,3,A,-,03,22350,,N,C,C,A,A,H,-,C,D,0,,,,,Y,,A,07,1,0,0,0,0,0,0,0,0,"- ","- ",37.394500732421875,-122.00778961181641,"SANTA CLARA",SUNNYVALE,-122.0078125,37.394435882568359
92184962,2023,2023-10-02,9340,2023-09-17,1650,022247,,7,2,9,4300,0,1,3,,2,171,"SR-17 N/B","LOS GATOS SARATOGA RD",199.00,S,N,A,-,Y,SCL,,17," "," ",7.028,H,,R,N,2,0,1,2,A,-,07,21658,A,N,C,C,A,A,H,-,A,D,0,,,Y,,Y,,A,01,1,0,0,0,0,0,0,0,1,"- ","- ",37.226081848144531,-121.97547149658203,"SANTA CLARA",UNINCORPORATED,-121.9754638671875,37.226078033447266
9219125,2021,2021-03-10,4313,2021-01-28,1809,4814,ADAM,4,5,7,4313,0,0,0,,0,004,"SANTA TERESA BL","SUMMERBROOK LN",0.00,,Y,C,-,N,,,,,,,,,,N,2,0,1,2,A,-,11,21456,B,N,G,B,B,B,H,-,C,A,0,Y,,,,Y,,N,60,1,0,0,0,1,0,0,0,0,"- ","- ",,,"SANTA CLARA","SAN JOSE",-121.85948944091797,37.247417449951172
92197107,2023,2023-10-12,9340,2023-09-30,1815,023024,,6,2,7,4313,0,1,2,,2,110,"US-101 S/B","STORY RD",1661.00,S,N,A,-,Y,SCL,,101," "," ",34.221,H,,L,N,2,0,1,1,A,-,03,22350,,N,F,A,A,A,H,-,A,D,0,,,Y,,Y,,C,02,1,0,0,0,0,0,0,0,1,"- ","- ",37.332111358642578,-121.84478759765625,"SANTA CLARA","SAN JOSE",-121.8448486328125,37.332069396972656
92200293,2023,2023-10-16,9725,2023-08-31,1311,021529,,4,1,9,4300,0,2,4,,1,019,"MONTEREY HWY","HIGHLAND AVE",0.00,,Y,A,-,N,,,,,,,,,,Y,1,1,1,2,A,-,09,21453,C,N,D,C,A,A,H,-,A,A,0,,,,,Y,,D,22,0,1,0,0,0,0,0,0,0,"- ","- ",37.074470520019531,-121.60426330566406,"SANTA CLARA",UNINCORPORATED,-121.60420227050781,37.074508666992188
92205997,2023,2023-10-23,9725,2023-09-27,1900,022608,,3,2,9,4300,0,1,2,,2,013,"US-101 SOUTHBOUND","COYOTE CREEK GOLF DRIVE",6864.00,S,N,A,-,Y,SCL,,101," ",R,20.011,H,,L,Y,1,1,0,2,A,-,03,22350,,N,C,C,A,A,H,-,B,D,0,,,Y,,Y,,C,02,0,0,0,0,0,0,0,1,0,"- ","- ",37.177078247070312,-121.67828369140625,"SANTA CLARA",UNINCORPORATED,-121.67829132080078,37.177074432373047
9221013,2021,2021-03-25,4313,2021-02-06,0052,4576,WILLI,6,5,7,4313,0,0,0,,0,0W4,"MCKEE RD","MCKEE 2811",0.00,,Y,A,-,,,,,,,,,,,Y,2,0,2,2,A,-,08,22107,,N,A,-,A,A,H,-,C,D,0,,,,,Y,Y,-,,1,0,1,0,0,0,0,0,0,"- ","- ",,,"SANTA CLARA","SAN JOSE",,
9221028,2021,2021-03-26,4313,2021-02-06,1936,4729,DE,6,5,7,4313,0,0,0,,0,0E4,"S 14TH ST","E REED ST",0.00,,Y,A,-,N,,,,,,,,,,,2,0,1,2,A,-,03,22350,A,F,G,B,D,A,H,-,C,A,0,Y,,,,Y,,-,,1,0,0,0,1,0,0,0,0,"- ","- ",,,"SANTA CLARA","SAN JOSE",-121.87043762207031,37.333457946777344
9221037,2021,2021-03-26,4313,2021-02-06,1545,4808,PAUL,6,5,7,4313,0,0,0,,0,0P2,"S WHITE RD","SYLVAN DR",0.00,,Y,A,-,N,,,,,,,,,,Y,2,0,1,2,A,-,12,22450,A,N,D,C,A,A,H,-,A,A,0,,,,,Y,,-,"- ",1,0,0,0,0,0,0,0,0,"- ","- ",37.203380584716797,-121.48249816894531,"SANTA CLARA","SAN JOSE",-121.80702972412109,37.342628479003906
92224128,2023,2023-10-31,9340,2023-10-19,1805,023024,,4,2,7,4313,0,1,2,,2,110,"US-101 N/B","STORY RD",3098.00,S,N,A,-,Y,SCL,,101," "," ",33.935,H,,R,Y,2,0,1,2,A,-,08,22107,,F,E,C,A,A,H,-,A,D,0,,,,,Y,,-,99,1,0,0,0,0,0,0,0,0,"- ","- ",37.328941345214844,-121.84140777587891,"SANTA CLARA","SAN JOSE",-121.84137725830078,37.328960418701172
92225183,2023,2023-11-01,9340,2023-10-19,2020,023402,,4,2,7,4313,0,1,1,,2,088,"I-880 N/B","STEVENS CREEK BLVD",1690.00,N,N,A,-,Y,SCL,,880," "," ",0.746,H,,R,Y,2,0,2,2,A,-,03,22350,,N,C,D,A,A,H,-,C,D,0,,,,Y,Y,,F,26,1,1,0,0,0,0,0,0,0,"- ","- ",37.328140258789062,-121.94069671630859,"SANTA CLARA","SAN JOSE",-121.94073486328125,37.328140258789062
92233117,2023,2023-11-13,9340,2023-02-19,"420 ",022968,,7,3,7,4313,0,1,2,,2,110,"US-101 N/B","STORY RD",1490.00,S,N,A,-,Y,SCL,,101," "," ",34.259,H,,R,Y,1,1,0,2,A,-,03,22350,,N,D,C,A,A,C,-,E,D,0,,,,,Y,,A,01,0,0,0,0,0,0,0,0,0,"- ","- ",37.332679748535156,-121.84500885009766,"SANTA CLARA","SAN JOSE",-121.84503936767578,37.332660675048828
9223504,2021,2021-03-24,4313,2021-01-15,0138,4790,SOUTH,5,5,7,4313,0,0,0,,0,0Y3,"GREAT OAKS PKWY","ENDICOTT BL",0.00,,Y,A,-,N,,,,,,,,,,Y,2,0,1,1,A,-,03,22350,,N,A,I,A,A,H,-,C,A,0,,,,,Y,Y,A,01,1,0,0,0,0,0,0,0,0,"- ","- ",,,"SANTA CLARA","SAN JOSE",-121.79998779296875,37.253131866455078
9223505,2021,2021-03-24,4313,2021-01-13,2030,4667,MARY,3,5,7,4313,0,0,0,,0,004,"E SAN ANTONIO ST","E SAN ANTONIO ST 2020",0.00,,N,A,-,N,,,,,,,,,,N,2,0,1,2,A,-,09,21801,,N,H,G,A,A,H,-,C,D,0,,Y,,,Y,Y,L,04,1,0,0,0,0,0,1,0,0,"- ","- ",,,"SANTA CLARA","SAN JOSE",-121.85733795166016,37.347694396972656
9223506,2021,2021-03-24,4313,2021-01-14,1704,4809,PAUL,4,5,7,4313,0,0,0,,0,002,"S WHITE RD","LAKE CUNNINGHAM PK",0.00,,-,A,-,N,,,,,,,,,,Y,2,0,1,2,A,-,12,21453,A,N,-,C,A,A,H,-,B,A,0,,,Y,,Y,,C,02,1,0,0,0,0,0,0,0,1,"- ","- ",,,"SANTA CLARA","SAN JOSE",-121.80587768554688,37.341556549072266
92245378,2023,2023-11-27,9340,2023-11-16,1350,018665,,4,1,6,4316,0,1,1,,2,282,"I-280 S/B TO SR-85 S/B","STEVENS CREEK BL.",3934.00,N,N,A,-,Y,,,,,,,,,,N,2,0,1,1,A,-,08,22107,,N,E,I,A,A,H,-,A,D,0,,,,,Y,,A,01,1,0,0,0,0,0,0,0,0,"- ","- ",37.331668853759766,-122.057861328125,"SANTA CLARA",SUNNYVALE,-122.057861328125,37.331668853759766
9224598,2021,2021-03-13,4313,2021-01-31,2358,4848,YELLO,7,5,7,4313,0,0,0,,0,0Y3,"BLOSSOM HILL RD","LATHROP DR",0.00,,Y,A,-,N,,,,,,,,,,Y,2,0,2,3,A,-,03,22350,,N,D,C,A,A,H,-,C,D,0,,,,,Y,Y,-,,2,0,0,0,0,0,0,0,0,"- ","- ",,,"SANTA CLARA","SAN JOSE",-121.82036590576172,37.251361846923828