CASE_ID,ACCIDENT_YEAR,PROC_DATE,JURIS,COLLISION_DATE,COLLISION_TIME,OFFICER_ID,REPORTING_DISTRICT,DAY_OF_WEEK,CHP_SHIFT,POPULATION,CNTY_CITY_LOC,SPECIAL_COND,BEAT_TYPE,CHP_BEAT_TYPE,CITY_DIVISION_LAPD,CHP_BEAT_CLASS,BEAT_NUMBER,PRIMARY_RD,SECONDARY_RD,DISTANCE,DIRECTION,INTERSECTION,WEATHER_1,WEATHER_2,STATE_HWY_IND,CALTRANS_COUNTY,CALTRANS_DISTRICT,STATE_ROUTE,ROUTE_SUFFIX,POSTMILE_PREFIX,POSTMILE,LOCATION_TYPE,RAMP_INTERSECTION,SIDE_OF_HWY,TOW_AWAY,COLLISION_SEVERITY,NUMBER_KILLED,NUMBER_INJURED,PARTY_COUNT,PRIMARY_COLL_FACTOR,PCF_CODE_OF_VIOL,PCF_VIOL_CATEGORY,PCF_VIOLATION,PCF_VIOL_SUBSECTION,HIT_AND_RUN,TYPE_OF_COLLISION,MVIW,PED_ACTION,ROAD_SURFACE,ROAD_COND_1,ROAD_COND_2,LIGHTING,CONTROL_DEVICE,CHP_ROAD_TYPE,PEDESTRIAN_ACCIDENT,BICYCLE_ACCIDENT,MOTORCYCLE_ACCIDENT,TRUCK_ACCIDENT,NOT_PRIVATE_PROPERTY,ALCOHOL_INVOLVED,STWD_VEHTYPE_AT_FAULT,CHP_VEHTYPE_AT_FAULT,COUNT_SEVERE_INJ,COUNT_VISIBLE_INJ,COUNT_COMPLAINT_PAIN,COUNT_PED_KILLED,COUNT_PED_INJURED,COUNT_BICYCLIST_KILLED,COUNT_BICYCLIST_INJURED,COUNT_MC_KILLED,COUNT_MC_INJURED,PRIMARY_RAMP,SECONDARY_RAMP,LATITUDE,LONGITUDE,COUNTY,CITY,POINT_X,POINT_Y
94731857,2025,2025-06-19,9725,2025-06-10,1715,022111,,2,2,9,4300,0,1,3,,1,150,SR-152,"WATSONVILLE ROAD",528.00,E,N,A,-,Y,SCL,,152," "," ",5.062,H,,R,Y,2,0,2,3,A,-,08,22107,,N,B,C,A,A,H,-,A,D,0,,,,,Y,,-,"- ",1,0,1,0,0,0,0,0,0,"- ","- ",37.013458251953125,-121.64974975585938,"SANTA CLARA",UNINCORPORATED,-121.64974975585938,37.013481140136719
94732546,2025,2025-06-19,9340,2025-05-08,1933,023246,,4,2,7,4313,0,1,1,,2,281,"I-280 S/B","LINCOLN AVE",1472.00,S,N,A,-,Y,SCL,,280," ",R,3.236,H,,L,Y,1,2,0,2,A,-,07,21658,A,N,B,C,A,A,H,-,A,D,0,,,,,Y,,A,01,0,0,0,0,0,0,0,0,0,"- ","- ",37.318309783935547,-121.90255737304688,"SANTA CLARA","SAN JOSE",-121.90261840820312,37.318351745605469
94732581,2025,2025-06-19,9340,2025-06-05,1445,024093,,4,2,6,4314,0,1,2,,2,120,"US-101 S/B","SAN TOMAS EXPRESSWAY",1500.00,S,N,A,-,Y,SCL,,101," "," ",41.699,H,,L,N,2,0,1,3,A,-,03,22350,,N,C,2,A,A,H,-,A,D,0,,,,,Y,,A,01,1,0,0,0,0,0,0,0,0,"- ","- ",37.380619049072266,-121.95921325683594,"SANTA CLARA","SANTA CLARA",-121.95923614501953,37.380561828613281
94732585,2025,2025-06-19,9340,2025-06-08,"210 ",024444,,7,3,6,4316,0,1,2,,2,120,"US-101 S/B",SR-237,20.00,S,N,A,-,Y,SCL,,101," "," ",46.126,H,,L,Y,2,0,1,2,A,-,01,23152,A,N,B,C,A,A,H,-,D,D,0,,,,,Y,Y,A,01,1,0,0,0,0,0,0,0,0,"- ","- ",37.400619506835938,-122.03568267822266,"SANTA CLARA",SUNNYVALE,-122.03569030761719,37.400581359863281
94735349,2025,2025-06-23,9725,2025-05-23,"150 ",024176,,5,3,9,4300,0,1,2,,2,011,"US-101 S/B","LEAVESLY ROAD",10.00,N,N,A,-,Y,SCL,,101," ",R,7.555,H,,L,Y,2,0,1,2,A,-,03,22350,,N,C,C,A,A,H,-,C,D,0,,,Y,Y,Y,,C,02,1,0,0,0,0,0,0,0,1,"- ","- ",37.022659301757812,-121.56700134277344,"SANTA CLARA",UNINCORPORATED,-121.56700897216797,37.022655487060547
9473686,2022,2022-08-18,4304,2022-07-24,1537,236,4304,7,5,4,4304,0,0,0,,0,004,"ARROYO CIR","CAMINO ARROYO N",801.00,S,N,A,-,N,,,,,,,,,,Y,2,0,3,2,A,-,09,21801,A,N,D,C,A,A,H,-,A,D,0,,,Y,,Y,,A,07,1,0,2,0,0,0,0,0,1,"- ","- ",,,"SANTA CLARA",GILROY,-121.56336975097656,37.018856048583984
9474059,2022,2022-08-25,4308,2022-07-19,1707,323,31A04,2,5,5,4308,0,0,0,,0,004,"CALAVERAS RD","PIEDMONT RD",0.00,,Y,A,-,N,,,,,,,,,,Y,2,0,1,2,A,-,12,22450,A,N,D,C,A,A,H,-,A,A,0,,,Y,,Y,,A,01,1,0,0,0,0,0,0,0,1,"- ","- ",37.438209533691406,-121.87274932861328,"SANTA CLARA",MILPITAS,-121.87268829345703,37.438217163085938
94745527,2025,2025-07-01,9340,2025-06-16,"235 ",024203,,1,3,7,4313,0,1,1,,2,088,"I-880 S/B","N FIRST ST.",1673.00,S,N,A,-,Y,SCL,,880," "," ",3.255,H,,L,Y,2,0,1,1,A,-,01,23152,A,N,E,I,A,A,H,-,D,D,0,,,,,Y,Y,D,22,1,0,0,0,0,0,0,0,0,"- ","- ",37.354728698730469,-121.91085815429688,"SANTA CLARA","SAN JOSE",-121.910888671875,37.354743957519531
94751712,2025,2025-07-07,9725,2025-06-13,1815,024210,,5,2,9,4300,0,1,2,,2,011,"S/B US-101","LEAVESLEY ROAD",0.03,S,N,A,-,Y,SCL,,101," ",R,7.509,H,,R,Y,2,0,3,3,A,-,03,22350,,N,C,C,A,A,H,-,A,D,0,,,,,Y,,A,01,1,1,1,0,0,0,0,0,0,"- ","- ",37.022048950195312,-121.56661987304688,"SANTA CLARA",UNINCORPORATED,-121.56632995605469,37.022148132324219
94752538,2025,2025-07-22,9340,2025-06-22,2029,024241,,7,2,9,4300,0,1,3,,2,009,SR-9,"HEATHER HEIGHTS RD",350.00,N,N,A,-,Y,SCL,,9," "," ",0.482,H,,R,Y,1,1,3,2,A,-,03,22350,,N,A,C,A,A,H,-,D,D,0,,,,,Y,,A,01,3,0,0,0,0,0,0,0,0,"- ","- ",37.257301330566406,-122.11570739746094,"SANTA CLARA",UNINCORPORATED,-122.11576843261719,37.257297515869141
9475699,2022,2022-07-20,4313,2022-07-03,1649,4638,SOUTH,7,5,7,4313,0,0,0,,0,0X2,"E CAPITOL EXPWY","SENTER RD",0.00,,Y,A,-,N,,,,,,,,,,Y,2,0,5,2,A,-,09,21801,A,F,D,C,A,A,H,-,A,A,0,,,,,Y,,-,,1,2,2,0,0,0,0,0,0,"- ","- ",,,"SANTA CLARA","SAN JOSE",-121.83335876464844,37.293460845947266
9475835,2022,2022-08-15,4313,2022-06-27,0855,4662,CENTR,1,5,7,4313,0,0,0,,0,0R3,"ORCHARD PKWY","CHARCOT AV",0.00,,Y,A,-,N,,,,,,,,,,Y,2,0,2,2,A,-,12,21453,,N,A,C,A,A,H,-,A,A,0,,,,,Y,Y,-,,1,0,1,0,0,0,0,0,0,"- ","- ",,,"SANTA CLARA","SAN JOSE",-121.92510223388672,37.377395629882812
94761614,2025,2025-07-15,9340,2025-06-28,1530,024316,,6,2,4,4307,0,1,3,,2,172,"SR-17 N/B","BLOSSOM HILL RD",268.00,S,N,A,-,Y,SCL,,17," "," ",7.609,H,,R,N,2,0,1,1,A,-,03,22350,,N,F,A,A,A,H,-,A,D,0,,,Y,,Y,,C,02,1,0,0,0,0,0,0,0,1,"- ","- ",37.233821868896484,-121.97100830078125,"SANTA CLARA","LOS GATOS",-121.97103881835938,37.233829498291016
94762725,2025,2025-07-15,9725,2025-06-21,"310 ",024210,,6,3,9,4300,0,1,2,,2,015,"US-101 S/B","BLOSSOM HILL RD",3696.00,S,N,A,-,Y,SCL,,101," ",R,27.846,H,,L,Y,2,0,1,1,A,-,01,23152,A,N,E,I,A,A,H,-,C,D,0,,,,,Y,Y,A,07,1,0,0,0,0,0,0,0,0,"- ","- ",37.250568389892578,-121.78526306152344,"SANTA CLARA",UNINCORPORATED,-121.78514099121094,37.250701904296875
9476347,2022,2022-07-13,4305,2022-06-09,1122,10390,1302,4,5,4,4305,0,0,0,,0,LA1,"LOS ALTOS AV","W EDITH AV",0.00,,Y,A,-,N,,,,,,,,,,N,2,0,1,2,A,-,10,21950,A,N,G,B,B,A,H,-,A,A,0,Y,,,,Y,,A,07,1,0,0,0,1,0,0,0,0,"- ","- ",,,"SANTA CLARA","LOS ALTOS",-122.12052154541016,37.381336212158203
9477104,2022,2022-08-26,4313,2022-07-10,0206,4985,EDWAR,7,5,7,4313,0,0,0,,0,0E3,"S 2ND ST","E WILLIAM ST",0.00,,Y,A,-,N,,,,,,,,,,Y,2,0,4,2,A,-,03,22350,,F,C,C,A,A,H,-,C,A,0,,,,,Y,Y,-,,1,0,3,0,0,0,0,0,0,"- ","- ",,,"SANTA CLARA","SAN JOSE",-121.88386535644531,37.329067230224609
9477143,2022,2022-10-19,4313,2022-06-15,2202,4644,CHARL,3,5,7,4313,0,0,0,,0,0C1,"STORY RD","BAL HARBOR WY",0.00,,-,A,-,N,,,,,,,,,,N,2,0,1,2,D,-,00,,,N,D,G,A,A,H,-,C,A,0,,Y,,,Y,,-,"- ",1,0,0,0,0,0,1,0,0,"- ","- ",,,"SANTA CLARA","SAN JOSE",-121.84028625488281,37.341728210449219
94773766,2025,2025-07-23,9725,2025-06-20,"120 ",024176,,5,3,9,4300,0,1,2,,2,015,"US-101 N/B",SR-85,3168.00,S,N,A,-,Y,SCL,,101," ",R,26.276,H,,R,Y,2,0,1,2,A,-,03,22350,,N,C,C,A,A,H,-,C,D,0,,,,,Y,Y,A,01,1,0,0,0,0,0,0,0,0,"- ","- ",37.237930297851562,-121.76177215576172,"SANTA CLARA",UNINCORPORATED,-121.76175689697266,37.237945556640625
9477617,2022,2022-07-27,4313,2022-06-20,1349,4991,WESTE,1,5,7,4313,0,0,0,,0,0L1,"S 1ST ST","VIRGINIA ST",5.00,N,N,A,-,N,,,,,,,,,,Y,2,0,2,2,A,-,12,21453,,N,D,C,A,A,H,-,A,A,0,,,,,Y,,-,"- ",1,0,1,0,0,0,0,0,0,"- ","- ",,,"SANTA CLARA","SAN JOSE",-121.88156127929688,37.324062347412109
9477763,2022,2022-08-08,4313,2022-07-09,1204,4944,EDWAR,6,5,7,4313,0,0,0,,0,0E1,"W JULIAN ST","AUTUMN PKWY",282.00,S,N,A,-,N,,,,,,,,,,N,2,0,1,2,A,-,11,21456,B,N,G,B,B,A,H,-,A,A,0,Y,,,,Y,,N,60,1,0,0,0,1,0,0,0,0,"- ","- ",37.209480285644531,-121.54396057128906,"SANTA CLARA","SAN JOSE",-121.90203857421875,37.335872650146484
9477793,2022,2022-10-27,4300,2022-05-11,0854,2095,C4,3,5,5,4303,0,0,0,,0,74C5,"BLANEY AV","MERRITT DR",8.00,N,N,A,-,N,,,,,,,,,,N,2,0,1,2,A,-,10,21950,A,N,G,B,B,A,H,-,A,A,0,Y,,,,Y,,A,01,1,0,0,0,1,0,0,0,0,"- ","- ",37.330348968505859,-122.02320098876953,"SANTA CLARA",CUPERTINO,-122.02323150634766,37.330280303955078
9477928,2022,2022-07-29,4313,2022-06-19,0745,4747,FRANK,7,5,7,4313,0,0,0,,0,0F3,"THE ALAMEDA","ASBURY ST",0.00,,-,A,-,N,,,,,,,,,,N,2,0,1,2,A,-,11,21956,A,N,G,B,D,A,H,-,A,D,0,Y,,,,Y,,N,60,1,0,0,0,1,0,0,0,0,"- ","- ",,,"SANTA CLARA","SAN JOSE",-121.91960144042969,37.337913513183594
94779666,2025,2025-07-28,9330,2025-01-20,1726,022793,,1,2,9,4300,0,1,3,,2,052,SR-35,"OLD LA HONDA ROAD",8976.00,S,N,A,-,Y,SM,,35," "," ",7.255,H,,R,Y,1,1,1,3,A,-,05,21460,A,N,A,2,A,A,H,-,B,D,0,,,,,Y,,A,01,1,0,0,0,0,0,0,0,0,"- ","- ",37.350631713867188,-122.2381591796875,"SANTA CLARA",UNINCORPORATED,-122.23817443847656,37.350608825683594
94781158,2025,2025-07-29,9340,2025-05-04,2005,024075,,7,2,7,4313,0,1,3,,2,083,"SR-85 S/B","MERIDIAN AVE",2010.00,S,N,A,-,Y,SCL,,85," "," ",6.949,H,,L,Y,1,1,1,1,A,-,01,23152,A,N,E,8,A,A,H,-,D,D,0,,,,,Y,Y,A,07,0,0,1,0,0,0,0,0,0,"- ","- ",37.251548767089844,-121.88919067382812,"SANTA CLARA","SAN JOSE",-121.88920593261719,37.2515869140625
94784202,2025,2025-07-31,9340,2025-05-10,"210 ",024217,,6,3,7,4313,0,1,2,,2,110,"US-101 S/B","CAPITOL EXPRESSWAY",3495.00,N,N,A,-,Y,SCL,,101," "," ",32.373,H,,L,N,1,1,0,2,A,-,11,21954,A,N,G,B,E,A,H,-,D,D,0,Y,,,,Y,,N,60,0,0,0,1,0,0,0,0,0,"- ","- ",37.310829162597656,-121.82428741455078,"SANTA CLARA","SAN JOSE",-121.82434844970703,37.310794830322266
9478442,2022,2022-08-05,4313,2022-07-16,0020,5043,CENTR,6,5,7,4313,0,0,0,,0,0V4,"N 21ST ST","E JULIAN ST",0.00,,Y,A,-,N,,,,,,,,,,N,2,0,1,2,D,-,00,,,N,H,G,A,A,H,-,C,-,0,,Y,,,Y,Y,-,"- ",1,0,0,0,0,0,1,0,0,"- ","- ",,,"SANTA CLARA","SAN JOSE",-121.87393951416016,37.350017547607422
9478444,2022,2022-08-05,4313,2022-07-17,2316,4373,WESTE,7,5,7,4313,0,0,0,,0,0S3,"LINCOLN AV","LONUS ST",0.00,,Y,A,-,N,,,,,,,,,,N,2,0,1,2,A,-,11,21954,A,N,A,B,D,A,H,-,C,D,0,Y,,,,Y,,N,60,1,0,0,0,1,0,0,0,0,"- ","- ",,,"SANTA CLARA","SAN JOSE",-121.90593719482422,37.314838409423828
94788597,2025,2025-08-04,9340,2025-06-22,"230 ",024103,,7,3,7,4313,0,1,1,,2,281,"I-280 N/B FROM S. 4TH STREET","S. THIRD STREET",245.00,S,N,A,-,Y,,,,,,,,,,N,1,1,1,1,A,-,03,22350,,N,E,8,A,A,H,-,C,D,0,,,,,Y,Y,A,01,0,1,0,0,0,0,0,0,0,"- ","- ",37.327789306640625,-121.88040924072266,"SANTA CLARA","SAN JOSE",-121.88181304931641,37.326938629150391
9478987,2022,2022-08-18,4313,2022-07-21,2124,5053,DISTR,4,5,7,4313,0,0,0,,0,003,"BAL HARBOR WY","STORY RD",0.00,,Y,A,-,N,,,,,,,,,,N,2,0,1,2,A,-,11,21950,B,N,G,B,B,A,H,-,C,A,0,Y,,,,Y,,N,60,1,0,0,0,1,0,0,0,0,"- ","- ",,,"SANTA CLARA","SAN JOSE",-121.84028625488281,37.341728210449219
94791737,2024,2025-08-06,9330,2024-10-17,1115,023974,,4,1,5,4312,0,1,2,,2,078,"US-101 S/B","EMBARCADERO ROAD",634.00,N,N,A,-,Y,SCL,,101," "," ",52.295,H,,L,N,2,0,1,2,A,-,03,22350,,N,C,C,A,A,H,-,A,D,0,,,,,Y,,A,01,1,0,0,0,0,0,0,0,0,"- ","- ",37.450241088867188,-122.12455749511719,"SANTA CLARA","PALO ALTO",-122.12460327148438,37.450210571289062
9481855,2022,2022-08-11,4311,2022-07-01,1823,53537,5337,5,5,5,4311,0,0,0,,0,MV4,"MIDDLEFIELD RD","LESLIE CT",87.00,E,N,A,-,N,,,,,,,,,,N,2,0,1,2,A,-,07,21658,A,N,B,G,A,A,H,-,B,D,0,,Y,,,Y,,L,04,1,0,0,0,0,0,1,0,0,"- ","- ",37.397541046142578,-122.06197357177734,"SANTA CLARA","MOUNTAIN VIEW",-122.06229400634766,37.397815704345703
9482823,2022,2022-07-28,4304,2022-07-10,2117,237,4304,7,5,4,4304,0,0,0,,0,001,"10TH ST","PRINCEVALLE ST",50.00,W,N,A,-,N,,,,,,,,,,,2,0,1,2,A,-,08,22107,,N,B,C,A,A,H,-,C,D,0,,,Y,,Y,,A,01,1,0,0,0,0,0,0,0,1,"- ","- ",,,"SANTA CLARA",GILROY,-121.57433319091797,36.997821807861328
9483829,2022,2022-08-10,4313,2022-07-30,2241,4985,EDWAR,6,5,7,4313,0,0,0,,0,003,"S MARKET ST","MARKET ST",16.00,E,N,A,-,N,,,,,,,,,,Y,2,0,2,4,A,-,08,22102,,N,A,C,A,A,H,-,C,A,0,,,,,Y,Y,-,,1,1,0,0,0,0,0,0,0,"- ","- ",,,"SANTA CLARA","SAN JOSE",-121.889892578125,37.333133697509766
9489211,2022,2022-09-22,4313,2022-08-12,1857,4504,VICTO,5,5,7,4313,0,0,0,,0,0V3,"WASHINGTON ST","N 11TH ST",0.00,,-,A,-,N,,,,,,,,,,N,2,0,2,2,A,-,12,22450,,N,A,C,A,A,H,-,B,A,0,,,,,Y,,-,"- ",1,1,0,0,0,0,0,0,0,"- ","- ",37.205158233642578,-121.5355224609375,"SANTA CLARA","SAN JOSE",-121.88481903076172,37.347686767578125
9489215,2022,2022-09-23,4313,2022-08-15,2029,4847,SOUTH,1,5,7,4313,0,0,0,,0,0A4,"BLOSSOM HILL RD","MERIDIAN AV",0.00,,-,A,-,N,,,,,,,,,,N,2,0,1,2,A,-,08,22107,,N,C,-,A,A,H,-,D,A,0,,Y,,,Y,,L,04,1,0,0,0,0,0,1,0,0,"- ","- ",37.143539428710938,-121.53224182128906,"SANTA CLARA","SAN JOSE",-121.88950347900391,37.243179321289062
9489223,2022,2022-09-22,4313,2022-08-09,1603,5061,EDWAR,2,5,7,4313,0,0,0,,0,004,"W REED ST","ALMADEN AV",0.00,,Y,A,-,N,,,,,,,,,,Y,2,0,5,2,-,-,"- ",,,N,G,B,F,A,H,-,A,A,0,Y,,,,Y,,-,"- ",2,2,1,0,1,0,0,0,0,"- ","- ",,,"SANTA CLARA","SAN JOSE",-121.88706207275391,37.325267791748047
9490079,2022,2022-10-18,4313,2022-08-22,1215,4867,ROBER,1,5,7,4313,0,0,0,,0,004,"OAKLAND RD","COMMERCIAL ST",0.00,,Y,A,-,N,,,,,,,,,,Y,2,0,3,3,A,-,12,21453,A,N,D,C,A,A,H,-,A,A,0,,,,,Y,,-,,1,1,1,0,0,0,0,0,0,"- ","- ",37.215290069580078,-121.53302764892578,"SANTA CLARA","SAN JOSE",-121.89175415039062,37.364662170410156
9491973,2022,2022-09-09,4313,2022-08-24,1625,5068,XRAY,3,5,7,4313,0,0,0,,0,0X3,"SKYWAY DR","HOUNDSHAVEN WY",0.00,,Y,A,-,N,,,,,,,,,,N,2,0,1,2,A,-,11,21955,,N,A,B,D,A,H,-,A,A,0,Y,,,,Y,Y,N,60,1,0,0,0,1,0,0,0,0,"- ","- ",,,"SANTA CLARA","SAN JOSE",-121.82763671875,37.273849487304688
9491976,2022,2022-09-29,4313,2022-08-09,2321,4643,TOM,2,5,7,4313,0,0,0,,0,0T5,"ALMADEN EXPWY","FOXWORTHY AV",0.00,,-,A,-,N,,,,,,,,,,Y,2,0,1,2,D,-,00,,,N,A,C,A,A,-,-,C,A,0,,,,,Y,Y,-,"- ",1,0,0,0,0,0,0,0,0,"- ","- ",,,"SANTA CLARA","SAN JOSE",-121.87995147705078,37.278053283691406
9494800,2022,2022-10-21,4300,2022-07-05,1805,2331,S4,2,5,4,4315,0,0,0,,0,81S3,"MOUNT EDEN RD","ORCHARD MEADOW DR",660.00,E,N,A,-,N,,,,,,,,,,Y,2,0,1,1,A,-,08,22107,,N,E,I,A,A,H,-,A,D,0,,,Y,,Y,,C,02,1,0,0,0,0,0,0,0,1,"- ","- ",37.275730133056641,-122.06340789794922,"SANTA CLARA",SARATOGA,-122.06494140625,37.275188446044922
9495830,2022,2022-11-18,4313,2022-09-25,0936,4991,WESTE,7,5,7,4313,0,0,0,,0,0L4,"MONTEREY RD","MONTEREY RD 1950",0.00,,-,B,-,N,,,,,,,,,,Y,2,0,2,2,A,-,08,22107,,N,C,E,A,-,H,-,A,D,0,,,,,Y,,A,01,1,0,1,0,0,0,0,0,0,"- ","- ",,,"SANTA CLARA","SAN JOSE",-121.80037689208984,37.254295349121094
9496222,2022,2022-08-31,4313,2022-08-15,1352,4890,DR,1,5,7,4313,0,0,0,,0,0R3,"N 1ST ST","METRO DR",0.00,,Y,A,-,N,,,,,,,,,,Y,2,0,1,2,A,-,12,21453,,N,D,C,A,A,H,-,A,A,0,,,,,Y,,-,,1,0,0,0,0,0,0,0,0,"- ","- ",,,"SANTA CLARA","SAN JOSE",-121.91557312011719,37.369503021240234
9496243,2022,2022-09-06,4313,2022-07-18,1531,5034,SOUTH,1,5,7,4313,0,0,0,,0,0T5,"ALMADEN EXPWY","KOCH LN",0.00,,Y,A,-,N,,,,,,,,,,Y,2,0,2,1,A,-,08,22108,,N,H,I,A,A,H,-,A,A,0,,,,,Y,,-,,1,0,1,0,0,0,0,0,0,"- ","- ",37.165878295898438,-121.52552032470703,"SANTA CLARA","SAN JOSE",-121.88204956054688,37.283119201660156
9496334,2022,2022-09-06,4313,2022-08-01,0111,4956,E,1,5,7,4313,0,0,0,,0,0E1,"COLEMAN AV","W TAYLOR ST",0.00,,Y,A,-,N,,,,,,,,,,Y,2,0,1,1,A,-,03,22350,,N,E,I,A,A,H,-,C,D,0,,,,,Y,,-,,1,0,0,0,0,0,0,0,0,"- ","- ",,,"SANTA CLARA","SAN JOSE",-121.91091918945312,37.342357635498047
9496538,2022,2022-09-16,4313,2022-07-09,1931,4767,FOOTH,6,5,7,4313,0,0,0,,0,0C4,"E CAPITOL EXPWY","FOXDALE DR",0.00,,N,A,-,N,,,,,,,,,,N,2,0,2,3,A,-,08,22107,,N,B,C,A,A,H,-,A,D,0,,,,,Y,,-,,1,0,1,0,0,0,0,0,0,"- ","- ",,,"SANTA CLARA","SAN JOSE",-121.82309722900391,37.344871520996094
9500734,2022,2022-10-18,4311,2022-09-17,1905,57073,2328,6,5,5,4311,0,0,0,,0,MV2,"RENGSTORFF AV","STANFORD AV",303.00,S,N,A,-,N,,,,,,,,,,N,2,0,1,2,A,-,09,21804,A,N,D,G,A,A,H,-,A,D,0,,Y,,,Y,,L,04,1,0,0,0,0,0,1,0,0,"- ","- ",,,"SANTA CLARA","MOUNTAIN VIEW",-122.09896087646484,37.400604248046875
9502150,2022,2022-10-28,4313,2022-10-09,0241,4963,FRANK,7,5,7,4313,0,0,0,,0,0F3,"SAN CARLOS ST","BASCOM AV",0.00,,Y,A,-,N,,,,,,,,,,Y,2,0,1,1,A,-,03,22350,,N,A,I,A,A,H,-,C,A,0,,,,,Y,Y,-,,1,0,0,0,0,0,0,0,0,"- ","- ",,,"SANTA CLARA","SAN JOSE",-121.93189239501953,37.323459625244141
9504102,2022,2022-10-31,4308,2022-08-29,2039,268,,1,5,5,4308,0,0,0,,0,001,"N ABEL ST","RT 237",0.00,,Y,A,-,Y,SCL,4,237,-,T,9.900,I,5,E,Y,1,1,0,2,A,-,11,21456,B,N,G,B,B,A,H,-,C,A,0,Y,,,,Y,,N,60,0,0,0,1,0,0,0,0,0,"- ","- ",37.430549621582031,-121.90897369384766,"SANTA CLARA",MILPITAS,-121.90895843505859,37.430164337158203
9504127,2022,2022-10-25,4300,2022-06-20,0635,2203,C7,1,5,5,4303,0,0,0,,0,74C7,"STEVENS CANYON RD","RICARDO RD",280.00,N,N,A,-,N,,,,,,,,,,Y,1,1,0,1,C,-,18,,,N,E,I,A,A,H,-,A,D,0,,,,Y,Y,,-,"- ",0,0,0,0,0,0,0,0,0,"- ","- ",37.308708190917969,-122.07142639160156,"SANTA CLARA",CUPERTINO,-122.07062530517578,37.309280395507812
9504772,2022,2022-11-01,4313,2022-10-19,0002,4561,DC,3,5,7,4313,0,0,0,,0,003,"CUNNINGHAM AV","NASSAU DR",0.00,,N,A,-,N,,,,,,,,,,Y,2,0,1,2,A,-,08,22107,,N,A,E,A,A,H,-,C,D,0,,,,,Y,,-,,1,0,0,0,0,0,0,0,0,"- ","- ",37.195018768310547,-121.49420166015625,"SANTA CLARA","SAN JOSE",-121.82826995849609,37.330631256103516
9504938,2022,2022-11-08,4313,2022-10-23,1316,4739,WESTE,7,5,7,4313,0,0,0,,0,0N2,"STEVENS CREEK BL","SAN TOMAS EXPWY",0.00,,Y,A,-,N,,,,,,,,,,Y,2,0,4,2,-,-,"- ",,,N,D,C,A,A,H,-,A,A,0,,,,,Y,,-,"- ",1,3,0,0,0,0,0,0,0,"- ","- ",37.192371368408203,-121.57508850097656,"SANTA CLARA","SAN JOSE",-121.9639892578125,37.3232421875
9506268,2022,2022-10-06,4313,2022-08-23,1859,4861,CENTR,2,5,7,4313,0,0,0,,0,0R4,"SIERRA RD","LUNDY AV",0.00,,Y,A,-,N,,,,,,,,,,Y,2,0,2,2,A,-,12,22450,,N,A,-,A,A,H,-,A,A,0,,,,,Y,,-,,1,1,0,0,0,0,0,0,0,"- ","- ",37.224750518798828,-121.5242919921875,"SANTA CLARA","SAN JOSE",-121.87864685058594,37.379898071289062
9511193,2022,2023-02-01,4304,2022-12-05,1838,230,,1,5,4,4304,0,0,0,,0,,"KERN AV","WELBURN AV",0.00,,Y,A,-,N,,,,,,,,,,N,2,0,1,2,A,-,12,22450,A,N,G,B,B,A,H,-,A,A,0,Y,,,,Y,,A,01,1,0,0,0,1,0,0,0,0,"- ","- ",,,"SANTA CLARA",GILROY,-121.59156036376953,37.017604827880859
9517192,2022,2023-01-12,4310,2022-10-09,0019,251,,7,5,4,4310,0,0,0,,0,,"MONTEREY RD","COSMO AV",165.00,N,N,B,-,N,,,,,,,,,,Y,2,0,1,2,A,-,11,21954,A,N,G,B,D,A,H,-,C,A,0,Y,,,,Y,Y,N,60,1,0,0,0,1,0,0,0,0,"- ","- ",37.118541717529297,-121.646240234375,"SANTA CLARA","MORGAN HILL",-121.64636993408203,37.118930816650391
9520063,2022,2022-11-17,4313,2022-11-02,0430,5038,A,3,5,7,4313,0,0,0,,0,0A3,"CHERRY AV","ALMADEN EXPWY",0.00,,Y,A,-,N,,,,,,,,,,Y,1,1,0,2,C,-,18,,,N,G,B,D,A,H,-,C,D,0,Y,,,,Y,,-,"- ",0,0,0,1,0,0,0,0,0,"- ","- ",,,"SANTA CLARA","SAN JOSE",-121.87612152099609,37.259063720703125
9520126,2021,2022-12-19,4313,2021-01-10,1640,4477,WILLI,7,5,7,4313,0,0,0,,0,003,"S WHITE RD","WESTBORO DR",215.00,N,N,A,-,N,,,,,,,,,,Y,1,1,0,8,-,-,"- ",,,N,A,E,A,A,H,-,A,D,0,,,,,Y,,D,22,0,0,0,0,0,0,0,0,0,"- ","- ",,,"SANTA CLARA","SAN JOSE",-121.82292938232422,37.360279083251953
9520128,2021,2023-06-17,4313,2021-04-05,1626,4826,CENTR,1,5,7,4313,0,0,0,,0,0R3,"E BROKAW RD","OTOOLE AV",0.00,S,N,A,-,N,,,,,,,,,,Y,1,1,0,2,A,-,07,21658,,N,G,G,A,A,H,-,A,D,0,,Y,,,Y,Y,L,04,0,0,0,0,0,1,0,0,0,"- ","- ",37.225601196289062,-121.54192352294922,"SANTA CLARA","SAN JOSE",,