CASE_ID,ACCIDENT_YEAR,PROC_DATE,JURIS,COLLISION_DATE,COLLISION_TIME,OFFICER_ID,REPORTING_DISTRICT,DAY_OF_WEEK,CHP_SHIFT,POPULATION,CNTY_CITY_LOC,SPECIAL_COND,BEAT_TYPE,CHP_BEAT_TYPE,CITY_DIVISION_LAPD,CHP_BEAT_CLASS,BEAT_NUMBER,PRIMARY_RD,SECONDARY_RD,DISTANCE,DIRECTION,INTERSECTION,WEATHER_1,WEATHER_2,STATE_HWY_IND,CALTRANS_COUNTY,CALTRANS_DISTRICT,STATE_ROUTE,ROUTE_SUFFIX,POSTMILE_PREFIX,POSTMILE,LOCATION_TYPE,RAMP_INTERSECTION,SIDE_OF_HWY,TOW_AWAY,COLLISION_SEVERITY,NUMBER_KILLED,NUMBER_INJURED,PARTY_COUNT,PRIMARY_COLL_FACTOR,PCF_CODE_OF_VIOL,PCF_VIOL_CATEGORY,PCF_VIOLATION,PCF_VIOL_SUBSECTION,HIT_AND_RUN,TYPE_OF_COLLISION,MVIW,PED_ACTION,ROAD_SURFACE,ROAD_COND_1,ROAD_COND_2,LIGHTING,CONTROL_DEVICE,CHP_ROAD_TYPE,PEDESTRIAN_ACCIDENT,BICYCLE_ACCIDENT,MOTORCYCLE_ACCIDENT,TRUCK_ACCIDENT,NOT_PRIVATE_PROPERTY,ALCOHOL_INVOLVED,STWD_VEHTYPE_AT_FAULT,CHP_VEHTYPE_AT_FAULT,COUNT_SEVERE_INJ,COUNT_VISIBLE_INJ,COUNT_COMPLAINT_PAIN,COUNT_PED_KILLED,COUNT_PED_INJURED,COUNT_BICYCLIST_KILLED,COUNT_BICYCLIST_INJURED,COUNT_MC_KILLED,COUNT_MC_INJURED,PRIMARY_RAMP,SECONDARY_RAMP,LATITUDE,LONGITUDE,COUNTY,CITY,POINT_X,POINT_Y
9188647,2020,2020-12-09,4316,2020-10-09,1516,12201,,5,5,6,4316,0,0,0,,0,004,"HENDERSON AV","LILY AV",0.00,,Y,A,-,N,,,,,,,,,,N,2,0,1,2,A,-,01,23152,A,N,H,G,A,A,H,-,A,A,0,,Y,,,Y,Y,L,04,1,0,0,0,0,0,1,0,0,"- ","- ",37.361640930175781,-122.00505828857422,"SANTA CLARA",SUNNYVALE,-122.00507354736328,37.361740112304688
9188649,2020,2020-12-09,4308,2020-10-13,0645,311,,2,5,5,4308,0,0,0,,0,003,"WASHINGTON DR","ESCUELA PKWY",0.00,,Y,A,-,N,,,,,,,,,,N,2,0,1,2,A,-,10,21950,A,N,G,B,B,A,H,-,C,A,0,Y,,,,Y,,A,07,1,0,0,0,1,0,0,0,0,"- ","- ",37.454799652099609,-121.90274810791016,"SANTA CLARA",MILPITAS,-121.90254974365234,37.454681396484375
91886504,2022,2022-10-10,9330,2022-09-25,1720,022735,,7,2,5,4311,0,1,3,,2,076,"SR-85 NORTHBOUND FROM EL CAMINO REAL","EL CAMINO REAL",137.00,S,N,A,-,Y,,,,,,,,,,N,2,0,1,1,A,-,03,22350,,M,E,I,A,A,H,-,A,D,0,,,Y,,Y,,C,02,1,0,0,0,0,0,0,0,1,"- ","- ",37.377170562744141,-122.06654357910156,"SANTA CLARA","MOUNTAIN VIEW",-122.06654357910156,37.377170562744141
91889705,2022,2022-10-13,9340,2022-10-02,1258,022541,,7,1,9,4300,0,3,5,,2,050,"MONTEBELLO RD","PEACOCK CT",4224.00,S,N,A,-,N,,,,,,,,,,N,2,0,1,2,B,-,22,,,N,F,A,A,A,H,-,A,D,0,,Y,,,Y,,L,04,1,0,0,0,0,0,1,0,0,"- ","- ",37.287208557128906,-122.08949279785156,"SANTA CLARA",UNINCORPORATED,-122.08910369873047,37.287277221679688
91894633,2022,2022-10-19,9340,2022-01-28,0112,022624,,5,3,7,4313,0,1,2,,2,120,"US-101 S/B","DE LA CRUZ BOULEVARD",1745.00,S,N,A,-,Y,SCL,,101,,,40.208,H,,L,Y,1,1,1,1,A,-,01,23152,,N,E,8,A,A,H,-,D,D,0,,,Y,,Y,Y,-,"- ",1,0,0,0,0,0,0,1,1,"- ","- ",37.374961853027344,-121.93312835693359,"SANTA CLARA","SAN JOSE",-121.93315124511719,37.374912261962891
91895105,2022,2022-10-20,9330,2022-10-17,1220,021630,,1,1,9,4300,0,3,5,,2,073,"EASTBROOK AVENUE","ENTRADA PLACE",156.00,N,N,A,-,N,,,,,,,,,,Y,2,0,1,1,A,-,08,22107,,N,E,I,A,A,H,-,A,D,0,,,,,Y,,A,01,1,0,0,0,0,0,0,0,0,"- ","- ",37.347690582275391,-122.10308074951172,"SANTA CLARA",UNINCORPORATED,-122.10264587402344,37.347469329833984
9191470,2020,2021-02-05,4313,2020-11-23,1651,4254,WILLI,1,5,7,4313,0,0,0,,0,0W1,"N CAPITOL AV","RT 680",0.00,,N,A,-,Y,SCL,4,680,-,M,5.346,R,4,S,Y,2,0,1,1,A,-,03,22350,,N,E,I,A,A,H,-,A,D,0,,,,,Y,,A,01,1,0,0,0,0,0,0,0,0,"- ",SF,37.243869781494141,-121.52427673339844,"SANTA CLARA","SAN JOSE",-121.87697601318359,37.402805328369141
9191484,2020,2021-02-09,4313,2020-11-28,2354,4636,FOOTH,6,5,7,4313,0,0,0,,0,0M3,"E SANTA CLARA ST","RT 101",0.00,,Y,A,-,Y,SCL,4,101,-,R,36.078,R,4,N,Y,2,0,2,2,A,-,03,22350,,N,A,C,A,A,H,-,C,A,0,,,,,Y,,-,,1,0,1,0,0,0,0,0,0,"- ",NO,,,"SANTA CLARA","SAN JOSE",-121.86526489257812,37.353549957275391
91920110,2022,2022-11-17,9340,2022-03-10,2315,021745,,4,3,7,4313,0,1,1,,2,282,"I-280 N/B TO SARATOGA AVENUE","SARATOGA AVE",1100.00,S,N,A,-,Y,SCL,,280,,,5.636,H,,R,Y,1,1,1,2,A,-,01,23152,A,N,C,C,A,A,H,-,E,D,0,,,,,Y,Y,A,01,0,1,0,0,0,0,0,0,0,"- ","- ",37.316558837890625,-121.96943664550781,"SANTA CLARA","SAN JOSE",-121.96944427490234,37.316436767578125
9192307,2020,2021-01-11,4300,2020-08-01,1631,2203,L3,6,5,2,4306,0,0,0,,0,74S4,"PAGE MILL RD","ARASTRADERO RD",0.00,,Y,A,-,N,,,,,,,,,,Y,2,0,1,2,A,-,09,21801,A,N,B,C,A,A,H,-,A,D,0,,,Y,,Y,,A,07,1,0,0,0,0,0,0,0,1,"- ","- ",37.384838104248047,-122.16557312011719,"SANTA CLARA","LOS ALTOS HILLS",-122.16561889648438,37.384899139404297
91927509,2022,2022-11-28,9330,2022-11-11,1400,022793,,5,2,9,4300,0,1,3,,2,052,"SR-35 (SKYLINE BOULEVARD)","RAPLEY RANCH ROAD",2482.00,N,N,A,-,Y,SM,,35,,,6.488,H,,R,N,2,0,1,1,A,-,08,22107,,N,E,I,A,A,H,-,A,D,0,,,,,Y,,A,01,1,0,0,0,0,0,0,0,0,"- ","- ",37.344539642333984,-122.22779846191406,"SANTA CLARA",UNINCORPORATED,-122.22776794433594,37.344589233398438
9194060,2020,2021-02-17,4313,2020-12-05,2214,4875,X1,6,5,7,4313,0,0,0,,0,0X1,"VISTAPARK DR","BLUEFIELD DR",0.00,,Y,A,-,N,,,,,,,,,,Y,2,0,2,4,A,-,01,23153,,N,G,E,A,A,H,-,C,D,0,,,,,Y,Y,-,,2,0,0,0,0,0,0,0,0,"- ","- ",,,"SANTA CLARA","SAN JOSE",-121.84902954101562,37.270709991455078
91942430,2022,2022-12-14,9725,2022-12-12,1800,021618,,1,2,9,4300,0,1,3,,1,170,"SR-152 E/B","KAISER AETNA ROAD",3696.00,W,N,A,-,Y,SCL,,152,,R,28.150,H,,R,Y,2,0,1,2,A,-,03,22350,,F,C,C,A,A,H,-,D,D,0,,,Y,,Y,,C,02,1,0,0,0,0,0,0,0,1,"- ","- ",37.032039642333984,-121.32395172119141,"SANTA CLARA",UNINCORPORATED,-121.32393646240234,37.032024383544922
91943206,2022,2023-03-13,9340,2022-12-04,1450,022963,,7,2,7,4313,0,1,1,,2,088,"I-880 S/B","N FIRST STREET",170.00,S,N,A,-,Y,SCL,,880,,,3.541,H,,L,Y,2,0,2,3,A,-,07,21658,A,N,C,C,A,A,H,-,A,D,0,,,,,Y,,A,01,1,0,1,0,0,0,0,0,0,"- ","- ",37.358020782470703,-121.90769195556641,"SANTA CLARA","SAN JOSE",-121.90766906738281,37.358009338378906
91949465,2022,2022-12-22,9340,2022-12-11,0352,022618,,7,3,6,4316,0,1,2,,2,120,"US-101 N/B","MATHILDA AVE",336.00,S,N,C,-,Y,SCL,,101,,,45.610,H,,R,Y,2,0,1,2,A,-,01,23152,A,N,A,C,A,B,H,-,C,D,0,,,,Y,Y,Y,A,01,1,0,0,0,0,0,0,0,0,"- ","- ",37.398811340332031,-122.02646636962891,"SANTA CLARA",SUNNYVALE,-122.0264892578125,37.398754119873047
91971944,2023,2023-01-19,9725,2023-01-11,1545,020120,,3,2,9,4300,0,1,3,,1,170,"SR-152 E/B","DINOSAUR POINT RD",10560.00,W,N,B,C,Y,SCL,,152," "," ",32.870,H,,R,Y,2,0,1,1,A,-,03,22350,,N,E,I,A,B,H,-,A,D,0,,,,,Y,,D,22,1,0,0,0,0,0,0,0,0,"- ","- ",37.053359985351562,-121.25025177001953,"SANTA CLARA",UNINCORPORATED,-121.250244140625,37.053329467773438
91973904,2022,2023-01-23,9340,2022-07-25,1034,022541,,1,1,7,4313,0,1,3,,2,087,"SR-87 N/B","TAYLOR ST",250.00,N,N,A,-,Y,SCL,,87,,,6.929,H,,R,Y,1,1,0,2,A,-,08,22107,,N,E,8,A,A,H,-,A,D,0,,,,,Y,,A,01,0,0,0,0,0,0,0,0,0,"- ","- ",37.347240447998047,-121.90479278564453,"SANTA CLARA","SAN JOSE",-121.90483856201172,37.347183227539062
91983835,2022,2023-02-01,9340,2022-07-05,0940,015709,,2,1,9,4300,0,1,3,,2,035,"SR-35 (SKYLINE BLVD)","FOX RUN ROAD",3548.00,S,N,A,-,Y,SCL,,35,,,13.000,H,,R,Y,1,1,0,1,A,-,08,22107,,N,E,I,A,A,H,-,A,D,0,,,,,Y,,A,01,0,0,0,0,0,0,0,0,0,"- ","- ",37.245620727539062,-122.11022186279297,"SANTA CLARA",UNINCORPORATED,-122.11028289794922,37.245590209960938
91987320,2023,2023-02-06,9340,2023-01-25,"3   ",022447,,3,3,7,4313,0,1,1,,2,282,"I-280 N/B","WINCHESTER BLVD",3038.00,N,N,A,-,Y,SCL,,280," "," ",5.112,H,,R,Y,2,0,3,2,A,-,01,23152,A,N,C,C,A,A,H,-,D,D,0,,,,,Y,Y,A,07,1,2,0,0,0,0,0,0,0,"- ","- ",37.3165283203125,-121.96077728271484,"SANTA CLARA","SAN JOSE",-121.96077728271484,37.316539764404297
9199302,2020,2020-12-18,4304,2020-10-02,2120,197,434,5,5,4,4304,0,0,0,,0,004,"NO NAME UNO","E LAS ANIMAS",0.00,,Y,A,-,N,,,,,,,,,,Y,2,0,1,1,A,-,03,22350,A,N,H,A,A,A,H,-,C,D,0,,,,,Y,,-,,1,0,0,0,0,0,0,0,0,"- ","- ",,,"SANTA CLARA",GILROY,-121.57138061523438,37.032390594482422
91998215,2023,2023-02-20,9340,2023-02-08,1000,022543,,3,1,9,4300,0,3,5,,2,050,"MONTEBELLO RD E/B","PEACOCK CT",6336.00,W,N,A,-,N,,,,,,,,,,N,2,0,1,1,A,-,08,22107,,N,F,A,A,A,H,-,A,D,0,,Y,,,Y,,L,04,1,0,0,0,0,0,1,0,0,"- ","- ",37.289089202880859,-122.09506225585938,"SANTA CLARA",UNINCORPORATED,-122.09515380859375,37.288982391357422
92003236,2022,2023-02-27,9340,2022-10-24,2300,022601,,1,3,4,4307,0,1,3,,2,172,"SR-17 S/B","BLOSSOM HILL RD",767.00,N,N,A,-,Y,SCL,,17,,,7.814,H,,L,Y,1,1,1,2,A,-,03,22350,,N,C,C,A,A,H,-,D,D,0,,,,Y,Y,,F,26,0,0,1,0,0,0,0,0,0,"- ","- ",37.236560821533203,-121.96993255615234,"SANTA CLARA","LOS GATOS",-121.96991729736328,37.236557006835938
92014298,2023,2023-03-10,9340,2023-02-26,"200 ",023174,,7,3,7,4313,0,1,3,,2,087,"SR-87 N/B FROM W. TAYLOR STREET","W TAYLOR STREET",570.00,N,N,A,-,Y,SCL,,87," "," ",7.012,H,,R,N,2,0,1,1,A,-,01,23152,A,N,E,I,A,A,H,-,D,D,0,,,,,Y,Y,D,22,1,0,0,0,0,0,0,0,0,"- ","- ",37.347930908203125,-121.90602111816406,"SANTA CLARA","SAN JOSE",-121.90610504150391,37.347824096679688
9202063,2020,2021-02-17,4313,2020-12-08,2153,4811,DL,2,5,7,4313,0,0,0,,0,0L5,"SENTER RD","BALFOUR DR",0.00,,Y,A,-,N,,,,,,,,,,Y,2,0,1,3,A,-,03,22350,,N,B,E,A,A,H,-,C,D,0,,,,,Y,,-,,1,0,0,0,0,0,0,0,0,"- ","- ",,,"SANTA CLARA","SAN JOSE",-121.84017944335938,37.300121307373047
92023570,2023,2023-03-21,9330,2023-02-19,"55  ",023062,,7,3,9,4300,0,3,5,,2,071,"CAMPUS DRIVE","BOWDOIN STREET",0.00,,Y,A,-,N,,,,,,,,,,N,2,0,6,1,A,-,01,23152,A,N,A,I,A,A,H,-,C,D,0,,,,,Y,Y,A,01,3,1,2,0,0,0,0,0,0,"- ","- ",37.422721862792969,-122.16108703613281,"SANTA CLARA",UNINCORPORATED,-122.16127777099609,37.422660827636719
92043771,2023,2023-04-13,9725,2023-03-29,2150,023169,,3,2,7,4313,0,1,2,,2,015,"US-101 S/B","BERNAL ROAD",528.00,N,N,B,-,Y,SCL,,101," ",R,27.330,H,,L,Y,2,0,2,3,A,-,08,22107,,N,B,C,A,A,H,-,D,D,0,,,,,Y,,A,01,1,1,0,0,0,0,0,0,0,"- ","- ",37.246410369873047,-121.77735137939453,"SANTA CLARA","SAN JOSE",-121.77729034423828,37.246475219726562
92062271,2023,2023-05-05,9340,2023-04-26,"310 ",023274,,3,3,7,4313,0,1,1,,2,088,"I-880 S/B","THE ALAMEDA",624.00,N,N,A,-,Y,SCL,,880," "," ",2.201,H,,L,Y,2,0,1,1,A,-,01,23152,G,N,E,8,A,A,H,-,C,D,0,,,,,Y,Y,A,07,1,0,0,0,0,0,0,0,0,"- ","- ",37.344211578369141,-121.92469787597656,"SANTA CLARA","SAN JOSE",-121.92459869384766,37.344139099121094
92064832,2023,2023-05-09,9340,2023-04-27,1510,022688,,4,2,6,4316,0,1,2,,2,120,"US-101 S/B","GREAT AMERICA PKY",2112.00,N,N,A,-,Y,SCL,,101," "," ",43.153,H,,L,N,2,0,1,5,A,-,07,21658,A,N,B,C,A,A,A,-,A,A,0,,,Y,,Y,,C,02,1,0,0,0,0,0,0,0,1,"- ","- ",37.387641906738281,-121.98378753662109,"SANTA CLARA",SUNNYVALE,-121.98380279541016,37.387607574462891
92066499,2023,2023-05-11,9725,2023-04-30,1945,022112,,7,2,9,4300,0,1,2,,1,056,"FERGUSON ROAD","LEAVESLEY ROAD",500.00,N,N,A,-,N,,,,,,,,,,Y,2,0,1,1,A,-,01,23152,A,N,E,I,A,A,H,-,B,D,0,,,,,Y,Y,A,01,1,0,0,0,0,0,0,0,0,"- ","- ",37.034431457519531,-121.53363800048828,"SANTA CLARA",UNINCORPORATED,-121.53005218505859,37.031238555908203
92067770,2023,2023-05-12,9725,2023-03-30,1947,022777,,4,2,9,4300,0,1,2,,2,011,"US-101 SOUTHBOUND","LEAVESLEY ROAD",2205.00,N,N,A,-,Y,SCL,,101," ",R,8.105,H,,L,Y,1,1,1,2,A,-,03,22350,,N,C,C,A,A,H,-,B,D,0,,,,,Y,,A,01,0,0,1,0,0,0,0,0,0,"- ","- ",37.029991149902344,-121.57090759277344,"SANTA CLARA",UNINCORPORATED,-121.57097625732422,37.02996826171875
92083320,2023,2023-06-01,9725,2023-05-19,1330,023169,,5,1,9,4300,0,3,5,,2,003,"WATSONVILLE ROAD WESTBOUND","BOWDEN COURT",528.00,W,N,A,-,N,,,,,,,,,,Y,2,0,1,2,A,-,06,21750,,N,D,2,A,A,H,-,A,D,0,,,Y,,Y,Y,C,02,1,0,0,0,0,0,0,0,1,"- ","- ",37.085201263427734,-121.65342712402344,"SANTA CLARA",UNINCORPORATED,-121.65325927734375,37.083770751953125
92083402,2023,2023-06-01,9340,2023-05-19,2335,023222,,5,3,9,4300,0,1,2,,2,110,"US-101 S/B","EAST TAYLOR ST.",259.00,N,N,A,-,Y,SCL,,101," "," ",36.993,H,,L,Y,2,0,1,1,A,-,08,22107,,N,E,I,A,A,H,-,D,D,0,,,,,Y,,A,01,1,0,0,0,0,0,0,0,0,"- ","- ",37.361408233642578,-121.87837982177734,"SANTA CLARA",UNINCORPORATED,-121.87842559814453,37.361297607421875
92104302,2023,2023-06-28,9725,2023-06-25,"750 ",019331,,7,1,9,4300,0,1,3,,1,170,"SR-152 E/B","DINOSAUR POINT RD",4224.00,W,N,A,-,Y,SCL,,152," "," ",33.852,H,,R,Y,2,0,1,1,A,-,08,22107,,N,F,A,A,A,H,-,A,A,0,,,,,Y,,A,01,1,0,0,0,0,0,0,0,0,"- ","- ",37.060611724853516,-121.23477172851562,"SANTA CLARA",UNINCORPORATED,-121.23484802246094,37.060718536376953
92111196,2022,2023-07-06,9340,2022-11-13,2154,022685,,7,2,9,4300,0,1,3,,2,171,"SR-17 S/B","BEAR CREEK ROAD",55.00,N,N,A,-,Y,SCL,,17,,,4.103,H,,L,Y,1,1,1,1,A,-,08,22107,,N,E,I,A,A,H,-,C,D,0,,,,,Y,Y,A,01,1,0,0,0,0,0,0,0,0,"- ","- ",37.190700531005859,-121.99323272705078,"SANTA CLARA",UNINCORPORATED,-121.99329376220703,37.190673828125
92112936,2023,2023-07-10,9340,2023-06-25,2230,023025,,7,3,9,4300,0,3,5,,2,010,"FELTER RD","MARSH RD",12.00,S,N,A,-,N,,,,,,,,,,Y,2,0,4,2,A,-,03,22350,,N,C,2,A,A,H,-,D,D,0,,,,,Y,Y,A,01,1,3,0,0,0,0,0,0,0,"- ","- ",37.43988037109375,-121.82525634765625,"SANTA CLARA",UNINCORPORATED,-121.82521057128906,37.439865112304688
9211870,2020,2021-04-28,4313,2020-02-07,1623,4676,DISTI,5,5,7,4313,0,0,0,,0,0C3,"TULLY RD","QUIMBY RD",0.00,,Y,A,-,N,,,,,,,,,,Y,1,1,0,1,A,-,03,22350,,N,A,I,A,A,H,-,A,A,0,,,,,Y,,-,,0,0,0,0,0,0,0,0,0,"- ","- ",37.193408966064453,-121.49130249023438,"SANTA CLARA","SAN JOSE",-121.82038879394531,37.326198577880859
9211873,2020,2021-04-30,4313,2020-09-26,0939,4780,XRAY,6,5,7,4313,0,0,0,,0,0X1,"BRANHAM LN","SIDLAW CT",0.00,S,N,A,-,N,,,,,,,,,,Y,1,1,0,1,A,-,03,22350,,N,E,I,A,A,H,-,A,D,0,,,,,Y,,-,,0,0,0,0,0,0,0,0,0,"- ","- ",,,"SANTA CLARA","SAN JOSE",-121.85446166992188,37.265861511230469
92121281,2023,2023-07-19,9725,2023-07-08,2320,022112,,6,3,9,4300,0,1,2,,1,010,"UNITED STATES 101 NORTHBOUND","STATE ROUTE 25",1360.00,N,N,A,-,Y,SCL,,101," "," ",3.420,H,,R,Y,1,1,0,1,A,-,08,22107,,N,E,I,A,A,H,-,D,A,0,,,,,Y,,A,01,0,0,0,0,0,0,0,0,0,"- ","- ",36.964859008789062,-121.55182647705078,"SANTA CLARA",UNINCORPORATED,-121.55186462402344,36.964855194091797
92125328,2023,2023-07-25,9340,2023-07-13,"535 ",015709,,4,3,9,4300,0,3,5,,2,030,"MOUNT UMUNHUM RD","SIERRA AZUL OPEN SPACE PARKING LOT 18200",362.00,E,N,A,-,N,,,,,,,,,,Y,2,0,2,1,A,-,16,24002,A,N,F,I,A,A,H,-,D,D,0,,,,,Y,,M,47,2,0,0,0,0,0,0,0,0,"- ","- ",37.16033935546875,-121.87496948242188,"SANTA CLARA",UNINCORPORATED,,
9213448,2021,2021-03-16,4313,2021-01-06,1917,4522,WILLI,3,5,7,4313,0,0,0,,0,0W4,"MCKEE RD","SORGEPARK PL",0.00,,Y,A,-,N,,,,,,,,,,N,2,0,1,2,A,-,11,21955,,N,G,B,E,A,H,-,C,A,0,Y,,,,Y,,N,60,1,0,0,0,1,0,0,0,0,"- ","- ",37.222091674804688,-121.50550079345703,"SANTA CLARA","SAN JOSE",-121.83950042724609,37.372474670410156
92140678,2023,2023-08-10,9340,2023-07-31,"645 ",023356,,1,1,6,4314,0,1,2,,2,120,"US-101 N/B","GREAT AMERICA PKY",1375.00,N,N,A,-,Y,SCL,,101," "," ",43.023,H,,R,Y,2,0,1,2,A,-,08,22107,,F,B,C,A,A,H,-,A,D,0,,,,,Y,,-,99,1,0,0,0,0,0,0,0,0,"- ","- ",37.387180328369141,-121.98162841796875,"SANTA CLARA","SANTA CLARA",-121.98162841796875,37.387191772460938
92146523,2023,2025-04-14,9340,2023-08-07,2140,022660,,1,2,7,4313,0,1,1,,2,281,"I-280 N/B",SR-87,1198.00,S,N,A,-,Y,SCL,,280," ",R,2.270,H,,R,Y,1,1,4,2,A,-,08,22107,,N,C,C,A,A,H,-,C,D,0,,,,,Y,,A,01,0,2,2,0,0,0,0,0,0,"- ","- ",37.32489013671875,-121.88790893554688,"SANTA CLARA","SAN JOSE",-121.88789367675781,37.3248291015625
92149096,2023,2023-08-21,9725,2023-08-10,1802,022985,,4,2,9,4300,0,3,5,,2,003,"WILLOW SPRINGS ROAD","OAK GLEN AVENUE",0.00,,Y,A,-,N,,,,,,,,,,N,2,0,1,2,A,-,09,21802,A,N,D,C,A,A,H,-,A,A,0,,,,,Y,,A,01,1,0,0,0,0,0,0,0,0,"- ","- ",37.126148223876953,-121.70619964599609,"SANTA CLARA",UNINCORPORATED,-121.706298828125,37.126117706298828
92158165,2023,2023-08-30,9340,2023-02-15,2223,022712,,3,3,4,4302,0,1,3,,2,172,"SR-17 S/B","HAMILTON AVE",1330.00,S,N,A,-,Y,SCL,,17," "," ",12.080,H,,L,N,1,1,0,2,A,-,11,21954,A,N,G,B,E,A,D,-,C,D,0,Y,,,,Y,,N,60,0,0,0,1,0,0,0,0,0,"- ","- ",37.290798187255859,-121.93678283691406,"SANTA CLARA",CAMPBELL,-121.93679046630859,37.290798187255859
92163640,2023,2023-09-06,9725,2023-08-29,2040,022608,,2,2,9,4300,0,1,2,,2,011,"US-101 NORTHBOUND","EAST SAN MARTIN AVENUE",1584.00,S,N,A,-,Y,SCL,,101," ",R,12.126,H,,R,Y,2,0,2,2,A,-,01,23152,A,N,C,C,A,A,H,-,C,D,0,,,Y,,Y,Y,C,02,1,0,1,0,0,0,0,0,1,"- ","- ",37.084461212158203,-121.59678649902344,"SANTA CLARA",UNINCORPORATED,-121.59677124023438,37.084465026855469
92168622,2023,2023-09-13,9340,2023-08-30,1958,022247,,3,2,7,4313,0,1,1,,2,681,"I-680 S/B TO KING ROAD","KING RD",960.00,N,N,A,-,Y,,,,,,,,,,N,2,0,1,2,A,-,11,21954,A,F,G,B,E,A,H,-,C,D,0,Y,,,,Y,,N,60,1,0,0,0,1,0,0,0,0,"- ","- ",37.345428466796875,-121.84454345703125,"SANTA CLARA","SAN JOSE",-121.84454345703125,37.345428466796875
92171839,2023,2023-09-18,9340,2023-03-24,1640,023020,,5,2,9,4300,0,3,5,,2,070,"MOORPARK AVE","GINGER LN",50.00,W,N,A,-,N,,,,,,,,,,Y,1,1,0,1,A,-,08,22107,,N,E,8,A,A,H,-,A,A,0,,,,,Y,,A,01,0,0,0,0,0,0,0,0,0,"- ","- ",37.316020965576172,-121.93628692626953,"SANTA CLARA",UNINCORPORATED,-121.93624114990234,37.316108703613281
92175314,2023,2023-09-20,9340,2023-09-12,1030,022668,,2,1,7,4313,0,1,1,,2,282,"I-280 S/B","WINCHESTER BLVD",1454.00,N,N,A,-,Y,SCL,,280," "," ",4.836,H,,L,N,2,0,1,1,A,-,03,22350,,N,F,A,A,A,H,-,A,D,0,,,Y,,Y,,C,02,1,0,0,0,0,0,0,0,1,"- ","- ",37.3165283203125,-121.95533752441406,"SANTA CLARA","SAN JOSE",-121.95533752441406,37.316493988037109
92189072,2023,2023-10-03,9340,2023-09-21,1530,023469,,4,2,6,4316,0,1,3,,2,220,"SR-237 E/B",US-101,824.00,W,N,A,-,Y,SCL,,237," "," ",2.300,H,,R,Y,2,0,2,3,A,-,03,22350,,M,B,C,A,A,H,-,A,D,0,,,Y,,Y,,-,99,2,0,0,0,0,0,0,0,1,"- ","- ",37.399311065673828,-122.03839111328125,"SANTA CLARA",SUNNYVALE,-122.03837585449219,37.399288177490234
9219161,2021,2021-03-10,4313,2021-01-23,2048,4478,V,6,5,7,4313,0,0,0,,0,001,"COLEMAN AV","ASBURY ST",0.00,,Y,B,-,N,,,,,,,,,,Y,2,0,1,2,A,-,03,22350,,N,C,E,A,A,H,-,C,D,0,,,,,Y,Y,-,,1,0,0,0,0,0,0,0,0,"- ","- ",,,"SANTA CLARA","SAN JOSE",-121.91191864013672,37.343269348144531
9221020,2021,2021-03-25,4313,2021-02-05,1810,4875,X1,5,5,7,4313,0,0,0,,0,,"BRANHAM LN","HOLYCON CL",0.00,,Y,A,-,N,,,,,,,,,,Y,2,0,3,3,A,-,03,22350,,N,C,C,A,A,H,-,C,D,0,,Y,,,Y,,-,"- ",1,1,1,0,0,0,1,0,0,"- ","- ",,,"SANTA CLARA","SAN JOSE",-121.83744,37.266030000000001
92221679,2023,2023-10-27,9340,2023-10-19,1450,022681,,4,2,7,4313,0,1,2,,2,110,"US-101 S/B","YERBA BUENA RD",1250.00,N,N,A,-,Y,SCL,,101," "," ",31.239,H,,L,N,2,0,2,1,A,-,08,22107,,N,E,I,A,A,H,-,A,D,0,,,,,Y,,A,01,1,0,1,0,0,0,0,0,0,"- ","- ",37.297901153564453,-121.81169128417969,"SANTA CLARA","SAN JOSE",-121.81183624267578,37.297817230224609
92244920,2023,2023-11-27,9340,2023-10-29,"7   ",023174,,7,3,7,4313,0,1,1,,2,088,"I-880 N/B","FOREST AVE",257.00,N,N,A,-,Y,SCL,,880," "," ",0.733,H,,R,Y,2,0,5,6,A,-,01,23153,A,N,C,C,E,A,H,-,D,D,0,Y,,,,Y,Y,A,01,3,2,0,0,4,0,0,0,0,"- ","- ",37.327960968017578,-121.94064331054688,"SANTA CLARA","SAN JOSE",-121.94072723388672,37.327957153320312
92246408,2023,2023-11-28,9340,2023-11-04,"5   ",023222,,6,3,7,4313,0,1,2,,2,110,"US-101 N/B TO I-680 / I-280","STORY RD",390.00,S,N,A,-,Y,,,,,,,,,,Y,2,0,2,4,A,-,01,23152,A,N,B,C,A,A,H,-,D,D,0,,,,,Y,Y,A,01,1,1,0,0,0,0,0,0,0,"- ","- ",37.335029602050781,-121.84673309326172,"SANTA CLARA","SAN JOSE",-121.84673309326172,37.335029602050781