CASE_ID,ACCIDENT_YEAR,PROC_DATE,JURIS,COLLISION_DATE,COLLISION_TIME,OFFICER_ID,REPORTING_DISTRICT,DAY_OF_WEEK,CHP_SHIFT,POPULATION,CNTY_CITY_LOC,SPECIAL_COND,BEAT_TYPE,CHP_BEAT_TYPE,CITY_DIVISION_LAPD,CHP_BEAT_CLASS,BEAT_NUMBER,PRIMARY_RD,SECONDARY_RD,DISTANCE,DIRECTION,INTERSECTION,WEATHER_1,WEATHER_2,STATE_HWY_IND,CALTRANS_COUNTY,CALTRANS_DISTRICT,STATE_ROUTE,ROUTE_SUFFIX,POSTMILE_PREFIX,POSTMILE,LOCATION_TYPE,RAMP_INTERSECTION,SIDE_OF_HWY,TOW_AWAY,COLLISION_SEVERITY,NUMBER_KILLED,NUMBER_INJURED,PARTY_COUNT,PRIMARY_COLL_FACTOR,PCF_CODE_OF_VIOL,PCF_VIOL_CATEGORY,PCF_VIOLATION,PCF_VIOL_SUBSECTION,HIT_AND_RUN,TYPE_OF_COLLISION,MVIW,PED_ACTION,ROAD_SURFACE,ROAD_COND_1,ROAD_COND_2,LIGHTING,CONTROL_DEVICE,CHP_ROAD_TYPE,PEDESTRIAN_ACCIDENT,BICYCLE_ACCIDENT,MOTORCYCLE_ACCIDENT,TRUCK_ACCIDENT,NOT_PRIVATE_PROPERTY,ALCOHOL_INVOLVED,STWD_VEHTYPE_AT_FAULT,CHP_VEHTYPE_AT_FAULT,COUNT_SEVERE_INJ,COUNT_VISIBLE_INJ,COUNT_COMPLAINT_PAIN,COUNT_PED_KILLED,COUNT_PED_INJURED,COUNT_BICYCLIST_KILLED,COUNT_BICYCLIST_INJURED,COUNT_MC_KILLED,COUNT_MC_INJURED,PRIMARY_RAMP,SECONDARY_RAMP,LATITUDE,LONGITUDE,COUNTY,CITY,POINT_X,POINT_Y
94748192,2025,2025-07-07,9340,2025-06-22,"115 ",024393,,7,3,9,4300,0,1,3,,2,172,"SR-17 N/B TO I-280 S/B",SR-17,291.00,S,N,A,-,Y,,,,,,,,,,Y,2,0,1,1,A,-,01,23152,A,N,E,I,A,A,H,-,D,D,0,,,,,Y,Y,A,01,1,0,0,0,0,0,0,0,0,"- ","- ",37.317008972167969,-121.93892669677734,"SANTA CLARA",UNINCORPORATED,,
9478447,2022,2022-08-18,4313,2022-07-17,0001,4961,ROBER,7,5,7,4313,0,0,0,,0,0R3,"BROKAW RD","RT 880",0.00,,Y,A,-,Y,SCL,4,880,-,-,5.221,R,4,S,Y,2,0,5,2,A,-,12,22450,,N,D,C,A,A,H,-,C,A,0,,,,,Y,Y,-,,1,2,2,0,0,0,0,0,0,"- ","- ",,,"SANTA CLARA","SAN JOSE",-121.90408325195312,37.380397796630859
9497114,2022,2022-09-15,4313,2022-08-30,0359,4790,LINCO,2,5,7,4313,0,0,0,,0,0L5,"E CAPITOL EXPWY","SENTER RD",0.00,,N,A,-,N,,,,,,,,,,N,2,0,1,2,A,-,11,21955,,N,A,B,D,A,H,-,D,A,0,Y,,,,Y,,N,60,1,0,0,0,1,0,0,0,0,"- ","- ",,,"SANTA CLARA","SAN JOSE",-121.83335876464844,37.293460845947266
9504104,2022,2022-10-25,4304,2022-09-12,2054,203,4304,1,5,4,4304,0,0,0,,0,003,"WREN AV","EL CERRITO WY",150.00,S,N,A,-,N,,,,,,,,,,N,1,1,0,2,D,-,00,,,F,G,B,D,A,H,-,C,D,0,Y,,,,Y,,-,"- ",0,0,0,1,0,0,0,0,0,"- ","- ",,,"SANTA CLARA",GILROY,-121.58673858642578,37.014949798583984
9504934,2022,2022-11-08,4313,2022-10-22,0100,4984,FOOTH,6,5,7,4313,0,0,0,,0,0M2,"JOSE FIGUERES AV","AMSTEL CT",77.00,N,N,A,-,N,,,,,,,,,,Y,2,0,1,3,A,-,01,23152,A,N,E,E,A,A,H,-,D,D,0,,,,,Y,Y,-,,1,0,0,0,0,0,0,0,0,"- ","- ",,,"SANTA CLARA","SAN JOSE",-121.85052490234375,37.361095428466797
9505902,2022,2022-11-22,4313,2022-10-24,2318,3933,DT,1,5,7,4313,0,0,0,,0,0T3,"ALMADEN EXPWY","CURTNER AV",0.00,,N,A,-,N,,,,,,,,,,Y,2,0,1,1,A,-,08,22107,,N,-,-,A,A,B,-,D,-,0,,,,,Y,,-,,1,0,0,0,0,0,0,0,0,"- ","- ",37.173839569091797,-121.52362060546875,"SANTA CLARA","SAN JOSE",-121.87725067138672,37.29248046875
9514268,2023,2024-03-01,4311,2023-12-21,"756 ",55788,5319,4,5,5,4311,0,0,0,,0,MV1,"EL CAMINO REAL","EHRHORN AV",0.00,,Y,B,-,Y,SCL,4,82,-,-,19.532,I,6,N,N,2,0,1,2,A,-,09,21801,A,N,H,G,A,A,H,-,A,D,0,,Y,,,Y,,-,,1,0,0,0,0,0,1,0,0,"- ","- ",,,"SANTA CLARA","MOUNTAIN VIEW",-122.07860565185547,37.383228302001953
9520134,2021,2022-12-19,4313,2021-06-10,2258,4888,XRAY,4,5,7,4313,0,0,0,,0,0X1,"SNELL AV","THE WOODS DR",500.00,S,N,A,-,N,,,,,,,,,,Y,1,1,1,2,A,-,03,22350,,N,B,D,A,A,H,-,C,A,0,,,,,Y,,A,01,0,0,1,0,0,0,0,0,0,"- ","- ",,,"SANTA CLARA","SAN JOSE",-121.83875274658203,37.274177551269531
9520138,2021,2023-06-20,4313,2021-08-22,0054,4809,PAUL,7,5,7,4313,0,0,0,,0,001,"RIGOLETTO DR","BRAHMS AV",0.00,,N,B,-,N,,,,,,,,,,N,1,1,0,2,A,-,12,22450,,N,A,B,B,A,H,-,D,D,0,Y,,,,Y,Y,N,60,0,0,0,1,0,0,0,0,0,"- ","- ",,,"SANTA CLARA","SAN JOSE",-121.81873321533203,37.320838928222656
9520139,2021,2023-06-20,4313,2021-07-14,2250,4925,TOM,3,5,7,4313,0,0,0,,0,005,"FOXWORTHY AV","RUBINO DR",0.00,,Y,A,-,N,,,,,,,,,,Y,1,1,0,1,A,-,01,23152,G,N,H,I,A,A,H,-,C,A,0,,,Y,,Y,Y,C,02,0,0,0,0,0,0,0,1,0,"- ","- ",,,"SANTA CLARA","SAN JOSE",-121.87445831298828,37.278018951416016
9520140,2021,2023-06-20,4313,2021-07-23,0139,4790,WEST,5,5,7,4313,0,0,0,,0,0L5,"TULLY RD","LA RAGIONE AV",0.00,,Y,A,-,N,,,,,,,,,,N,1,1,0,2,A,-,11,21954,A,N,H,B,D,A,H,-,E,D,0,Y,,,,Y,Y,N,60,0,0,0,1,0,0,0,0,0,"- ","- ",,,"SANTA CLARA","SAN JOSE",-121.84493255615234,37.309841156005859
9520147,2021,2022-12-20,4313,2021-11-05,1013,4734,YELLO,5,5,7,4313,0,0,0,,0,005,"BAILEY AV","MONTEREY RD",0.00,,N,B,-,N,,,,,,,,,,Y,1,2,1,2,A,-,05,21460,,N,A,C,A,A,H,-,A,D,0,,,,,Y,Y,D,22,0,1,0,0,0,0,0,0,0,"- ","- ",,,"SANTA CLARA","SAN JOSE",-121.72923278808594,37.206703186035156
9526588,2023,2023-02-24,4313,2023-01-28,"258 ",4886,FOOTH,6,5,7,4313,0,0,0,,0,,"NORTH KING RD","LAS PLUMAS",24.00,S,N,A,-,N,,,,,,,,,,Y,2,0,1,2,A,-,12,21453,A,F,D,C,A,A,H,-,C,A,0,,,,,Y,Y,-,,1,0,0,0,0,0,0,0,0,"- ","- ",37.214488983154297,-121.51547241210938,"SANTA CLARA","SAN JOSE",-121.86512756347656,37.362419128417969
9526590,2023,2023-02-22,4313,2023-01-18,1840,5089,DX,3,5,7,4313,0,0,0,,0,0X5,"MONTERES RD","ROEDER RD",0.00,,Y,A,-,N,,,,,,,,,,Y,2,0,1,2,A,-,09,21801,A,N,C,C,A,A,H,-,C,A,0,,,,,Y,Y,-,,1,0,0,0,0,0,0,0,0,"- ","- ",37.153690338134766,-121.48367309570312,"SANTA CLARA","SAN JOSE",-121.81004333496094,37.260334014892578
9526605,2022,2023-02-23,4304,2022-12-11,1745,237,4304,7,5,4,4304,0,0,0,,0,001,"10TH ST","AUTOMALL PKWY",200.00,W,N,C,-,N,,,,,,,,,,N,2,0,1,2,A,-,11,21955,,N,G,B,D,B,H,-,C,D,0,Y,,,,Y,,N,60,1,0,0,0,1,0,0,0,0,"- ","- ",,,"SANTA CLARA",GILROY,-121.56131744384766,37.001579284667969
9534967,2022,2023-02-01,4313,2022-12-25,1226,4813,DC,7,5,7,4313,0,0,0,,0,0C1,"SOUTH KING RD","STORY RD",0.00,,Y,A,-,N,,,,,,,,,,Y,2,0,2,2,A,-,12,21453,A,N,D,C,A,A,-,-,A,A,0,,,,,Y,,-,,1,0,1,0,0,0,0,0,0,"- ","- ",,,"SANTA CLARA","SAN JOSE",-121.84323120117188,37.339939117431641
9534974,2022,2023-02-01,4313,2022-12-28,2340,5038,ADAM,3,5,7,4313,0,0,0,,0,0A3,"BLOSSOM HILL RD","WINFIELD BL",0.00,,Y,C,-,N,,,,,,,,,,Y,2,0,1,1,A,-,03,22350,,N,E,A,A,B,H,-,C,A,0,,,,,Y,Y,-,,1,0,0,0,0,0,0,0,0,"- ","- ",,,"SANTA CLARA","SAN JOSE",-121.86653137207031,37.250316619873047
9538150,2022,2023-01-26,4313,2022-11-11,0630,4752,FRANK,5,5,7,4313,0,0,0,,0,0F5,"RACE ST","AUZERAIS AV",6.00,W,N,A,-,N,,,,,,,,,,Y,2,0,1,2,B,-,22,,,N,C,E,A,A,H,-,A,D,0,,,,,Y,,-,,1,0,0,0,0,0,0,0,0,"- ","- ",37.191509246826172,-121.54405212402344,"SANTA CLARA","SAN JOSE",-121.91123199462891,37.320888519287109
9538175,2022,2023-03-08,4313,2022-11-28,1712,4082,FOOTH,1,5,7,4313,0,0,0,,0,0M3,"ALUM ROCK AV","KING RD",0.00,,-,A,-,N,,,,,,,,,,N,2,0,1,2,D,-,00,,,N,B,G,A,A,H,-,C,A,0,,Y,,,Y,,-,"- ",1,0,0,0,0,0,1,0,0,"- ","- ",,,"SANTA CLARA","SAN JOSE",-121.85553741455078,37.352790832519531
9539722,2022,2023-02-07,4310,2022-12-11,2225,294,43635,7,5,4,4310,0,0,0,,0,003,"MONTEREY RD","E 3RD ST",0.00,,Y,C,-,N,,,,,,,,,,N,2,0,1,2,A,-,11,21950,B,N,G,B,B,B,H,-,C,A,0,Y,,,,Y,Y,N,60,1,0,0,0,1,0,0,0,0,"- ","- ",37.121669769287109,-121.65931701660156,"SANTA CLARA","MORGAN HILL",-121.65236663818359,37.127998352050781
9542678,2022,2023-01-20,4313,2022-10-28,0407,4875,VICTO,5,5,7,4313,0,0,0,,0,0V2,"13TH ST","TAYLOR ST",0.00,,Y,A,-,N,,,,,,,,,,Y,2,0,3,2,A,-,12,21453,A,N,D,C,A,A,H,-,C,D,0,,,,,Y,Y,A,01,1,0,2,0,0,0,0,0,0,"- ","- ",,,"SANTA CLARA","SAN JOSE",-121.88776397705078,37.355014801025391
9542860,2022,2023-01-20,4313,2022-11-17,1024,4667,NORA,4,5,7,4313,0,0,0,,0,005,"SOUTH WINCHESTER BL","DRIFTWOOD DR",0.00,,Y,A,-,N,,,,,,,,,,N,2,0,1,2,A,-,11,21955,,N,G,B,D,A,D,-,A,D,0,Y,,,,Y,,N,60,1,0,0,0,1,0,0,0,0,"- ","- ",,,"SANTA CLARA","SAN JOSE",-121.94985198974609,37.298458099365234
9544448,2023,2023-03-01,4313,2023-01-19,1714,4429,SAM,4,5,7,4313,0,0,0,,0,002,"WILLOWHAVEN DR","MCKINLEY AV",0.00,,Y,A,-,N,,,,,,,,,,N,2,0,1,2,A,-,08,22107,,N,-,B,B,A,H,-,A,D,0,Y,,,,Y,Y,-,,1,0,0,0,1,0,0,0,0,"- ","- ",,,"SANTA CLARA","SAN JOSE",-121.91763305664062,37.307132720947266
9551979,2023,2023-09-07,4313,2023-02-14,2026,4653,SOUTH,2,5,7,4313,0,0,0,,0,0X2,"SENTER RD","BUCKEYE DR",0.00,,Y,A,-,N,,,,,,,,,,Y,2,0,1,2,A,-,11,21955,,N,G,B,D,A,H,-,C,D,0,Y,,,,Y,Y,N,60,1,0,0,0,1,0,0,0,0,"- ","- ",,,"SANTA CLARA","SAN JOSE",-121.82747650146484,37.287349700927734
9554097,2023,2023-03-17,4313,2023-02-13,1117,4591,NORA,1,5,7,4313,0,0,0,,0,006,"HAMILTON AV","CAMPBELL AV",0.00,,Y,A,-,N,,,,,,,,,,N,2,0,1,2,A,-,00,21954,,N,A,B,D,A,H,-,A,B,0,Y,,,,Y,,-,"- ",1,0,0,0,1,0,0,0,0,"- ","- ",37.172389984130859,-121.59217834472656,"SANTA CLARA","SAN JOSE",-121.99040222167969,37.290267944335938
9554198,2023,2023-03-25,4313,2023-02-20,1813,4900,TOM,1,5,7,4313,0,0,0,,0,002,"CAMDEN AV","HILLSDALE AV",0.00,,Y,A,-,N,,,,,,,,,,N,2,0,1,2,A,-,11,21950,B,N,D,G,A,A,H,-,C,-,0,,Y,,,Y,,L,04,1,0,0,0,0,0,1,0,0,"- ","- ",,,"SANTA CLARA","SAN JOSE",-121.92079925537109,37.261978149414062
9556182,2023,2023-05-06,4310,2023-03-04,"950 ",289,43635,6,5,4,4310,0,0,0,,0,002,"CONDIT RD","DIANA AV",0.00,,Y,A,-,N,,,,,,,,,,N,2,0,2,2,A,-,12,22450,A,N,D,C,A,A,H,-,A,A,0,,,,,Y,,A,01,1,0,1,0,0,0,0,0,0,"- ","- ",37.138401031494141,-121.63440704345703,"SANTA CLARA","MORGAN HILL",-121.63436889648438,37.138301849365234
9558894,2023,2023-06-02,4313,2023-03-13,1944,4269,KING,1,5,7,4313,0,0,0,,0,003,"S 16TH ST","E SAN ANTONIO ST",0.00,,Y,A,-,N,,,,,,,,,,N,2,0,1,2,A,-,12,22450,A,N,D,G,A,A,H,-,A,D,0,,Y,,,Y,,L,04,1,0,0,0,0,0,1,0,0,"- ","- ",,,"SANTA CLARA","SAN JOSE",-121.87287902832031,37.340171813964844
9560118,2023,2023-03-20,4313,2023-03-03,"254 ",4956,ROBER,5,5,7,4313,0,0,0,,0,0R1,"BERRYESSA RD","MERCADO WY",0.00,,Y,A,-,N,,,,,,,,,,Y,2,0,1,1,A,-,01,23152,,N,F,-,A,A,H,-,C,D,0,,,,,Y,Y,A,07,1,0,0,0,0,0,0,0,0,"- ","- ",37.226181030273438,-121.52494049072266,"SANTA CLARA","SAN JOSE",-121.88035583496094,37.368431091308594
9561881,2023,2023-04-28,4313,2023-03-18,"100 ",5064,FRANK,6,5,7,4313,0,0,0,,0,004,"PARK AV","LAUREL GROVE LN",0.00,,-,A,-,N,,,,,,,,,,N,2,0,1,2,A,-,17,21208,,F,G,G,A,A,H,-,C,D,0,,Y,,,Y,,L,04,1,0,0,0,0,0,1,0,0,"- ","- ",37.19342041015625,-121.54174041748047,"SANTA CLARA","SAN JOSE",-121.90476989746094,37.326202392578125
9568219,2023,2023-05-08,4311,2023-04-08,"242 ",57193,5407,6,5,5,4311,0,0,0,,0,MV1,"CASTRO ST","EL CAMINO REAL",0.00,,Y,A,-,Y,SCL,4,82,-,-,19.870,I,5,N,N,2,0,2,2,A,-,01,23153,A,N,D,C,A,A,H,-,C,A,0,,,,,Y,Y,-,,1,1,0,0,0,0,0,0,0,"- ","- ",,,"SANTA CLARA","MOUNTAIN VIEW",-122.08387756347656,37.385822296142578
9576608,2023,2023-08-09,4311,2023-07-02,"955 ",57070,5404,7,5,5,4311,0,0,0,,0,MV1,"EL CAMINO REAL","RT 85",0.00,,Y,A,-,Y,SCL,4,82,-,-,18.720,H,-,S,N,2,0,1,2,A,-,08,22107,,F,B,G,A,A,H,-,A,D,0,,Y,,,Y,,A,01,1,0,0,0,0,0,1,0,0,"- ",NF,,,"SANTA CLARA","MOUNTAIN VIEW",-122.06575775146484,37.377395629882812
9577100,2023,2023-05-19,4311,2023-04-25,2050,56577,5342,2,5,5,4311,0,0,0,,0,MV4,"SHORELINE BL","MONTECITO AV",0.00,,Y,A,-,N,,,,,,,,,,N,2,0,1,2,A,-,08,22107,,N,G,B,B,A,H,-,C,A,0,Y,,,,Y,,A,01,1,0,0,0,1,0,0,0,0,"- ","- ",,,"SANTA CLARA","MOUNTAIN VIEW",-122.07877349853516,37.401748657226562
9579000,2023,2023-05-19,4313,2023-04-08,"326 ",5032,YELLO,6,5,7,4313,0,0,0,,0,005,"METCALF RD","MALECH RD",0.00,,Y,A,-,N,,,,,,,,,,Y,2,0,1,2,D,-,00,,,F,H,C,A,A,H,-,D,A,0,,,,,Y,,-,"- ",1,0,0,0,0,0,0,0,0,"- ","- ",,,"SANTA CLARA","SAN JOSE",-121.74681091308594,37.230308532714844
9592425,2023,2023-07-21,4313,2023-06-09,1759,5134,FOOTH,5,5,7,4313,0,0,0,,0,0P2,"TULLY RD","GLEN ANGUS WY",75.00,E,N,A,-,N,,,,,,,,,,Y,2,0,1,1,A,-,03,22350,,N,E,I,A,A,H,-,A,D,0,,,,,Y,,-,,1,0,0,0,0,0,0,0,0,"- ","- ",,,"SANTA CLARA","SAN JOSE",-121.8035888671875,37.334026336669922
9592470,2023,2023-07-24,4313,2023-06-15,2238,4895,ROBER,4,5,7,4313,0,0,0,,0,001,"E TRIMBLE RD","MONTAGUE EXPWY",0.00,,Y,A,-,N,,,,,,,,,,Y,2,0,1,1,A,-,03,22350,,N,E,I,A,A,H,-,C,D,0,,,Y,,Y,,C,02,1,0,0,0,0,0,0,0,1,"- ","- ",,,"SANTA CLARA","SAN JOSE",-121.91950225830078,37.393318176269531
9593863,2023,2023-07-17,4313,2023-06-05,1755,3906,SOUTH,1,5,7,4313,0,0,0,,0,0Y2,"BLOSSOM HILL RD","INDIAN AV",109.00,N,N,A,-,N,,,,,,,,,,N,2,0,1,1,A,-,03,22350,,N,E,J,A,A,A,-,A,D,0,,,Y,,Y,,C,02,1,0,0,0,0,0,0,0,1,"- ","- ",,,"SANTA CLARA","SAN JOSE",-121.84120178222656,37.250568389892578
9595925,2023,2023-07-14,4313,2023-07-01,2228,4927,KING,6,5,7,4313,0,0,0,,0,004,"SANTA CLARA ST","19TH ST",200.00,W,N,A,-,N,,,,,,,,,,N,2,0,1,2,A,-,07,21658,A,N,G,G,A,A,H,-,C,D,0,,Y,,,Y,,L,04,1,0,0,0,0,0,1,0,0,"- ","- ",,,"SANTA CLARA","SAN JOSE",-121.87312316894531,37.344459533691406
9595984,2023,2023-08-02,4313,2023-07-17,2101,4834,FOOTH,1,5,7,4313,0,0,0,,0,0P4,"QUIMBY RD","E CAPITOL EXPWY",0.00,,Y,A,-,N,,,,,,,,,,Y,2,0,3,2,A,-,09,21806,,N,D,C,A,A,H,-,C,A,0,,,,,Y,,A,01,1,1,1,0,0,0,0,0,0,"- ","- ",,,"SANTA CLARA","SAN JOSE",-121.80857849121094,37.323883056640625
9604571,2023,2023-10-23,4313,2023-09-07,"700 ",4253,DK,4,5,7,4313,0,0,0,,0,0K5,"E WILLIAM ST","23RD ST",0.00,,Y,A,-,N,,,,,,,,,,Y,2,0,1,2,A,-,09,21804,A,N,D,C,A,A,H,-,B,D,0,,,Y,,Y,,C,02,1,0,0,0,0,0,0,0,1,"- ","- ",,,"SANTA CLARA","SAN JOSE",-121.86309814453125,37.340839385986328
9605114,2023,2024-02-14,4313,2023-12-15,1750,5030,FRANK,5,5,7,4313,0,0,0,,0,003,"FOREST AV","BELLEROSE AV",40.00,S,N,A,-,N,,,,,,,,,,Y,2,0,3,3,A,-,12,22450,A,F,D,C,A,A,H,-,D,A,0,,,,,Y,,-,,1,0,2,0,0,0,0,0,0,"- ","- ",,,"SANTA CLARA","SAN JOSE",-121.93598937988281,37.327060699462891
9605191,2023,2024-01-16,4313,2023-11-21,1535,4553,ADAM,2,5,7,4313,0,0,0,,0,003,"BLOSSOM HILL RD","SANCHEZ DR",0.00,,Y,A,-,N,,,,,,,,,,N,2,0,1,2,A,-,09,21804,A,F,B,G,A,A,H,-,A,A,0,,Y,,,Y,Y,-,,1,0,0,0,0,0,1,0,0,"- ","- ",,,"SANTA CLARA","SAN JOSE",-121.87138366699219,37.250514984130859
9605988,2023,2023-09-06,4311,2023-07-22,1441,57070,,6,5,5,4311,0,0,0,,0,MV3,"RENGSTORFF AV","MONTECITO AV",97.00,N,N,A,-,N,,,,,,,,,,Y,2,0,8,3,C,-,18,,,N,A,C,A,A,H,-,A,A,0,,,,,Y,,-,"- ",1,3,4,0,0,0,0,0,0,"- ","- ",37.406978607177734,-122.09513092041016,"SANTA CLARA","MOUNTAIN VIEW",-122.09505462646484,37.407192230224609
9607051,2023,2023-09-08,4304,2023-07-20,1640,236,4304,4,5,4,4304,0,0,0,,0,003,"KERN AV","BUTTERCUP LN",236.00,N,N,A,-,N,,,,,,,,,,N,2,0,1,2,A,-,11,21954,A,N,G,B,D,A,H,-,A,D,0,Y,,,,Y,,N,60,1,0,0,0,1,0,0,0,0,"- ","- ",,,"SANTA CLARA",GILROY,-121.59157562255859,37.016006469726562
9618599,2023,2024-01-10,4313,2023-11-05,"120 ",4882,,7,5,7,4313,0,0,0,,0,004,"MONTEREY RD","OLD TULLY RD",0.00,,Y,A,-,N,,,,,,,,,,N,2,0,1,2,A,-,11,21954,A,F,G,B,E,A,H,-,A,A,0,Y,,,,Y,,N,60,1,0,0,0,1,0,0,0,0,"- ","- ",,,"SANTA CLARA","SAN JOSE",-121.85839080810547,37.300689697265625
9619666,2023,2024-01-09,4313,2023-11-25,1609,4929,DISTR,6,5,7,4313,0,0,0,,0,0A4,"BLOSSOM HILL RD","AYRSHIRE DR",0.00,,Y,A,-,N,,,,,,,,,,Y,2,0,2,2,A,-,12,21453,A,N,D,C,A,A,H,-,A,A,0,,,,,Y,,-,,1,0,1,0,0,0,0,0,0,"- ","- ",37.145431518554688,-121.52568817138672,"SANTA CLARA","SAN JOSE",-121.88249969482422,37.248489379882812
9621291,2023,2023-12-11,4311,2023-10-16,1816,55861,5343,1,5,5,4311,0,0,0,,0,MV4,"MOFFETT BL","RT 280",315.00,S,N,A,-,N,,,,,,,,,,N,2,0,1,2,A,-,03,22350,,N,C,G,A,A,H,-,A,D,0,,Y,,,Y,,A,01,1,0,0,0,0,0,1,0,0,"- ","- ",,,"SANTA CLARA","MOUNTAIN VIEW",,
9622696,2023,2023-11-06,4313,2023-09-23,1847,4949,NORA,6,5,7,4313,0,0,0,,0,0N6,"HEATHER GLEN DR","CAMPBELL AV",0.00,,Y,A,-,N,,,,,,,,,,Y,2,0,2,2,A,-,09,21802,A,N,D,C,A,A,H,-,A,A,0,,,,,Y,,-,,1,0,1,0,0,0,0,0,0,"- ","- ",,,"SANTA CLARA","SAN JOSE",-121.98528289794922,37.286693572998047
9624165,2022,2023-11-07,4313,2022-06-28,1145,4682,SOUTH,2,5,7,4313,0,0,0,,0,0Y4,"SANTA TERESA BL","SAN IGNACIO AV",0.00,,Y,A,-,N,,,,,,,,,,Y,1,1,0,1,A,-,08,22107,,N,A,I,A,A,H,-,A,-,0,,,,,Y,,A,01,0,0,0,0,0,0,0,0,0,"- ","- ",,,"SANTA CLARA","SAN JOSE",-121.78717803955078,37.232944488525391
9624217,2022,2023-11-06,4313,2022-01-14,0828,4630,YELLO,5,5,7,4313,0,0,0,,0,002,"COMANCHE DR","CALERO AV",0.00,,Y,A,-,N,,,,,,,,,,N,1,1,0,2,A,-,10,21950,,N,G,B,B,A,H,-,A,D,0,Y,,,,Y,,-,,0,0,0,1,0,0,0,0,0,"- ","- ",,,"SANTA CLARA","SAN JOSE",-121.83524322509766,37.242214202880859
9630734,2023,2023-11-27,4304,2023-10-03,2004,236,4304,2,5,4,4304,0,0,0,,0,004,"MURRAY AV","IOOF AV",27.00,S,N,A,-,N,,,,,,,,,,Y,2,0,1,4,A,-,05,21460,A,N,A,E,A,A,H,-,A,A,0,,,,,Y,,D,22,1,0,0,0,0,0,0,0,0,"- ","- ",,,"SANTA CLARA",GILROY,-121.56543731689453,37.015129089355469
9631100,2023,2024-02-28,4304,2023-08-30,1557,203,4304,3,5,4,4304,0,0,0,,0,001,"10TH ST","EIGLEBERRY ST",0.00,,Y,A,-,N,,,,,,,,,,Y,1,1,0,2,A,-,09,21804,A,N,D,C,A,A,H,-,A,D,0,,,,,Y,,A,01,0,0,0,0,0,0,0,0,0,"- ","- ",,,"SANTA CLARA",GILROY,-121.56699371337891,36.999973297119141
9633069,2023,2023-11-28,4300,2023-04-04,1029,2184,S9,2,5,4,4315,0,0,0,,0,74S2,"TEN ACRES CT","TEN ACRES RD",194.00,N,N,A,-,N,,,,,,,,,,Y,2,0,1,3,A,-,08,22107,,N,B,E,A,A,H,-,A,D,0,,,Y,,Y,,C,02,1,0,0,0,0,0,0,0,1,"- ","- ",37.261451721191406,-122.00315856933594,"SANTA CLARA",SARATOGA,-122.0032958984375,37.261920928955078
9636584,2023,2023-11-20,4300,2023-09-02,1001,2095,L4,6,5,2,4306,0,0,0,,0,74C5,"ALTAMONT RD","ALTAMONT LN",403.00,E,N,B,-,N,,,,,,,,,,N,2,0,1,1,C,-,18,,,N,H,A,A,A,H,-,A,D,0,,Y,,,Y,,-,"- ",1,0,0,0,0,0,1,0,0,"- ","- ",37.357860565185547,-122.14631652832031,"SANTA CLARA","LOS ALTOS HILLS",-122.14503479003906,37.357894897460938
9640554,2023,2024-06-28,4313,2023-02-06,"700 ",3606,FOOTH,1,5,7,4313,0,0,0,,0,0M4,"SOUTH JACKSON AV","RT 680",0.00,,Y,A,-,Y,SCL,4,680,-,M,0.981,R,4,S,Y,1,1,0,2,A,-,10,21950,A,N,G,B,B,A,H,-,B,D,0,Y,,,,Y,,A,01,0,0,0,1,0,0,0,0,0,"- ","- ",,,"SANTA CLARA","SAN JOSE",-121.83925628662109,37.349460601806641
9640586,2022,2024-06-12,4313,2022-09-16,0803,4667,NORA,5,5,7,4313,0,0,0,,0,005,"CASTLEMONT AV","DRIFTWOOD DR",0.00,,Y,A,-,N,,,,,,,,,,Y,1,1,1,3,A,-,10,21950,,N,G,B,B,A,H,-,A,D,0,Y,,,,Y,,A,07,1,0,0,1,1,0,0,0,0,"- ","- ",,,"SANTA CLARA","SAN JOSE",-121.94806671142578,37.298458099365234
9640588,2022,2024-06-12,4313,2022-10-13,1926,4703,ROBER,4,5,7,4313,0,0,0,,0,0R4,"LUNDY AV","SAJAK AV",0.00,,Y,A,-,N,,,,,,,,,,Y,1,1,0,2,A,-,00,21955,A,N,G,B,D,A,H,-,C,D,0,Y,,,,Y,,N,60,0,0,0,1,0,0,0,0,0,"- ","- ",,,"SANTA CLARA","SAN JOSE",-121.88406372070312,37.38494873046875
9640597,2023,2024-06-24,4312,2023-03-20,1025,804741,89200,1,5,5,4312,0,0,0,,0,PA3,"COMMERCIAL ST","E CHARLESTON RD",0.00,,Y,A,-,N,,,,,,,,,,N,1,1,0,2,A,-,10,21950,A,N,G,B,B,A,H,-,A,D,0,Y,,,,Y,,D,22,0,0,0,1,0,0,0,0,0,"- ","- ",37.421791076660156,-122.10031127929688,"SANTA CLARA","PALO ALTO",-122.10028839111328,37.421783447265625
9640823,2023,2025-06-28,4313,2023-08-27,"827 ",5107,YELLO,7,5,7,4313,0,0,0,,0,0Y2,"AVENIDA ARBOLES","VELASCO DR",0.00,,Y,A,-,N,,,,,,,,,,Y,1,1,0,1,A,-,03,22350,,N,E,I,A,A,H,-,A,D,0,,,,,Y,Y,A,01,0,0,0,0,0,0,0,0,0,"- ","- ",,,"SANTA CLARA","SAN JOSE",-121.84243774414062,37.254970550537109
9641013,2024,2024-10-14,4313,2024-09-26,"954 ",4509,ROBER,4,5,7,4313,0,0,0,,0,003,"E BROKAW RD","N 1ST ST",0.00,,Y,A,-,N,,,,,,,,,,Y,2,0,1,1,C,-,18,,,N,A,I,A,A,H,-,A,D,0,,,,,Y,,-,"- ",1,0,0,0,0,0,0,0,0,"- ","- ",,,"SANTA CLARA","SAN JOSE",-121.91837310791016,37.37322998046875